2026-09-04 21:39:15,290 - 训练开始
2026-09-04 21:39:37,854 - Step 10: ce=10.9335, phys=-0.0008, causal=0.0000, time=-0.0837, norm=0.0834, lr=1.0000e-04
2026-09-04 21:39:58,015 - Step 20: ce=10.5772, phys=-0.0007, causal=0.0000, time=-0.0732, norm=0.0808, lr=2.0000e-04
2026-09-04 21:40:18,263 - Step 30: ce=9.7747, phys=-0.0007, causal=0.0000, time=-0.0732, norm=0.0730, lr=3.0000e-04
2026-09-04 21:40:38,460 - Step 40: ce=8.8263, phys=-0.0008, causal=0.0000, time=-0.0837, norm=0.0834, lr=4.0000e-04
2026-09-04 21:40:58,586 - Step 50: ce=7.6242, phys=-0.0005, causal=0.0000, time=-0.0627, norm=0.1017, lr=5.0000e-04
2026-09-04 21:41:18,618 - Step 60: ce=6.2376, phys=-0.0007, causal=0.0000, time=-0.0732, norm=0.0730, lr=6.0000e-04
2026-09-04 21:41:38,565 - Step 70: ce=5.1154, phys=-0.0007, causal=0.0000, time=-0.0732, norm=0.0730, lr=7.0000e-04
2026-09-04 21:41:58,649 - Step 80: ce=4.5828, phys=-0.0007, causal=0.0000, time=-0.0732, norm=0.0780, lr=8.0000e-04
2026-09-04 21:42:18,688 - Step 90: ce=4.5022, phys=-0.0008, causal=0.0000, time=-0.0837, norm=0.0834, lr=9.0000e-04
2026-09-04 21:42:38,486 - Step 100: ce=4.3454, phys=-0.0009, causal=0.0000, time=-0.0998, norm=0.0826, lr=1.0000e-03
2026-09-04 21:42:58,642 - Step 110: ce=4.5596, phys=-0.0007, causal=0.0000, time=-0.0732, norm=0.0730, lr=9.8889e-04
2026-09-04 21:43:18,557 - Step 120: ce=4.1362, phys=-0.0007, causal=0.0000, time=-0.0732, norm=0.0735, lr=9.7778e-04
2026-09-04 21:43:38,558 - Step 130: ce=4.0170, phys=-0.0008, causal=0.0000, time=-0.0837, norm=0.0834, lr=9.6667e-04
2026-09-04 21:43:58,432 - Step 140: ce=4.9210, phys=-0.0006, causal=0.0000, time=-0.0713, norm=0.0915, lr=9.5556e-04
2026-09-04 21:44:18,402 - Step 150: ce=3.8719, phys=-0.0008, causal=0.0000, time=-0.0837, norm=0.0834, lr=9.4444e-04
2026-09-04 21:44:38,440 - Step 160: ce=3.8434, phys=-0.0004, causal=0.0000, time=-0.0418, norm=0.0642, lr=9.3333e-04
2026-09-04 21:44:58,490 - Step 170: ce=3.8139, phys=-0.0008, causal=0.0000, time=-0.0837, norm=0.0834, lr=9.2222e-04
2026-09-04 21:45:18,647 - Step 180: ce=3.9176, phys=-0.0008, causal=0.0000, time=-0.0837, norm=0.0834, lr=9.1111e-04
2026-09-04 21:45:38,742 - Step 190: ce=3.7450, phys=-0.0008, causal=0.0000, time=-0.0837, norm=0.0834, lr=9.0000e-04
2026-09-04 21:45:58,773 - Step 200: ce=3.6986, phys=-0.0005, causal=0.0000, time=-0.0523, norm=0.0537, lr=8.8889e-04
2026-09-04 21:46:18,674 - Step 210: ce=3.7380, phys=-0.0008, causal=0.0000, time=-0.0837, norm=0.0834, lr=8.7778e-04
2026-09-04 21:46:38,510 - Step 220: ce=3.6005, phys=-0.0006, causal=0.0000, time=-0.0627, norm=0.0626, lr=8.6667e-04
2026-09-04 21:46:58,602 - Step 230: ce=3.6782, phys=-0.0008, causal=0.0000, time=-0.0837, norm=0.0834, lr=8.5556e-04
2026-09-04 21:47:18,622 - Step 240: ce=3.9041, phys=-0.0008, causal=0.0000, time=-0.0837, norm=0.0834, lr=8.4444e-04
2026-09-04 21:47:38,408 - Step 250: ce=3.6043, phys=-0.0007, causal=0.0000, time=-0.0732, norm=0.0783, lr=8.3333e-04
2026-09-04 21:47:58,502 - Step 260: ce=3.4894, phys=-0.0006, causal=0.0000, time=-0.0732, norm=0.0906, lr=8.2222e-04
2026-09-04 21:48:18,518 - Step 270: ce=3.5676, phys=-0.0008, causal=0.0000, time=-0.0837, norm=0.0834, lr=8.1111e-04
2026-09-04 21:48:38,527 - Step 280: ce=3.6488, phys=-0.0006, causal=0.0000, time=-0.0627, norm=0.0629, lr=8.0000e-04
2026-09-04 21:48:58,488 - Step 290: ce=3.5622, phys=-0.0008, causal=0.0000, time=-0.0837, norm=0.0834, lr=7.8889e-04
2026-09-04 21:49:18,625 - Step 300: ce=3.4852, phys=-0.0008, causal=0.0000, time=-0.0837, norm=0.0834, lr=7.7778e-04
2026-09-04 21:49:38,736 - Step 310: ce=3.5027, phys=-0.0008, causal=0.0000, time=-0.0837, norm=0.0834, lr=7.6667e-04
2026-09-04 21:49:58,913 - Step 320: ce=3.4723, phys=-0.0008, causal=0.0000, time=-0.0837, norm=0.0834, lr=7.5556e-04
2026-09-04 21:50:18,955 - Step 330: ce=3.5057, phys=-0.0009, causal=0.0000, time=-0.1018, norm=0.0932, lr=7.4444e-04
2026-09-04 21:50:38,857 - Step 340: ce=3.5124, phys=-0.0008, causal=0.0000, time=-0.0837, norm=0.0834, lr=7.3333e-04
2026-09-04 21:50:58,815 - Step 350: ce=3.4758, phys=-0.0008, causal=0.0000, time=-0.0837, norm=0.0834, lr=7.2222e-04
2026-09-04 21:51:18,812 - Step 360: ce=3.4820, phys=-0.0008, causal=0.0000, time=-0.0837, norm=0.0834, lr=7.1111e-04
2026-09-04 21:51:38,815 - Step 370: ce=3.5136, phys=-0.0008, causal=0.0000, time=-0.0837, norm=0.0834, lr=7.0000e-04
2026-09-04 21:51:58,841 - Step 380: ce=3.4924, phys=-0.0008, causal=0.0000, time=-0.0837, norm=0.0834, lr=6.8889e-04
2026-09-04 21:52:18,886 - Step 390: ce=3.4801, phys=-0.0007, causal=0.0000, time=-0.0732, norm=0.0730, lr=6.7778e-04
2026-09-04 21:52:38,606 - Step 400: ce=3.4445, phys=-0.0006, causal=0.0000, time=-0.0732, norm=0.0959, lr=6.6667e-04
2026-09-04 21:52:58,383 - Step 410: ce=3.4378, phys=-0.0007, causal=0.0000, time=-0.0732, norm=0.0730, lr=6.5556e-04
2026-09-04 21:53:18,181 - Step 420: ce=3.4350, phys=-0.0007, causal=0.0000, time=-0.0732, norm=0.0730, lr=6.4444e-04
2026-09-04 21:53:38,052 - Step 430: ce=3.5026, phys=-0.0008, causal=0.0000, time=-0.0837, norm=0.0834, lr=6.3333e-04
2026-09-04 21:53:58,023 - Step 440: ce=3.3899, phys=-0.0008, causal=0.0000, time=-0.0837, norm=0.0834, lr=6.2222e-04
2026-09-04 21:54:17,939 - Step 450: ce=3.3283, phys=-0.0007, causal=0.0000, time=-0.0732, norm=0.0730, lr=6.1111e-04
2026-09-04 21:54:37,847 - Step 460: ce=3.4400, phys=-0.0008, causal=0.0000, time=-0.0837, norm=0.0834, lr=6.0000e-04
2026-09-04 21:54:57,646 - Step 470: ce=3.4897, phys=-0.0007, causal=0.0000, time=-0.0787, norm=0.0752, lr=5.8889e-04
2026-09-04 21:55:17,244 - Step 480: ce=3.6334, phys=-0.0008, causal=0.0000, time=-0.0837, norm=0.0834, lr=5.7778e-04
2026-09-04 21:55:37,329 - Step 490: ce=3.4584, phys=-0.0008, causal=0.0000, time=-0.0837, norm=0.0834, lr=5.6667e-04
2026-09-04 21:55:57,371 - Step 500: ce=3.3855, phys=-0.0008, causal=0.0000, time=-0.0837, norm=0.0834, lr=5.5556e-04
2026-09-04 22:01:16,887 - Best model saved at step 500 with val loss 3.4326
2026-09-04 22:01:37,296 - Step 510: ce=3.5847, phys=-0.0007, causal=0.0000, time=-0.0803, norm=0.0780, lr=5.4444e-04
2026-09-04 22:01:57,208 - Step 520: ce=3.2595, phys=-0.0008, causal=0.0000, time=-0.0837, norm=0.0834, lr=5.3333e-04
2026-09-04 22:02:17,422 - Step 530: ce=3.3749, phys=-0.0008, causal=0.0000, time=-0.0837, norm=0.0834, lr=5.2222e-04
2026-09-04 22:02:37,208 - Step 540: ce=3.3193, phys=-0.0008, causal=0.0000, time=-0.0837, norm=0.0834, lr=5.1111e-04
2026-09-04 22:02:57,391 - Step 550: ce=3.2512, phys=-0.0006, causal=0.0000, time=-0.0732, norm=0.0935, lr=5.0000e-04
2026-09-04 22:03:17,417 - Step 560: ce=3.5268, phys=-0.0007, causal=0.0000, time=-0.0732, norm=0.0730, lr=4.8889e-04
2026-09-04 22:03:37,334 - Step 570: ce=3.5122, phys=-0.0006, causal=0.0000, time=-0.0634, norm=0.0648, lr=4.7778e-04
2026-09-04 22:03:57,419 - Step 580: ce=3.5167, phys=-0.0008, causal=0.0000, time=-0.0837, norm=0.0834, lr=4.6667e-04
2026-09-04 22:04:17,558 - Step 590: ce=3.3784, phys=-0.0008, causal=0.0000, time=-0.0837, norm=0.0834, lr=4.5556e-04
2026-09-04 22:04:37,392 - Step 600: ce=3.4753, phys=-0.0009, causal=0.0000, time=-0.0933, norm=0.0759, lr=4.4444e-04
2026-09-04 22:04:57,411 - Step 610: ce=3.3368, phys=-0.0008, causal=0.0000, time=-0.0837, norm=0.0834, lr=4.3333e-04
2026-09-04 22:05:17,474 - Step 620: ce=3.3906, phys=-0.0008, causal=0.0000, time=-0.0837, norm=0.0834, lr=4.2222e-04
2026-09-04 22:05:37,426 - Step 630: ce=3.3120, phys=-0.0008, causal=0.0000, time=-0.0837, norm=0.0834, lr=4.1111e-04
2026-09-04 22:05:57,225 - Step 640: ce=3.4386, phys=-0.0008, causal=0.0000, time=-0.0924, norm=0.0789, lr=4.0000e-04
2026-09-04 22:06:17,292 - Step 650: ce=3.7463, phys=-0.0006, causal=0.0000, time=-0.0627, norm=0.0672, lr=3.8889e-04
2026-09-04 22:06:36,922 - Step 660: ce=3.3007, phys=-0.0006, causal=0.0000, time=-0.0627, norm=0.0626, lr=3.7778e-04
2026-09-04 22:06:56,833 - Step 670: ce=3.3550, phys=-0.0008, causal=0.0000, time=-0.0869, norm=0.0809, lr=3.6667e-04
2026-09-04 22:07:16,798 - Step 680: ce=3.3700, phys=-0.0009, causal=0.0000, time=-0.1033, norm=0.0856, lr=3.5556e-04
2026-09-04 22:07:36,497 - Step 690: ce=3.4435, phys=-0.0008, causal=0.0000, time=-0.0837, norm=0.0834, lr=3.4444e-04
2026-09-04 22:07:56,462 - Step 700: ce=3.3309, phys=-0.0008, causal=0.0000, time=-0.0837, norm=0.0834, lr=3.3333e-04
2026-09-04 22:08:16,493 - Step 710: ce=3.3091, phys=-0.0008, causal=0.0000, time=-0.0837, norm=0.0834, lr=3.2222e-04
2026-09-04 22:08:36,447 - Step 720: ce=3.8129, phys=-0.0008, causal=0.0000, time=-0.0837, norm=0.0834, lr=3.1111e-04
2026-09-04 22:08:56,396 - Step 730: ce=3.3245, phys=-0.0008, causal=0.0000, time=-0.0837, norm=0.0834, lr=3.0000e-04
2026-09-04 22:09:16,377 - Step 740: ce=3.3991, phys=-0.0008, causal=0.0000, time=-0.0837, norm=0.0834, lr=2.8889e-04
2026-09-04 22:09:36,473 - Step 750: ce=3.7268, phys=-0.0008, causal=0.0000, time=-0.0837, norm=0.0834, lr=2.7778e-04
2026-09-04 22:09:56,343 - Step 760: ce=3.4696, phys=-0.0009, causal=0.0000, time=-0.1036, norm=0.0860, lr=2.6667e-04
2026-09-04 22:10:16,183 - Step 770: ce=3.4858, phys=-0.0007, causal=0.0000, time=-0.0732, norm=0.0730, lr=2.5556e-04
2026-09-04 22:10:35,778 - Step 780: ce=3.3212, phys=-0.0007, causal=0.0000, time=-0.0732, norm=0.0730, lr=2.4444e-04
2026-09-04 22:10:55,573 - Step 790: ce=3.4370, phys=-0.0007, causal=0.0000, time=-0.0732, norm=0.0780, lr=2.3333e-04
2026-09-04 22:11:15,687 - Step 800: ce=3.2997, phys=-0.0008, causal=0.0000, time=-0.0837, norm=0.0834, lr=2.2222e-04
2026-09-04 22:11:35,596 - Step 810: ce=3.8441, phys=-0.0006, causal=0.0000, time=-0.0732, norm=0.1042, lr=2.1111e-04
2026-09-04 22:11:55,511 - Step 820: ce=3.4778, phys=-0.0008, causal=0.0000, time=-0.0874, norm=0.0771, lr=2.0000e-04
2026-09-04 22:12:15,130 - Step 830: ce=3.5859, phys=-0.0007, causal=0.0000, time=-0.0732, norm=0.0730, lr=1.8889e-04
2026-09-04 22:12:35,094 - Step 840: ce=3.4534, phys=-0.0009, causal=0.0000, time=-0.0955, norm=0.0892, lr=1.7778e-04
2026-09-04 22:12:54,784 - Step 850: ce=3.3991, phys=-0.0008, causal=0.0000, time=-0.0837, norm=0.0834, lr=1.6667e-04
2026-09-04 22:13:14,787 - Step 860: ce=3.4146, phys=-0.0008, causal=0.0000, time=-0.0837, norm=0.0834, lr=1.5556e-04
2026-09-04 22:13:34,761 - Step 870: ce=3.3465, phys=-0.0008, causal=0.0000, time=-0.0837, norm=0.0834, lr=1.4444e-04
2026-09-04 22:13:54,768 - Step 880: ce=3.4394, phys=-0.0005, causal=0.0000, time=-0.0627, norm=0.0860, lr=1.3333e-04
2026-09-04 22:14:14,747 - Step 890: ce=3.3722, phys=-0.0008, causal=0.0000, time=-0.0837, norm=0.0834, lr=1.2222e-04
2026-09-04 22:14:34,803 - Step 900: ce=3.3786, phys=-0.0007, causal=0.0000, time=-0.0732, norm=0.0730, lr=1.1111e-04
2026-09-04 22:14:54,522 - Step 910: ce=3.2680, phys=-0.0008, causal=0.0000, time=-0.0837, norm=0.0834, lr=1.0000e-04
2026-09-04 22:15:14,248 - Step 920: ce=3.3967, phys=-0.0007, causal=0.0000, time=-0.0732, norm=0.0765, lr=8.8889e-05
2026-09-04 22:15:34,175 - Step 930: ce=3.1412, phys=-0.0007, causal=0.0000, time=-0.0732, norm=0.0730, lr=7.7778e-05
2026-09-04 22:15:54,262 - Step 940: ce=3.2816, phys=-0.0007, causal=0.0000, time=-0.0732, norm=0.0730, lr=6.6667e-05
2026-09-04 22:16:14,305 - Step 950: ce=3.3933, phys=-0.0008, causal=0.0000, time=-0.0837, norm=0.0834, lr=5.5556e-05
2026-09-04 22:16:34,083 - Step 960: ce=3.4258, phys=-0.0008, causal=0.0000, time=-0.0837, norm=0.0834, lr=4.4444e-05
2026-09-04 22:16:53,982 - Step 970: ce=3.3195, phys=-0.0008, causal=0.0000, time=-0.0837, norm=0.0834, lr=3.3333e-05
2026-09-04 22:17:14,009 - Step 980: ce=3.2560, phys=-0.0006, causal=0.0000, time=-0.0732, norm=0.0863, lr=2.2222e-05
2026-09-04 22:17:34,243 - Step 990: ce=3.3824, phys=-0.0005, causal=0.0000, time=-0.0605, norm=0.0557, lr=1.1111e-05
2026-09-04 22:17:54,248 - Step 1000: ce=3.3129, phys=-0.0008, causal=0.0000, time=-0.0837, norm=0.0834, lr=0.0000e+00
2026-09-04 22:23:15,866 - Best model saved at step 1000 with val loss 3.3671
2026-09-04 22:23:16,073 - Epoch 1 finished. Avg Loss: 3.9330, Avg CE: 3.9337, Avg Phys: -0.0007
2026-09-05 18:52:50,161 - 训练开始
2026-09-05 20:19:32,137 - 训练开始
2026-09-05 20:19:55,428 - Step 10: ce=10.9509, phys=-0.0008, causal=0.0000, time=-0.0837, norm=0.0834, lr=1.0000e-04
2026-09-05 20:20:16,741 - Step 20: ce=10.6444, phys=-0.0009, causal=0.0000, time=-0.1028, norm=0.0922, lr=2.0000e-04
2026-09-05 20:20:37,677 - Step 30: ce=9.9863, phys=-0.0008, causal=0.0000, time=-0.0837, norm=0.0834, lr=3.0000e-04
2026-09-05 20:20:58,168 - Step 40: ce=8.9430, phys=-0.0006, causal=0.0000, time=-0.0717, norm=0.0915, lr=4.0000e-04
2026-09-05 20:21:19,341 - Step 50: ce=7.5615, phys=0.0015, causal=0.0227, time=-0.0882, norm=0.0718, lr=5.0000e-04
2026-09-05 20:21:40,609 - Step 60: ce=6.4536, phys=-0.0008, causal=0.0000, time=-0.0893, norm=0.0721, lr=6.0000e-04
2026-09-05 20:22:01,110 - Step 70: ce=5.2152, phys=0.0004, causal=0.0118, time=-0.0904, norm=0.0909, lr=7.0000e-04
2026-09-05 20:22:22,082 - Step 80: ce=4.6530, phys=-0.0005, causal=0.0000, time=-0.0595, norm=0.0559, lr=8.0000e-04
2026-09-05 20:22:42,476 - Step 90: ce=4.4491, phys=0.0011, causal=0.0169, time=-0.0678, norm=0.0876, lr=9.0000e-04
2026-09-05 20:23:03,030 - Step 100: ce=4.2574, phys=-0.0005, causal=0.0000, time=-0.0605, norm=0.0704, lr=1.0000e-03
2026-09-05 20:23:23,974 - Step 110: ce=4.2379, phys=-0.0007, causal=0.0000, time=-0.0743, norm=0.0687, lr=9.9980e-04
2026-09-05 20:23:44,797 - Step 120: ce=4.1985, phys=0.0016, causal=0.0232, time=-0.0807, norm=0.0801, lr=9.9960e-04
2026-09-05 20:24:05,430 - Step 130: ce=4.0528, phys=0.0008, causal=0.0160, time=-0.0894, norm=0.0885, lr=9.9940e-04
2026-09-05 20:24:26,093 - Step 140: ce=4.0791, phys=-0.0006, causal=0.0000, time=-0.0628, norm=0.0638, lr=9.9920e-04
2026-09-05 20:24:46,907 - Step 150: ce=3.7588, phys=0.0009, causal=0.0169, time=-0.0862, norm=0.0762, lr=9.9900e-04
2026-09-05 20:25:07,582 - Step 160: ce=3.7634, phys=-0.0002, causal=0.0050, time=-0.0741, norm=0.0808, lr=9.9880e-04
2026-09-05 20:25:28,167 - Step 170: ce=3.8500, phys=-0.0005, causal=0.0000, time=-0.0637, norm=0.0943, lr=9.9860e-04
2026-09-05 20:25:48,863 - Step 180: ce=3.6235, phys=0.0000, causal=0.0087, time=-0.0924, norm=0.0894, lr=9.9840e-04
2026-09-05 20:26:09,582 - Step 190: ce=3.8171, phys=-0.0007, causal=0.0000, time=-0.0763, norm=0.0660, lr=9.9820e-04
2026-09-05 20:26:30,088 - Step 200: ce=3.6860, phys=0.0029, causal=0.0355, time=-0.0670, norm=0.0435, lr=9.9800e-04
2026-09-05 20:26:50,842 - Step 210: ce=3.6338, phys=-0.0008, causal=0.0000, time=-0.0837, norm=0.0834, lr=9.9780e-04
2026-09-05 20:27:11,442 - Step 220: ce=4.2284, phys=0.0010, causal=0.0170, time=-0.0813, norm=0.0742, lr=9.9760e-04
2026-09-05 20:27:32,077 - Step 230: ce=3.4604, phys=0.0004, causal=0.0118, time=-0.0853, norm=0.0702, lr=9.9739e-04
2026-09-05 20:27:52,870 - Step 240: ce=3.5594, phys=-0.0002, causal=0.0041, time=-0.0641, norm=0.0592, lr=9.9719e-04
2026-09-05 20:28:13,499 - Step 250: ce=3.7386, phys=-0.0003, causal=0.0031, time=-0.0668, norm=0.0575, lr=9.9699e-04
2026-09-05 20:28:34,054 - Step 260: ce=3.5619, phys=0.0001, causal=0.0077, time=-0.0756, norm=0.0698, lr=9.9679e-04
2026-09-05 20:28:54,772 - Step 270: ce=4.2563, phys=-0.0003, causal=0.0030, time=-0.0667, norm=0.0605, lr=9.9659e-04
2026-09-05 20:29:15,230 - Step 280: ce=3.5738, phys=-0.0005, causal=0.0004, time=-0.0639, norm=0.0577, lr=9.9639e-04
2026-09-05 20:29:35,905 - Step 290: ce=3.4821, phys=-0.0007, causal=0.0000, time=-0.0723, norm=0.0634, lr=9.9619e-04
2026-09-05 20:29:56,459 - Step 300: ce=3.5204, phys=-0.0002, causal=0.0020, time=-0.0483, norm=0.0601, lr=9.9599e-04
2026-09-05 20:30:17,074 - Step 310: ce=3.5857, phys=-0.0005, causal=0.0000, time=-0.0499, norm=0.0476, lr=9.9579e-04
2026-09-05 20:30:37,846 - Step 320: ce=3.6062, phys=-0.0007, causal=0.0000, time=-0.0810, norm=0.0771, lr=9.9559e-04
2026-09-05 20:30:58,409 - Step 330: ce=3.3881, phys=-0.0008, causal=0.0000, time=-0.0875, norm=0.0795, lr=9.9539e-04
2026-09-05 20:31:18,931 - Step 340: ce=3.4995, phys=-0.0006, causal=0.0000, time=-0.0622, norm=0.0574, lr=9.9519e-04
2026-09-05 20:31:39,703 - Step 350: ce=3.4162, phys=0.0004, causal=0.0109, time=-0.0796, norm=0.0693, lr=9.9499e-04
2026-09-05 20:32:00,277 - Step 360: ce=3.5568, phys=-0.0009, causal=0.0000, time=-0.0973, norm=0.0786, lr=9.9479e-04
2026-09-05 20:32:20,843 - Step 370: ce=3.3835, phys=0.0008, causal=0.0147, time=-0.0760, norm=0.0616, lr=9.9459e-04
2026-09-05 20:32:41,567 - Step 380: ce=3.4703, phys=-0.0001, causal=0.0068, time=-0.0844, norm=0.0817, lr=9.9439e-04
2026-09-05 20:33:02,173 - Step 390: ce=3.3171, phys=-0.0005, causal=0.0015, time=-0.0765, norm=0.0751, lr=9.9419e-04
2026-09-05 20:33:22,799 - Step 400: ce=3.3946, phys=-0.0002, causal=0.0051, time=-0.0733, norm=0.0710, lr=9.9399e-04
2026-09-05 20:33:43,398 - Step 410: ce=3.4462, phys=-0.0001, causal=0.0062, time=-0.0784, norm=0.0715, lr=9.9379e-04
2026-09-05 20:34:04,042 - Step 420: ce=3.3847, phys=-0.0008, causal=0.0000, time=-0.0837, norm=0.0834, lr=9.9359e-04
2026-09-05 20:34:24,575 - Step 430: ce=3.6387, phys=-0.0007, causal=0.0000, time=-0.0749, norm=0.0804, lr=9.9339e-04
2026-09-05 20:34:45,134 - Step 440: ce=3.6723, phys=-0.0007, causal=0.0000, time=-0.0786, norm=0.0758, lr=9.9319e-04
2026-09-05 20:35:05,724 - Step 450: ce=3.7024, phys=-0.0005, causal=0.0016, time=-0.0701, norm=0.0667, lr=9.9299e-04
2026-09-05 20:35:26,213 - Step 460: ce=3.3719, phys=-0.0007, causal=0.0000, time=-0.0820, norm=0.0777, lr=9.9279e-04
2026-09-05 20:35:46,829 - Step 470: ce=3.3854, phys=-0.0005, causal=0.0033, time=-0.0892, norm=0.0765, lr=9.9259e-04
2026-09-05 20:36:07,590 - Step 480: ce=3.3088, phys=0.0001, causal=0.0062, time=-0.0598, norm=0.0544, lr=9.9238e-04
2026-09-05 20:36:28,020 - Step 490: ce=3.5715, phys=-0.0002, causal=0.0051, time=-0.0767, norm=0.0594, lr=9.9218e-04
2026-09-05 20:36:48,417 - Step 500: ce=3.3538, phys=0.0035, causal=0.0428, time=-0.0855, norm=0.0918, lr=9.9198e-04
2026-09-05 20:37:09,019 - Step 510: ce=3.4397, phys=-0.0008, causal=0.0000, time=-0.0837, norm=0.0834, lr=9.9178e-04
2026-09-05 20:37:29,227 - Step 520: ce=3.6536, phys=-0.0002, causal=0.0072, time=-0.0966, norm=0.0792, lr=9.9158e-04
2026-09-05 20:37:49,862 - Step 530: ce=3.4213, phys=-0.0007, causal=0.0000, time=-0.0838, norm=0.0895, lr=9.9138e-04
2026-09-05 20:38:10,448 - Step 540: ce=3.6556, phys=-0.0006, causal=0.0000, time=-0.0627, norm=0.0704, lr=9.9118e-04
2026-09-05 20:38:30,892 - Step 550: ce=3.3014, phys=-0.0003, causal=0.0039, time=-0.0716, norm=0.0693, lr=9.9098e-04
2026-09-05 20:38:51,565 - Step 560: ce=3.5924, phys=0.0018, causal=0.0266, time=-0.0891, norm=0.0737, lr=9.9078e-04
2026-09-05 20:39:12,060 - Step 570: ce=3.5244, phys=-0.0003, causal=0.0032, time=-0.0636, norm=0.0599, lr=9.9058e-04
2026-09-05 20:39:32,735 - Step 580: ce=3.4800, phys=-0.0005, causal=0.0000, time=-0.0598, norm=0.0645, lr=9.9038e-04
2026-09-05 20:39:53,124 - Step 590: ce=3.3452, phys=-0.0005, causal=0.0012, time=-0.0692, norm=0.0603, lr=9.9018e-04
2026-09-05 20:40:13,759 - Step 600: ce=3.4627, phys=-0.0005, causal=0.0015, time=-0.0751, norm=0.0755, lr=9.8998e-04
2026-09-05 20:40:34,482 - Step 610: ce=3.4597, phys=-0.0005, causal=0.0000, time=-0.0601, norm=0.0670, lr=9.8978e-04
2026-09-05 20:40:55,303 - Step 620: ce=3.6502, phys=0.0016, causal=0.0239, time=-0.0811, norm=0.0738, lr=9.8958e-04
2026-09-05 20:41:15,955 - Step 630: ce=3.4915, phys=-0.0007, causal=0.0000, time=-0.0731, norm=0.0681, lr=9.8938e-04
2026-09-05 20:41:36,408 - Step 640: ce=3.5398, phys=0.0003, causal=0.0093, time=-0.0711, norm=0.0752, lr=9.8918e-04
2026-09-05 20:41:57,046 - Step 650: ce=3.4407, phys=-0.0006, causal=0.0009, time=-0.0795, norm=0.0766, lr=9.8898e-04
2026-09-05 20:42:17,619 - Step 660: ce=3.4220, phys=-0.0004, causal=0.0019, time=-0.0724, norm=0.0988, lr=9.8878e-04
2026-09-05 20:42:38,128 - Step 670: ce=3.3207, phys=-0.0006, causal=0.0000, time=-0.0693, norm=0.0618, lr=9.8858e-04
2026-09-05 20:42:58,741 - Step 680: ce=3.2707, phys=-0.0007, causal=0.0000, time=-0.0758, norm=0.0743, lr=9.8838e-04
2026-09-05 20:43:19,240 - Step 690: ce=3.4152, phys=-0.0007, causal=0.0000, time=-0.0747, norm=0.0693, lr=9.8818e-04
2026-09-05 20:43:39,907 - Step 700: ce=3.7194, phys=0.0028, causal=0.0366, time=-0.0907, norm=0.0974, lr=9.8798e-04
2026-09-05 20:44:00,499 - Step 710: ce=3.4965, phys=-0.0002, causal=0.0062, time=-0.0847, norm=0.0723, lr=9.8778e-04
2026-09-05 20:44:21,256 - Step 720: ce=3.3773, phys=-0.0007, causal=0.0000, time=-0.0728, norm=0.0679, lr=9.8758e-04
2026-09-05 20:44:41,976 - Step 730: ce=3.4137, phys=-0.0006, causal=0.0023, time=-0.0863, norm=0.0783, lr=9.8737e-04
2026-09-05 20:45:02,075 - Step 740: ce=3.6153, phys=-0.0001, causal=0.0042, time=-0.0560, norm=0.0535, lr=9.8717e-04
2026-09-05 20:45:22,231 - Step 750: ce=3.3360, phys=-0.0007, causal=0.0009, time=-0.0828, norm=0.0773, lr=9.8697e-04
2026-09-05 20:45:42,688 - Step 760: ce=3.4524, phys=-0.0006, causal=0.0000, time=-0.0656, norm=0.0704, lr=9.8677e-04
2026-09-05 20:46:03,198 - Step 770: ce=3.4117, phys=-0.0007, causal=0.0000, time=-0.0732, norm=0.0736, lr=9.8657e-04
2026-09-05 20:46:23,696 - Step 780: ce=3.2721, phys=0.0001, causal=0.0072, time=-0.0691, norm=0.0566, lr=9.8637e-04
2026-09-05 20:46:44,101 - Step 790: ce=3.3701, phys=-0.0005, causal=0.0000, time=-0.0607, norm=0.0807, lr=9.8617e-04
2026-09-05 20:47:04,543 - Step 800: ce=3.2883, phys=-0.0007, causal=0.0000, time=-0.0754, norm=0.0741, lr=9.8597e-04
2026-09-05 20:47:25,115 - Step 810: ce=3.4904, phys=-0.0003, causal=0.0027, time=-0.0680, norm=0.0674, lr=9.8577e-04
2026-09-05 20:47:45,814 - Step 820: ce=3.4785, phys=-0.0007, causal=0.0000, time=-0.0732, norm=0.0730, lr=9.8557e-04
2026-09-05 20:48:06,103 - Step 830: ce=3.4067, phys=-0.0004, causal=0.0033, time=-0.0821, norm=0.0802, lr=9.8537e-04
2026-09-05 20:48:26,490 - Step 840: ce=3.5691, phys=0.0046, causal=0.0512, time=-0.0636, norm=0.0888, lr=9.8517e-04
2026-09-05 20:48:46,967 - Step 850: ce=3.3476, phys=-0.0007, causal=0.0000, time=-0.0732, norm=0.0755, lr=9.8497e-04
2026-09-05 20:49:07,440 - Step 860: ce=3.3740, phys=-0.0007, causal=0.0000, time=-0.0824, norm=0.0780, lr=9.8477e-04
2026-09-05 20:49:28,423 - Step 870: ce=3.4848, phys=-0.0007, causal=0.0011, time=-0.0935, norm=0.0707, lr=9.8457e-04
2026-09-05 20:49:48,936 - Step 880: ce=3.8223, phys=-0.0006, causal=0.0000, time=-0.0651, norm=0.0638, lr=9.8437e-04
2026-09-05 20:50:08,962 - Step 890: ce=3.2967, phys=0.0004, causal=0.0107, time=-0.0740, norm=0.0805, lr=9.8417e-04
2026-09-05 20:50:28,981 - Step 900: ce=3.4861, phys=-0.0008, causal=0.0000, time=-0.0837, norm=0.0834, lr=9.8397e-04
2026-09-05 20:50:49,566 - Step 910: ce=3.4362, phys=-0.0004, causal=0.0011, time=-0.0616, norm=0.0614, lr=9.8377e-04
2026-09-05 20:51:09,537 - Step 920: ce=3.2782, phys=-0.0008, causal=0.0000, time=-0.0880, norm=0.0815, lr=9.8357e-04
2026-09-05 20:51:29,558 - Step 930: ce=3.3345, phys=0.0019, causal=0.0269, time=-0.0892, norm=0.0789, lr=9.8337e-04
2026-09-05 20:51:49,617 - Step 940: ce=3.7044, phys=-0.0006, causal=0.0000, time=-0.0639, norm=0.0581, lr=9.8317e-04
2026-09-05 20:52:09,554 - Step 950: ce=3.3333, phys=-0.0006, causal=0.0000, time=-0.0674, norm=0.0663, lr=9.8297e-04
2026-09-05 20:52:29,603 - Step 960: ce=3.3441, phys=-0.0006, causal=0.0005, time=-0.0705, norm=0.0667, lr=9.8277e-04
2026-09-05 20:52:49,535 - Step 970: ce=3.2345, phys=-0.0003, causal=0.0040, time=-0.0785, norm=0.0843, lr=9.8257e-04
2026-09-05 20:53:09,513 - Step 980: ce=3.3924, phys=-0.0006, causal=0.0007, time=-0.0731, norm=0.1002, lr=9.8236e-04
2026-09-05 20:53:29,157 - Step 990: ce=3.3481, phys=-0.0003, causal=0.0034, time=-0.0660, norm=0.0680, lr=9.8216e-04
2026-09-05 20:53:48,883 - Step 1000: ce=3.3499, phys=-0.0007, causal=0.0000, time=-0.0758, norm=0.0743, lr=9.8196e-04
2026-09-05 20:54:08,890 - Step 1010: ce=3.2744, phys=-0.0006, causal=0.0016, time=-0.0818, norm=0.0795, lr=9.8176e-04
2026-09-05 20:54:28,821 - Step 1020: ce=3.2378, phys=-0.0006, causal=0.0021, time=-0.0843, norm=0.0777, lr=9.8156e-04
2026-09-05 20:54:48,907 - Step 1030: ce=3.4007, phys=0.0060, causal=0.0663, time=-0.0677, norm=0.0785, lr=9.8136e-04
2026-09-05 20:55:08,813 - Step 1040: ce=3.7561, phys=-0.0007, causal=0.0000, time=-0.0810, norm=0.0771, lr=9.8116e-04
2026-09-05 20:55:28,680 - Step 1050: ce=3.1167, phys=0.0035, causal=0.0408, time=-0.0683, norm=0.0616, lr=9.8096e-04
2026-09-05 20:55:48,531 - Step 1060: ce=3.3710, phys=-0.0008, causal=0.0000, time=-0.0837, norm=0.0834, lr=9.8076e-04
2026-09-05 20:56:08,516 - Step 1070: ce=3.3059, phys=0.0003, causal=0.0103, time=-0.0790, norm=0.0765, lr=9.8056e-04
2026-09-05 20:56:28,549 - Step 1080: ce=3.3090, phys=0.0039, causal=0.0451, time=-0.0666, norm=0.0593, lr=9.8036e-04
2026-09-05 20:56:48,483 - Step 1090: ce=3.3325, phys=0.0004, causal=0.0096, time=-0.0620, norm=0.0544, lr=9.8016e-04
2026-09-05 20:57:08,475 - Step 1100: ce=3.2114, phys=0.0007, causal=0.0133, time=-0.0666, norm=0.0516, lr=9.7996e-04
2026-09-05 20:57:28,461 - Step 1110: ce=3.2365, phys=0.0006, causal=0.0135, time=-0.0776, norm=0.0682, lr=9.7976e-04
2026-09-05 20:57:48,366 - Step 1120: ce=3.3238, phys=-0.0004, causal=0.0038, time=-0.0805, norm=0.0729, lr=9.7956e-04
2026-09-05 20:58:08,055 - Step 1130: ce=3.4734, phys=0.0033, causal=0.0404, time=-0.0831, norm=0.0862, lr=9.7936e-04
2026-09-05 20:58:27,749 - Step 1140: ce=3.6710, phys=0.0004, causal=0.0113, time=-0.0779, norm=0.0722, lr=9.7916e-04
2026-09-05 20:58:47,556 - Step 1150: ce=3.3875, phys=-0.0008, causal=0.0000, time=-0.0837, norm=0.0834, lr=9.7896e-04
2026-09-05 20:59:07,475 - Step 1160: ce=3.4074, phys=-0.0005, causal=0.0000, time=-0.0584, norm=0.0642, lr=9.7876e-04
2026-09-05 20:59:27,566 - Step 1170: ce=3.3828, phys=-0.0006, causal=0.0002, time=-0.0733, norm=0.0673, lr=9.7856e-04
2026-09-05 20:59:47,457 - Step 1180: ce=3.3931, phys=-0.0004, causal=0.0043, time=-0.0875, norm=0.0787, lr=9.7836e-04
2026-09-05 21:00:07,820 - Step 1190: ce=3.3929, phys=-0.0006, causal=0.0000, time=-0.0712, norm=0.0896, lr=9.7816e-04
2026-09-05 21:00:28,291 - Step 1200: ce=3.3380, phys=-0.0005, causal=0.0000, time=-0.0640, norm=0.0944, lr=9.7796e-04
2026-09-05 21:00:48,725 - Step 1210: ce=3.3002, phys=-0.0005, causal=0.0023, time=-0.0787, norm=0.0719, lr=9.7776e-04
2026-09-05 21:01:09,105 - Step 1220: ce=3.4477, phys=0.0012, causal=0.0199, time=-0.0896, norm=0.0904, lr=9.7756e-04
2026-09-05 21:01:29,298 - Step 1230: ce=3.3205, phys=-0.0006, causal=0.0000, time=-0.0688, norm=0.0657, lr=9.7735e-04
2026-09-05 21:01:49,592 - Step 1240: ce=3.3628, phys=0.0015, causal=0.0225, time=-0.0870, norm=0.0836, lr=9.7715e-04
2026-09-05 21:02:09,944 - Step 1250: ce=3.2998, phys=0.0022, causal=0.0287, time=-0.0770, norm=0.0696, lr=9.7695e-04
2026-09-05 21:02:30,200 - Step 1260: ce=3.3467, phys=-0.0007, causal=0.0000, time=-0.0811, norm=0.0726, lr=9.7675e-04
2026-09-05 21:02:50,008 - Step 1270: ce=3.3475, phys=-0.0007, causal=0.0000, time=-0.0745, norm=0.0761, lr=9.7655e-04
2026-09-05 21:03:10,024 - Step 1280: ce=3.4482, phys=0.0003, causal=0.0102, time=-0.0768, norm=0.0647, lr=9.7635e-04
2026-09-05 21:03:30,753 - Step 1290: ce=3.4641, phys=-0.0008, causal=0.0000, time=-0.0837, norm=0.0834, lr=9.7615e-04
2026-09-05 21:03:50,923 - Step 1300: ce=3.3605, phys=0.0000, causal=0.0076, time=-0.0784, norm=0.0745, lr=9.7595e-04
2026-09-05 21:04:10,996 - Step 1310: ce=3.4452, phys=-0.0002, causal=0.0026, time=-0.0553, norm=0.0516, lr=9.7575e-04
2026-09-05 21:04:30,969 - Step 1320: ce=3.3904, phys=-0.0006, causal=0.0014, time=-0.0792, norm=0.0760, lr=9.7555e-04
2026-09-05 21:04:50,995 - Step 1330: ce=3.4514, phys=-0.0005, causal=0.0009, time=-0.0657, norm=0.0537, lr=9.7535e-04
2026-09-05 21:05:10,900 - Step 1340: ce=3.4040, phys=-0.0007, causal=0.0000, time=-0.0732, norm=0.0730, lr=9.7515e-04
2026-09-05 21:05:30,818 - Step 1350: ce=3.2490, phys=-0.0008, causal=0.0000, time=-0.0837, norm=0.0834, lr=9.7495e-04
2026-09-05 21:05:50,840 - Step 1360: ce=3.4315, phys=-0.0006, causal=0.0000, time=-0.0705, norm=0.0666, lr=9.7475e-04
2026-09-05 21:06:10,903 - Step 1370: ce=3.2574, phys=-0.0007, causal=0.0000, time=-0.0792, norm=0.0762, lr=9.7455e-04
2026-09-05 21:06:30,910 - Step 1380: ce=3.3789, phys=-0.0005, causal=0.0023, time=-0.0821, norm=0.0769, lr=9.7435e-04
2026-09-05 21:06:50,803 - Step 1390: ce=3.2695, phys=-0.0004, causal=0.0025, time=-0.0669, norm=0.0613, lr=9.7415e-04
2026-09-05 21:07:10,967 - Step 1400: ce=3.3836, phys=0.0012, causal=0.0200, time=-0.0910, norm=0.0932, lr=9.7395e-04
2026-09-05 21:07:30,828 - Step 1410: ce=3.3864, phys=-0.0001, causal=0.0052, time=-0.0693, norm=0.0767, lr=9.7375e-04
2026-09-05 21:07:50,797 - Step 1420: ce=3.3905, phys=-0.0001, causal=0.0049, time=-0.0719, norm=0.0863, lr=9.7355e-04
2026-09-05 21:08:10,759 - Step 1430: ce=3.3088, phys=-0.0008, causal=0.0000, time=-0.0837, norm=0.0834, lr=9.7335e-04
2026-09-05 21:08:30,971 - Step 1440: ce=3.1509, phys=-0.0006, causal=0.0000, time=-0.0712, norm=0.0670, lr=9.7315e-04
2026-09-05 21:08:50,901 - Step 1450: ce=3.3882, phys=0.0008, causal=0.0151, time=-0.0789, norm=0.0928, lr=9.7295e-04
2026-09-05 21:09:10,864 - Step 1460: ce=3.4305, phys=-0.0006, causal=0.0000, time=-0.0732, norm=0.0930, lr=9.7275e-04
2026-09-05 21:09:31,029 - Step 1470: ce=3.5308, phys=-0.0007, causal=0.0000, time=-0.0732, norm=0.0730, lr=9.7255e-04
2026-09-05 21:09:50,999 - Step 1480: ce=3.3325, phys=-0.0005, causal=0.0017, time=-0.0781, norm=0.0718, lr=9.7234e-04
2026-09-05 21:10:10,983 - Step 1490: ce=3.2708, phys=-0.0005, causal=0.0000, time=-0.0554, norm=0.0537, lr=9.7214e-04
2026-09-05 21:10:31,051 - Step 1500: ce=3.3406, phys=-0.0009, causal=0.0000, time=-0.1028, norm=0.0922, lr=9.7194e-04
2026-09-05 21:10:51,492 - Step 1510: ce=3.4313, phys=-0.0006, causal=0.0002, time=-0.0668, norm=0.0639, lr=9.7174e-04
2026-09-05 21:11:11,886 - Step 1520: ce=3.3684, phys=-0.0003, causal=0.0034, time=-0.0678, norm=0.0614, lr=9.7154e-04
2026-09-05 21:11:32,090 - Step 1530: ce=3.3470, phys=-0.0008, causal=0.0000, time=-0.0837, norm=0.0834, lr=9.7134e-04
2026-09-05 21:11:52,234 - Step 1540: ce=3.3677, phys=0.0048, causal=0.0546, time=-0.0800, norm=0.0976, lr=9.7114e-04
2026-09-05 21:12:12,360 - Step 1550: ce=3.2540, phys=-0.0007, causal=0.0000, time=-0.0748, norm=0.0689, lr=9.7094e-04
2026-09-05 21:12:32,557 - Step 1560: ce=3.2994, phys=-0.0001, causal=0.0050, time=-0.0705, norm=0.0643, lr=9.7074e-04
2026-09-05 21:12:52,670 - Step 1570: ce=3.3522, phys=-0.0009, causal=0.0000, time=-0.0932, norm=0.0807, lr=9.7054e-04
2026-09-05 21:13:12,664 - Step 1580: ce=3.2770, phys=0.0009, causal=0.0185, time=-0.0990, norm=0.0860, lr=9.7034e-04
2026-09-05 21:13:32,754 - Step 1590: ce=3.3712, phys=-0.0007, causal=0.0007, time=-0.0838, norm=0.0732, lr=9.7014e-04
2026-09-05 21:13:52,720 - Step 1600: ce=3.3488, phys=-0.0007, causal=0.0000, time=-0.0777, norm=0.1031, lr=9.6994e-04
2026-09-05 21:14:12,805 - Step 1610: ce=3.9276, phys=-0.0007, causal=0.0000, time=-0.0749, norm=0.0738, lr=9.6974e-04
2026-09-05 21:14:32,810 - Step 1620: ce=3.6624, phys=-0.0005, causal=0.0006, time=-0.0674, norm=0.0666, lr=9.6954e-04
2026-09-05 21:14:52,893 - Step 1630: ce=3.3360, phys=-0.0007, causal=0.0000, time=-0.0732, norm=0.0730, lr=9.6934e-04
2026-09-05 21:15:12,931 - Step 1640: ce=3.4043, phys=-0.0005, causal=0.0000, time=-0.0587, norm=0.0632, lr=9.6914e-04
2026-09-05 21:15:33,003 - Step 1650: ce=3.2849, phys=-0.0003, causal=0.0039, time=-0.0785, norm=0.0723, lr=9.6894e-04
2026-09-05 21:15:53,085 - Step 1660: ce=3.3685, phys=-0.0005, causal=0.0013, time=-0.0723, norm=0.0679, lr=9.6874e-04
2026-09-05 21:16:12,982 - Step 1670: ce=3.2793, phys=-0.0006, causal=0.0006, time=-0.0715, norm=0.0669, lr=9.6854e-04
2026-09-05 21:16:33,148 - Step 1680: ce=3.2263, phys=-0.0004, causal=0.0020, time=-0.0712, norm=0.0691, lr=9.6834e-04
2026-09-05 21:16:53,237 - Step 1690: ce=3.3563, phys=-0.0008, causal=0.0000, time=-0.0837, norm=0.0834, lr=9.6814e-04
2026-09-05 21:17:13,706 - Step 1700: ce=3.2670, phys=-0.0008, causal=0.0000, time=-0.0848, norm=0.0760, lr=9.6794e-04
2026-09-05 21:17:34,048 - Step 1710: ce=3.3128, phys=0.0020, causal=0.0259, time=-0.0681, norm=0.0569, lr=9.6774e-04
2026-09-05 21:17:54,489 - Step 1720: ce=3.3965, phys=-0.0005, causal=0.0001, time=-0.0580, norm=0.0548, lr=9.6754e-04
2026-09-05 21:18:15,013 - Step 1730: ce=3.2322, phys=0.0020, causal=0.0270, time=-0.0804, norm=0.0662, lr=9.6733e-04
2026-09-05 21:18:35,348 - Step 1740: ce=3.2785, phys=-0.0006, causal=0.0011, time=-0.0770, norm=0.0706, lr=9.6713e-04
2026-09-05 21:18:55,833 - Step 1750: ce=3.3145, phys=0.0004, causal=0.0121, time=-0.0867, norm=0.0730, lr=9.6693e-04
2026-09-05 21:19:16,072 - Step 1760: ce=3.4173, phys=0.0004, causal=0.0101, time=-0.0658, norm=0.0574, lr=9.6673e-04
2026-09-05 21:19:36,573 - Step 1770: ce=3.1797, phys=-0.0004, causal=0.0030, time=-0.0803, norm=0.0780, lr=9.6653e-04
2026-09-05 21:19:56,938 - Step 1780: ce=3.6944, phys=-0.0006, causal=0.0010, time=-0.0720, norm=0.0639, lr=9.6633e-04
2026-09-05 21:20:17,463 - Step 1790: ce=3.3133, phys=-0.0007, causal=0.0000, time=-0.0805, norm=0.0769, lr=9.6613e-04
2026-09-05 21:20:37,908 - Step 1800: ce=3.4195, phys=0.0010, causal=0.0153, time=-0.0589, norm=0.0493, lr=9.6593e-04
2026-09-05 21:20:58,633 - Step 1810: ce=3.2438, phys=0.0025, causal=0.0315, time=-0.0767, norm=0.0712, lr=9.6573e-04
2026-09-05 21:21:19,839 - Step 1820: ce=3.4078, phys=-0.0006, causal=0.0000, time=-0.0647, norm=0.0655, lr=9.6553e-04
2026-09-05 21:21:41,545 - Step 1830: ce=3.5177, phys=-0.0007, causal=0.0000, time=-0.0762, norm=0.0810, lr=9.6533e-04
2026-09-05 21:22:03,833 - Step 1840: ce=3.3429, phys=0.0010, causal=0.0166, time=-0.0778, norm=0.0790, lr=9.6513e-04
2026-09-05 21:22:26,300 - Step 1850: ce=3.3095, phys=-0.0003, causal=0.0041, time=-0.0834, norm=0.0794, lr=9.6493e-04
2026-09-05 21:22:48,780 - Step 1860: ce=3.2335, phys=0.0004, causal=0.0124, time=-0.0883, norm=0.0830, lr=9.6473e-04
2026-09-05 21:23:11,522 - Step 1870: ce=3.6298, phys=-0.0008, causal=0.0000, time=-0.0846, norm=0.0793, lr=9.6453e-04
2026-09-05 21:23:34,092 - Step 1880: ce=3.3168, phys=-0.0006, causal=0.0000, time=-0.0732, norm=0.0930, lr=9.6433e-04
2026-09-05 21:23:57,405 - Step 1890: ce=3.3350, phys=-0.0007, causal=0.0000, time=-0.0732, norm=0.0745, lr=9.6413e-04
2026-09-05 21:24:21,889 - Step 1900: ce=3.2047, phys=0.0002, causal=0.0073, time=-0.0625, norm=0.0539, lr=9.6393e-04
2026-09-05 21:24:45,688 - Step 1910: ce=3.2752, phys=0.0003, causal=0.0105, time=-0.0826, norm=0.0769, lr=9.6373e-04
2026-09-05 21:25:09,846 - Step 1920: ce=3.3295, phys=-0.0005, causal=0.0009, time=-0.0684, norm=0.0652, lr=9.6353e-04
2026-09-05 21:25:34,836 - Step 1930: ce=3.4476, phys=-0.0006, causal=0.0000, time=-0.0627, norm=0.0645, lr=9.6333e-04
2026-09-05 21:25:59,276 - Step 1940: ce=3.2008, phys=-0.0002, causal=0.0040, time=-0.0683, norm=0.0614, lr=9.6313e-04
2026-09-05 21:26:23,970 - Step 1950: ce=3.4781, phys=-0.0005, causal=0.0000, time=-0.0523, norm=0.0535, lr=9.6293e-04
2026-09-05 21:26:48,573 - Step 1960: ce=3.3023, phys=-0.0004, causal=0.0069, time=-0.1155, norm=0.1030, lr=9.6273e-04
2026-09-05 21:27:13,343 - Step 1970: ce=3.3652, phys=-0.0006, causal=0.0000, time=-0.0714, norm=0.0671, lr=9.6253e-04
2026-09-05 21:27:38,174 - Step 1980: ce=3.2561, phys=-0.0007, causal=0.0000, time=-0.0770, norm=0.0749, lr=9.6232e-04
2026-09-05 21:28:03,045 - Step 1990: ce=3.2467, phys=-0.0007, causal=0.0014, time=-0.0924, norm=0.0800, lr=9.6212e-04
2026-09-05 21:28:27,637 - Step 2000: ce=3.2959, phys=-0.0007, causal=0.0000, time=-0.0732, norm=0.0730, lr=9.6192e-04
2026-09-05 21:28:52,369 - Step 2010: ce=3.5659, phys=-0.0001, causal=0.0063, time=-0.0838, norm=0.0819, lr=9.6172e-04
2026-09-05 21:29:16,975 - Step 2020: ce=3.3140, phys=-0.0004, causal=0.0033, time=-0.0812, norm=0.0738, lr=9.6152e-04
2026-09-05 21:29:41,323 - Step 2030: ce=3.2104, phys=-0.0008, causal=0.0000, time=-0.0895, norm=0.0826, lr=9.6132e-04
2026-09-05 21:30:05,283 - Step 2040: ce=3.6856, phys=-0.0008, causal=0.0000, time=-0.0837, norm=0.0834, lr=9.6112e-04
2026-09-05 21:30:29,259 - Step 2050: ce=3.2563, phys=-0.0007, causal=0.0000, time=-0.0732, norm=0.0730, lr=9.6092e-04
2026-09-05 21:30:52,491 - Step 2060: ce=3.2220, phys=0.0034, causal=0.0401, time=-0.0695, norm=0.0600, lr=9.6072e-04
2026-09-05 21:31:16,619 - Step 2070: ce=3.7806, phys=-0.0006, causal=0.0000, time=-0.0705, norm=0.0780, lr=9.6052e-04
2026-09-05 21:31:41,336 - Step 2080: ce=3.2541, phys=0.0031, causal=0.0390, time=-0.0893, norm=0.0837, lr=9.6032e-04
2026-09-05 21:32:05,927 - Step 2090: ce=3.3505, phys=-0.0007, causal=0.0000, time=-0.0799, norm=0.0765, lr=9.6012e-04
2026-09-05 21:32:30,590 - Step 2100: ce=3.4277, phys=-0.0007, causal=0.0000, time=-0.0779, norm=0.0754, lr=9.5992e-04
2026-09-05 21:32:55,510 - Step 2110: ce=3.2528, phys=-0.0006, causal=0.0000, time=-0.0732, norm=0.0869, lr=9.5972e-04
2026-09-05 21:33:20,098 - Step 2120: ce=3.3702, phys=-0.0005, causal=0.0021, time=-0.0813, norm=0.0777, lr=9.5952e-04
2026-09-05 21:33:44,945 - Step 2130: ce=3.2803, phys=-0.0006, causal=0.0000, time=-0.0711, norm=0.0749, lr=9.5932e-04
2026-09-05 21:34:09,809 - Step 2140: ce=3.4026, phys=-0.0004, causal=0.0032, time=-0.0753, norm=0.0705, lr=9.5912e-04
2026-09-05 21:34:34,578 - Step 2150: ce=3.3730, phys=0.0010, causal=0.0170, time=-0.0776, norm=0.0627, lr=9.5892e-04
2026-09-05 21:34:59,361 - Step 2160: ce=3.2782, phys=-0.0006, causal=0.0003, time=-0.0650, norm=0.0635, lr=9.5872e-04
2026-09-05 21:35:23,955 - Step 2170: ce=3.2190, phys=-0.0008, causal=0.0000, time=-0.0837, norm=0.0834, lr=9.5852e-04
2026-09-05 21:35:48,285 - Step 2180: ce=3.7174, phys=0.0012, causal=0.0202, time=-0.0852, norm=0.0749, lr=9.5832e-04
2026-09-05 21:36:13,514 - Step 2190: ce=3.3983, phys=0.0004, causal=0.0098, time=-0.0686, norm=0.0573, lr=9.5812e-04
2026-09-05 21:36:38,385 - Step 2200: ce=3.2974, phys=-0.0005, causal=0.0018, time=-0.0739, norm=0.0691, lr=9.5792e-04
2026-09-05 21:37:03,599 - Step 2210: ce=3.1951, phys=0.0008, causal=0.0147, time=-0.0764, norm=0.0662, lr=9.5772e-04
2026-09-05 21:37:28,626 - Step 2220: ce=3.1789, phys=0.0000, causal=0.0070, time=-0.0753, norm=0.0762, lr=9.5752e-04
2026-09-05 21:37:53,803 - Step 2230: ce=3.3128, phys=-0.0009, causal=0.0000, time=-0.1036, norm=0.0912, lr=9.5731e-04
2026-09-05 21:38:18,668 - Step 2240: ce=3.3835, phys=-0.0006, causal=0.0021, time=-0.0846, norm=0.0809, lr=9.5711e-04
2026-09-05 21:38:43,705 - Step 2250: ce=3.4821, phys=-0.0009, causal=0.0000, time=-0.1013, norm=0.0936, lr=9.5691e-04
2026-09-05 21:39:09,129 - Step 2260: ce=3.3045, phys=0.0013, causal=0.0187, time=-0.0620, norm=0.0569, lr=9.5671e-04
2026-09-05 21:39:34,021 - Step 2270: ce=3.2439, phys=-0.0007, causal=0.0000, time=-0.0732, norm=0.0730, lr=9.5651e-04
2026-09-05 21:39:58,895 - Step 2280: ce=3.2784, phys=-0.0006, causal=0.0000, time=-0.0624, norm=0.0714, lr=9.5631e-04
2026-09-05 21:40:23,861 - Step 2290: ce=3.3401, phys=-0.0006, causal=0.0008, time=-0.0779, norm=0.0719, lr=9.5611e-04
2026-09-05 21:40:48,761 - Step 2300: ce=3.3947, phys=-0.0007, causal=0.0000, time=-0.0783, norm=0.0757, lr=9.5591e-04
2026-09-05 21:41:14,161 - Step 2310: ce=3.1625, phys=-0.0005, causal=0.0022, time=-0.0799, norm=0.0785, lr=9.5571e-04
2026-09-05 21:41:39,042 - Step 2320: ce=3.4769, phys=-0.0007, causal=0.0000, time=-0.0764, norm=0.0701, lr=9.5551e-04
2026-09-05 21:42:04,213 - Step 2330: ce=3.4035, phys=-0.0006, causal=0.0000, time=-0.0652, norm=0.0638, lr=9.5531e-04
2026-09-05 21:42:28,981 - Step 2340: ce=3.3526, phys=-0.0005, causal=0.0019, time=-0.0807, norm=0.0724, lr=9.5511e-04
2026-09-05 21:42:53,865 - Step 2350: ce=3.3967, phys=0.0003, causal=0.0082, time=-0.0602, norm=0.0532, lr=9.5491e-04
2026-09-05 21:43:18,958 - Step 2360: ce=3.4018, phys=-0.0006, causal=0.0000, time=-0.0709, norm=0.0668, lr=9.5471e-04
2026-09-05 21:43:43,931 - Step 2370: ce=3.3697, phys=-0.0004, causal=0.0009, time=-0.0535, norm=0.0476, lr=9.5451e-04
2026-09-05 21:44:09,691 - Step 2380: ce=3.3680, phys=0.0001, causal=0.0079, time=-0.0811, norm=0.0844, lr=9.5431e-04
2026-09-05 21:44:35,141 - Step 2390: ce=3.3357, phys=-0.0007, causal=0.0000, time=-0.0797, norm=0.0764, lr=9.5411e-04
2026-09-05 21:45:00,676 - Step 2400: ce=3.5835, phys=-0.0008, causal=0.0000, time=-0.0837, norm=0.0834, lr=9.5391e-04
2026-09-05 21:45:26,271 - Step 2410: ce=3.4717, phys=-0.0004, causal=0.0000, time=-0.0457, norm=0.0437, lr=9.5371e-04
2026-09-05 21:45:51,578 - Step 2420: ce=3.4092, phys=-0.0006, causal=0.0007, time=-0.0760, norm=0.0754, lr=9.5351e-04
2026-09-05 21:46:17,384 - Step 2430: ce=3.2517, phys=-0.0001, causal=0.0069, time=-0.0849, norm=0.0812, lr=9.5331e-04
2026-09-05 21:46:43,245 - Step 2440: ce=3.4318, phys=-0.0006, causal=0.0000, time=-0.0696, norm=0.0680, lr=9.5311e-04
2026-09-05 21:47:08,786 - Step 2450: ce=3.3416, phys=0.0003, causal=0.0104, time=-0.0825, norm=0.0805, lr=9.5291e-04
2026-09-05 21:47:34,220 - Step 2460: ce=3.3842, phys=-0.0007, causal=0.0000, time=-0.0765, norm=0.0747, lr=9.5271e-04
2026-09-05 21:47:59,110 - Step 2470: ce=3.3449, phys=-0.0007, causal=0.0000, time=-0.0754, norm=0.0741, lr=9.5251e-04
2026-09-05 21:48:24,795 - Step 2480: ce=3.3290, phys=-0.0006, causal=0.0000, time=-0.0717, norm=0.0672, lr=9.5230e-04
2026-09-05 21:48:50,178 - Step 2490: ce=3.2808, phys=-0.0007, causal=0.0000, time=-0.0777, norm=0.0753, lr=9.5210e-04
2026-09-05 21:49:15,875 - Step 2500: ce=3.2365, phys=0.0040, causal=0.0469, time=-0.0816, norm=0.0924, lr=9.5190e-04
2026-09-05 21:49:41,649 - Step 2510: ce=3.2595, phys=-0.0008, causal=0.0000, time=-0.0837, norm=0.0834, lr=9.5170e-04
2026-09-05 21:50:07,552 - Step 2520: ce=3.3150, phys=-0.0008, causal=0.0000, time=-0.0837, norm=0.0834, lr=9.5150e-04
2026-09-05 21:50:33,113 - Step 2530: ce=3.3894, phys=-0.0007, causal=0.0000, time=-0.0732, norm=0.0765, lr=9.5130e-04
2026-09-05 21:50:58,205 - Step 2540: ce=3.1292, phys=0.0017, causal=0.0248, time=-0.0832, norm=0.0773, lr=9.5110e-04
2026-09-05 21:51:23,679 - Step 2550: ce=3.1532, phys=0.0007, causal=0.0140, time=-0.0787, norm=0.0737, lr=9.5090e-04
2026-09-05 21:51:49,118 - Step 2560: ce=3.4521, phys=-0.0009, causal=0.0000, time=-0.0941, norm=0.0698, lr=9.5070e-04
2026-09-05 21:52:15,669 - Step 2570: ce=3.3394, phys=-0.0008, causal=0.0000, time=-0.0832, norm=0.0785, lr=9.5050e-04
2026-09-05 21:52:41,402 - Step 2580: ce=3.4202, phys=-0.0009, causal=0.0000, time=-0.1010, norm=0.0834, lr=9.5030e-04
2026-09-05 21:53:06,802 - Step 2590: ce=3.2211, phys=0.0008, causal=0.0156, time=-0.0896, norm=0.0917, lr=9.5010e-04
2026-09-05 21:53:32,263 - Step 2600: ce=3.2297, phys=-0.0007, causal=0.0002, time=-0.0756, norm=0.0738, lr=9.4990e-04
2026-09-05 21:53:58,273 - Step 2610: ce=3.2497, phys=0.0001, causal=0.0082, time=-0.0815, norm=0.0678, lr=9.4970e-04
2026-09-05 21:54:24,080 - Step 2620: ce=3.3585, phys=-0.0005, causal=0.0015, time=-0.0732, norm=0.0689, lr=9.4950e-04
2026-09-05 21:54:49,926 - Step 2630: ce=3.3304, phys=0.0027, causal=0.0332, time=-0.0702, norm=0.0492, lr=9.4930e-04
2026-09-05 21:55:15,949 - Step 2640: ce=3.2465, phys=0.0039, causal=0.0475, time=-0.0949, norm=0.0950, lr=9.4910e-04
2026-09-05 21:55:41,709 - Step 2650: ce=3.2967, phys=-0.0003, causal=0.0042, time=-0.0793, norm=0.0720, lr=9.4890e-04
2026-09-05 21:56:07,298 - Step 2660: ce=3.3055, phys=-0.0002, causal=0.0045, time=-0.0737, norm=0.0625, lr=9.4870e-04
2026-09-05 21:56:33,054 - Step 2670: ce=3.6751, phys=-0.0008, causal=0.0000, time=-0.0837, norm=0.0834, lr=9.4850e-04
2026-09-05 21:56:58,830 - Step 2680: ce=3.6009, phys=-0.0005, causal=0.0007, time=-0.0646, norm=0.0574, lr=9.4830e-04
2026-09-05 21:57:24,034 - Step 2690: ce=3.5314, phys=-0.0003, causal=0.0016, time=-0.0541, norm=0.0687, lr=9.4810e-04
2026-09-05 21:57:49,298 - Step 2700: ce=3.5107, phys=-0.0007, causal=0.0000, time=-0.0732, norm=0.0730, lr=9.4790e-04
2026-09-05 21:58:14,838 - Step 2710: ce=3.4253, phys=-0.0001, causal=0.0053, time=-0.0707, norm=0.0828, lr=9.4770e-04
2026-09-05 21:58:40,600 - Step 2720: ce=3.3672, phys=0.0007, causal=0.0152, time=-0.0881, norm=0.0786, lr=9.4749e-04
2026-09-05 21:59:06,252 - Step 2730: ce=3.2514, phys=0.0004, causal=0.0121, time=-0.0855, norm=0.0774, lr=9.4729e-04
2026-09-05 21:59:31,605 - Step 2740: ce=3.2713, phys=-0.0005, causal=0.0011, time=-0.0676, norm=0.0655, lr=9.4709e-04
2026-09-05 21:59:57,877 - Step 2750: ce=3.2544, phys=-0.0002, causal=0.0052, time=-0.0785, norm=0.0771, lr=9.4689e-04
2026-09-05 22:00:23,169 - Step 2760: ce=3.5524, phys=-0.0004, causal=0.0022, time=-0.0667, norm=0.0737, lr=9.4669e-04
2026-09-05 22:00:48,099 - Step 2770: ce=3.3966, phys=-0.0003, causal=0.0011, time=-0.0447, norm=0.0692, lr=9.4649e-04
2026-09-05 22:01:12,895 - Step 2780: ce=3.4924, phys=-0.0003, causal=0.0037, time=-0.0787, norm=0.0725, lr=9.4629e-04
2026-09-05 22:01:38,012 - Step 2790: ce=3.4642, phys=-0.0006, causal=0.0009, time=-0.0717, norm=0.0665, lr=9.4609e-04
2026-09-05 22:02:02,915 - Step 2800: ce=3.4139, phys=-0.0002, causal=0.0031, time=-0.0618, norm=0.0592, lr=9.4589e-04
2026-09-05 22:02:27,755 - Step 2810: ce=3.2844, phys=0.0009, causal=0.0160, time=-0.0728, norm=0.0665, lr=9.4569e-04
2026-09-05 22:02:52,670 - Step 2820: ce=3.1961, phys=0.0015, causal=0.0214, time=-0.0729, norm=0.0807, lr=9.4549e-04
2026-09-05 22:03:17,657 - Step 2830: ce=3.2322, phys=-0.0003, causal=0.0044, time=-0.0811, norm=0.0802, lr=9.4529e-04
2026-09-05 22:03:42,867 - Step 2840: ce=3.2807, phys=-0.0007, causal=0.0000, time=-0.0776, norm=0.0848, lr=9.4509e-04
2026-09-05 22:04:08,388 - Step 2850: ce=3.1971, phys=0.0010, causal=0.0154, time=-0.0634, norm=0.0644, lr=9.4489e-04
2026-09-05 22:04:33,888 - Step 2860: ce=3.3006, phys=0.0036, causal=0.0419, time=-0.0681, norm=0.0573, lr=9.4469e-04
2026-09-05 22:04:59,452 - Step 2870: ce=3.3932, phys=-0.0004, causal=0.0020, time=-0.0639, norm=0.0587, lr=9.4449e-04
2026-09-05 22:05:24,469 - Step 2880: ce=3.5491, phys=-0.0005, causal=0.0019, time=-0.0813, norm=0.0774, lr=9.4429e-04
2026-09-05 22:05:49,202 - Step 2890: ce=3.3378, phys=-0.0006, causal=0.0000, time=-0.0627, norm=0.0626, lr=9.4409e-04
2026-09-05 22:06:14,024 - Step 2900: ce=3.4260, phys=0.0034, causal=0.0419, time=-0.0826, norm=0.0795, lr=9.4389e-04
2026-09-05 22:06:38,889 - Step 2910: ce=3.3493, phys=-0.0007, causal=0.0000, time=-0.0736, norm=0.0764, lr=9.4369e-04
2026-09-05 22:07:03,607 - Step 2920: ce=3.3929, phys=-0.0007, causal=0.0000, time=-0.0768, norm=0.0748, lr=9.4349e-04
2026-09-05 22:07:28,485 - Step 2930: ce=3.3327, phys=0.0002, causal=0.0081, time=-0.0693, norm=0.0856, lr=9.4329e-04
2026-09-05 22:07:53,369 - Step 2940: ce=3.4420, phys=-0.0001, causal=0.0052, time=-0.0664, norm=0.0614, lr=9.4309e-04
2026-09-05 22:08:17,977 - Step 2950: ce=3.3030, phys=-0.0006, causal=0.0016, time=-0.0847, norm=0.0818, lr=9.4289e-04
2026-09-05 22:08:42,683 - Step 2960: ce=3.3853, phys=-0.0007, causal=0.0000, time=-0.0746, norm=0.0737, lr=9.4269e-04
2026-09-05 22:09:07,206 - Step 2970: ce=3.3535, phys=-0.0002, causal=0.0048, time=-0.0772, norm=0.0716, lr=9.4248e-04
2026-09-05 22:09:31,756 - Step 2980: ce=3.1093, phys=-0.0002, causal=0.0044, time=-0.0706, norm=0.0670, lr=9.4228e-04
2026-09-05 22:09:56,216 - Step 2990: ce=3.3886, phys=-0.0001, causal=0.0042, time=-0.0613, norm=0.0645, lr=9.4208e-04
2026-09-05 22:10:21,120 - Step 3000: ce=3.2680, phys=-0.0004, causal=0.0022, time=-0.0682, norm=0.0597, lr=9.4188e-04
2026-09-05 22:10:45,721 - Step 3010: ce=3.2640, phys=-0.0008, causal=0.0000, time=-0.0837, norm=0.0834, lr=9.4168e-04
2026-09-05 22:11:10,198 - Step 3020: ce=3.4276, phys=-0.0006, causal=0.0015, time=-0.0849, norm=0.0784, lr=9.4148e-04
2026-09-05 22:11:34,684 - Step 3030: ce=3.2595, phys=0.0047, causal=0.0541, time=-0.0851, norm=0.0922, lr=9.4128e-04
2026-09-05 22:11:59,393 - Step 3040: ce=3.3231, phys=-0.0004, causal=0.0039, time=-0.0841, norm=0.0776, lr=9.4108e-04
2026-09-05 22:12:23,940 - Step 3050: ce=3.2410, phys=0.0039, causal=0.0470, time=-0.0869, norm=0.0943, lr=9.4088e-04
2026-09-05 22:12:48,426 - Step 3060: ce=3.4100, phys=0.0005, causal=0.0126, time=-0.0838, norm=0.0703, lr=9.4068e-04
2026-09-05 22:13:12,850 - Step 3070: ce=3.3117, phys=-0.0006, causal=0.0000, time=-0.0686, norm=0.0656, lr=9.4048e-04
2026-09-05 22:13:37,466 - Step 3080: ce=3.2374, phys=0.0002, causal=0.0085, time=-0.0768, norm=0.0751, lr=9.4028e-04
2026-09-05 22:14:01,965 - Step 3090: ce=3.1969, phys=-0.0003, causal=0.0032, time=-0.0704, norm=0.0650, lr=9.4008e-04
2026-09-05 22:14:26,243 - Step 3100: ce=3.2372, phys=-0.0008, causal=0.0000, time=-0.0838, norm=0.0788, lr=9.3988e-04
2026-09-05 22:14:50,666 - Step 3110: ce=3.3757, phys=0.0019, causal=0.0252, time=-0.0647, norm=0.0760, lr=9.3968e-04
2026-09-05 22:15:15,406 - Step 3120: ce=3.2765, phys=-0.0007, causal=0.0000, time=-0.0728, norm=0.0681, lr=9.3948e-04
2026-09-05 22:15:39,675 - Step 3130: ce=3.3401, phys=-0.0004, causal=0.0044, time=-0.0928, norm=0.0837, lr=9.3928e-04
2026-09-05 22:16:04,197 - Step 3140: ce=3.4282, phys=-0.0004, causal=0.0000, time=-0.0426, norm=0.0724, lr=9.3908e-04
2026-09-05 22:16:28,887 - Step 3150: ce=3.4167, phys=-0.0007, causal=0.0000, time=-0.0797, norm=0.0764, lr=9.3888e-04
2026-09-05 22:16:53,517 - Step 3160: ce=3.2262, phys=0.0021, causal=0.0299, time=-0.1012, norm=0.1154, lr=9.3868e-04
2026-09-05 22:17:18,096 - Step 3170: ce=3.3965, phys=-0.0005, causal=0.0010, time=-0.0696, norm=0.0550, lr=9.3848e-04
2026-09-05 22:17:42,901 - Step 3180: ce=3.2282, phys=-0.0003, causal=0.0035, time=-0.0709, norm=0.0605, lr=9.3828e-04
2026-09-05 22:18:07,570 - Step 3190: ce=3.1529, phys=-0.0008, causal=0.0000, time=-0.0837, norm=0.0834, lr=9.3808e-04
2026-09-05 22:18:32,384 - Step 3200: ce=3.2649, phys=-0.0007, causal=0.0000, time=-0.0757, norm=0.0788, lr=9.3788e-04
2026-09-05 22:18:56,970 - Step 3210: ce=3.3414, phys=-0.0008, causal=0.0000, time=-0.0837, norm=0.0834, lr=9.3768e-04
2026-09-05 22:19:21,533 - Step 3220: ce=3.4291, phys=-0.0002, causal=0.0041, time=-0.0674, norm=0.0813, lr=9.3747e-04
2026-09-05 22:19:46,420 - Step 3230: ce=3.3680, phys=-0.0005, causal=0.0003, time=-0.0657, norm=0.0810, lr=9.3727e-04
2026-09-05 22:20:11,613 - Step 3240: ce=3.3560, phys=-0.0006, causal=0.0000, time=-0.0651, norm=0.0638, lr=9.3707e-04
2026-09-05 22:20:37,503 - Step 3250: ce=3.2607, phys=-0.0006, causal=0.0000, time=-0.0713, norm=0.0671, lr=9.3687e-04
2026-09-05 22:21:03,287 - Step 3260: ce=3.2545, phys=0.0007, causal=0.0150, time=-0.0862, norm=0.0789, lr=9.3667e-04
2026-09-05 22:21:29,081 - Step 3270: ce=3.2550, phys=0.0007, causal=0.0146, time=-0.0852, norm=0.0789, lr=9.3647e-04
2026-09-05 22:21:55,310 - Step 3280: ce=3.2488, phys=0.0025, causal=0.0321, time=-0.0723, norm=0.0537, lr=9.3627e-04
2026-09-05 22:22:21,466 - Step 3290: ce=3.3264, phys=-0.0007, causal=0.0000, time=-0.0732, norm=0.0730, lr=9.3607e-04
2026-09-05 22:22:47,407 - Step 3300: ce=3.3211, phys=0.0033, causal=0.0406, time=-0.0852, norm=0.0840, lr=9.3587e-04
2026-09-05 22:23:12,983 - Step 3310: ce=3.3270, phys=-0.0004, causal=0.0050, time=-0.0947, norm=0.0836, lr=9.3567e-04
2026-09-05 22:23:38,113 - Step 3320: ce=3.3266, phys=-0.0008, causal=0.0000, time=-0.0837, norm=0.0834, lr=9.3547e-04
2026-09-05 22:24:03,367 - Step 3330: ce=3.4945, phys=-0.0010, causal=0.0000, time=-0.1097, norm=0.0954, lr=9.3527e-04
2026-09-05 22:24:29,001 - Step 3340: ce=3.1823, phys=-0.0005, causal=0.0024, time=-0.0761, norm=0.0663, lr=9.3507e-04
2026-09-05 22:24:54,867 - Step 3350: ce=3.3731, phys=0.0064, causal=0.0732, time=-0.0964, norm=0.0953, lr=9.3487e-04
2026-09-05 22:25:19,748 - Step 3360: ce=3.3850, phys=-0.0001, causal=0.0063, time=-0.0853, norm=0.0812, lr=9.3467e-04
2026-09-05 22:25:44,848 - Step 3370: ce=3.2887, phys=0.0021, causal=0.0274, time=-0.0760, norm=0.0703, lr=9.3447e-04
2026-09-05 22:26:09,725 - Step 3380: ce=3.3381, phys=-0.0007, causal=0.0000, time=-0.0749, norm=0.0738, lr=9.3427e-04
2026-09-05 22:26:34,697 - Step 3390: ce=3.2963, phys=-0.0008, causal=0.0000, time=-0.0837, norm=0.0834, lr=9.3407e-04
2026-09-05 22:27:00,321 - Step 3400: ce=3.3369, phys=-0.0004, causal=0.0020, time=-0.0672, norm=0.0593, lr=9.3387e-04
2026-09-05 22:27:25,400 - Step 3410: ce=3.2273, phys=-0.0007, causal=0.0000, time=-0.0749, norm=0.0738, lr=9.3367e-04
2026-09-05 22:27:50,518 - Step 3420: ce=3.2573, phys=-0.0007, causal=0.0000, time=-0.0781, norm=0.0756, lr=9.3347e-04
2026-09-05 22:28:16,014 - Step 3430: ce=3.3138, phys=0.0001, causal=0.0093, time=-0.0887, norm=0.0832, lr=9.3327e-04
2026-09-05 22:28:41,030 - Step 3440: ce=3.6342, phys=-0.0004, causal=0.0000, time=-0.0440, norm=0.0528, lr=9.3307e-04
2026-09-05 22:29:06,195 - Step 3450: ce=3.2882, phys=-0.0002, causal=0.0048, time=-0.0787, norm=0.0721, lr=9.3287e-04
2026-09-05 22:29:31,658 - Step 3460: ce=3.2056, phys=-0.0006, causal=0.0000, time=-0.0660, norm=0.0651, lr=9.3267e-04
2026-09-05 22:29:56,938 - Step 3470: ce=3.2355, phys=-0.0008, causal=0.0000, time=-0.0837, norm=0.0834, lr=9.3246e-04
2026-09-05 22:30:22,434 - Step 3480: ce=3.3401, phys=-0.0004, causal=0.0023, time=-0.0676, norm=0.0734, lr=9.3226e-04
2026-09-05 22:30:47,228 - Step 3490: ce=3.3341, phys=-0.0006, causal=0.0006, time=-0.0768, norm=0.0689, lr=9.3206e-04
2026-09-05 22:31:12,832 - Step 3500: ce=3.3054, phys=-0.0006, causal=0.0000, time=-0.0661, norm=0.0643, lr=9.3186e-04
2026-09-05 22:31:37,283 - Step 3510: ce=3.3024, phys=-0.0008, causal=0.0000, time=-0.0837, norm=0.0834, lr=9.3166e-04
2026-09-05 22:32:02,258 - Step 3520: ce=3.4622, phys=-0.0008, causal=0.0000, time=-0.0837, norm=0.0834, lr=9.3146e-04
2026-09-05 22:32:27,013 - Step 3530: ce=3.4530, phys=-0.0006, causal=0.0000, time=-0.0656, norm=0.0660, lr=9.3126e-04
2026-09-05 22:32:51,789 - Step 3540: ce=3.1943, phys=-0.0007, causal=0.0000, time=-0.0794, norm=0.0763, lr=9.3106e-04
2026-09-05 22:33:16,949 - Step 3550: ce=3.2015, phys=0.0017, causal=0.0253, time=-0.0893, norm=0.0746, lr=9.3086e-04
2026-09-05 22:33:41,276 - Step 3560: ce=3.4134, phys=-0.0007, causal=0.0000, time=-0.0831, norm=0.0832, lr=9.3066e-04
2026-09-05 22:34:06,534 - Step 3570: ce=3.2411, phys=-0.0007, causal=0.0000, time=-0.0835, norm=0.0868, lr=9.3046e-04
2026-09-05 22:34:31,689 - Step 3580: ce=3.3716, phys=-0.0004, causal=0.0000, time=-0.0480, norm=0.0449, lr=9.3026e-04
2026-09-05 22:34:56,540 - Step 3590: ce=3.1634, phys=-0.0009, causal=0.0000, time=-0.0944, norm=0.0865, lr=9.3006e-04
2026-09-05 22:35:21,552 - Step 3600: ce=3.3374, phys=-0.0000, causal=0.0074, time=-0.0852, norm=0.0822, lr=9.2986e-04
2026-09-05 22:35:46,598 - Step 3610: ce=3.4235, phys=-0.0001, causal=0.0056, time=-0.0733, norm=0.0708, lr=9.2966e-04
2026-09-05 22:36:11,816 - Step 3620: ce=3.1937, phys=0.0028, causal=0.0357, time=-0.0858, norm=0.0795, lr=9.2946e-04
2026-09-05 22:36:37,279 - Step 3630: ce=3.5889, phys=-0.0007, causal=0.0000, time=-0.0732, norm=0.0730, lr=9.2926e-04
2026-09-05 22:37:02,705 - Step 3640: ce=3.4752, phys=-0.0002, causal=0.0041, time=-0.0721, norm=0.0718, lr=9.2906e-04
2026-09-05 22:37:27,940 - Step 3650: ce=3.4495, phys=0.0002, causal=0.0082, time=-0.0704, norm=0.0807, lr=9.2886e-04
2026-09-05 22:37:53,599 - Step 3660: ce=3.3399, phys=0.0004, causal=0.0116, time=-0.0868, norm=0.0847, lr=9.2866e-04
2026-09-05 22:38:19,599 - Step 3670: ce=3.2709, phys=-0.0006, causal=0.0016, time=-0.0809, norm=0.0776, lr=9.2846e-04
2026-09-05 22:38:44,312 - Step 3680: ce=3.2979, phys=0.0005, causal=0.0107, time=-0.0676, norm=0.0693, lr=9.2826e-04
2026-09-05 22:39:09,386 - Step 3690: ce=3.2290, phys=-0.0008, causal=0.0000, time=-0.0837, norm=0.0834, lr=9.2806e-04
2026-09-05 22:39:35,284 - Step 3700: ce=3.4077, phys=-0.0006, causal=0.0018, time=-0.0830, norm=0.0781, lr=9.2786e-04
2026-09-05 22:40:00,200 - Step 3710: ce=3.3963, phys=-0.0008, causal=0.0000, time=-0.0834, norm=0.0786, lr=9.2766e-04
2026-09-05 22:40:25,725 - Step 3720: ce=3.4438, phys=-0.0008, causal=0.0000, time=-0.0837, norm=0.0834, lr=9.2745e-04
2026-09-05 22:40:50,848 - Step 3730: ce=3.2831, phys=-0.0006, causal=0.0000, time=-0.0679, norm=0.0652, lr=9.2725e-04
2026-09-05 22:41:16,064 - Step 3740: ce=3.4409, phys=-0.0003, causal=0.0035, time=-0.0746, norm=0.0689, lr=9.2705e-04
2026-09-05 22:41:41,548 - Step 3750: ce=3.4350, phys=-0.0007, causal=0.0000, time=-0.0786, norm=0.0758, lr=9.2685e-04
2026-09-05 22:42:06,674 - Step 3760: ce=3.4178, phys=-0.0001, causal=0.0058, time=-0.0704, norm=0.0645, lr=9.2665e-04
2026-09-05 22:42:32,475 - Step 3770: ce=3.3869, phys=-0.0005, causal=0.0000, time=-0.0540, norm=0.0645, lr=9.2645e-04
2026-09-05 22:42:57,433 - Step 3780: ce=3.3095, phys=-0.0008, causal=0.0000, time=-0.0837, norm=0.0834, lr=9.2625e-04
2026-09-05 22:43:23,425 - Step 3790: ce=3.3973, phys=-0.0006, causal=0.0019, time=-0.0823, norm=0.0793, lr=9.2605e-04
2026-09-05 22:43:48,246 - Step 3800: ce=3.3639, phys=-0.0008, causal=0.0000, time=-0.0870, norm=0.0805, lr=9.2585e-04
2026-09-05 22:44:13,480 - Step 3810: ce=3.6538, phys=-0.0007, causal=0.0000, time=-0.0812, norm=0.0773, lr=9.2565e-04
2026-09-05 22:44:39,494 - Step 3820: ce=3.2355, phys=0.0025, causal=0.0326, time=-0.0852, norm=0.0841, lr=9.2545e-04
2026-09-05 22:45:05,088 - Step 3830: ce=3.3367, phys=-0.0006, causal=0.0013, time=-0.0807, norm=0.0723, lr=9.2525e-04
2026-09-05 22:45:30,210 - Step 3840: ce=3.2476, phys=-0.0003, causal=0.0051, time=-0.0903, norm=0.0811, lr=9.2505e-04
2026-09-05 22:45:56,053 - Step 3850: ce=3.3440, phys=0.0005, causal=0.0120, time=-0.0809, norm=0.0790, lr=9.2485e-04
2026-09-05 22:46:21,461 - Step 3860: ce=3.3659, phys=0.0008, causal=0.0141, time=-0.0698, norm=0.0724, lr=9.2465e-04
2026-09-05 22:46:46,947 - Step 3870: ce=3.5522, phys=-0.0006, causal=0.0000, time=-0.0679, norm=0.0604, lr=9.2445e-04
2026-09-05 22:47:12,442 - Step 3880: ce=3.3103, phys=-0.0007, causal=0.0000, time=-0.0774, norm=0.0752, lr=9.2425e-04
2026-09-05 22:47:36,903 - Step 3890: ce=3.2916, phys=-0.0007, causal=0.0000, time=-0.0822, norm=0.0779, lr=9.2405e-04
2026-09-05 22:48:03,159 - Step 3900: ce=3.2730, phys=-0.0007, causal=0.0000, time=-0.0828, norm=0.0838, lr=9.2385e-04
2026-09-05 22:48:28,375 - Step 3910: ce=3.3984, phys=-0.0008, causal=0.0000, time=-0.0837, norm=0.0834, lr=9.2365e-04
2026-09-05 22:48:53,574 - Step 3920: ce=3.2587, phys=-0.0002, causal=0.0038, time=-0.0712, norm=0.0847, lr=9.2345e-04
2026-09-05 22:49:19,662 - Step 3930: ce=3.3305, phys=-0.0007, causal=0.0000, time=-0.0794, norm=0.0763, lr=9.2325e-04
2026-09-05 22:49:45,117 - Step 3940: ce=3.3440, phys=-0.0008, causal=0.0000, time=-0.0907, norm=0.0835, lr=9.2305e-04
2026-09-05 22:50:10,601 - Step 3950: ce=3.2835, phys=-0.0009, causal=0.0000, time=-0.1029, norm=0.1078, lr=9.2285e-04
2026-09-05 22:50:35,641 - Step 3960: ce=3.3754, phys=-0.0006, causal=0.0000, time=-0.0691, norm=0.0659, lr=9.2265e-04
2026-09-05 22:51:00,306 - Step 3970: ce=3.2465, phys=-0.0008, causal=0.0000, time=-0.0837, norm=0.0834, lr=9.2244e-04
2026-09-05 22:51:25,706 - Step 3980: ce=3.3608, phys=-0.0005, causal=0.0000, time=-0.0540, norm=0.0532, lr=9.2224e-04
2026-09-05 22:51:50,721 - Step 3990: ce=3.5026, phys=-0.0006, causal=0.0005, time=-0.0766, norm=0.0744, lr=9.2204e-04
2026-09-05 22:52:15,522 - Step 4000: ce=3.3132, phys=0.0004, causal=0.0102, time=-0.0712, norm=0.0680, lr=9.2184e-04
2026-09-05 22:52:40,314 - Step 4010: ce=3.9186, phys=-0.0004, causal=0.0037, time=-0.0801, norm=0.0729, lr=9.2164e-04
2026-09-05 22:53:05,161 - Step 4020: ce=3.1144, phys=0.0062, causal=0.0703, time=-0.0859, norm=0.0679, lr=9.2144e-04
2026-09-05 22:53:29,773 - Step 4030: ce=3.5504, phys=0.0028, causal=0.0353, time=-0.0813, norm=0.0822, lr=9.2124e-04
2026-09-05 22:53:54,556 - Step 4040: ce=3.2401, phys=-0.0008, causal=0.0000, time=-0.0837, norm=0.0834, lr=9.2104e-04
2026-09-05 22:54:19,638 - Step 4050: ce=3.2901, phys=-0.0002, causal=0.0048, time=-0.0711, norm=0.0749, lr=9.2084e-04
2026-09-05 22:54:43,875 - Step 4060: ce=3.5794, phys=0.0001, causal=0.0100, time=-0.0975, norm=0.0827, lr=9.2064e-04
2026-09-05 22:55:09,637 - Step 4070: ce=3.2419, phys=-0.0008, causal=0.0000, time=-0.0832, norm=0.0712, lr=9.2044e-04
2026-09-05 22:55:34,464 - Step 4080: ce=3.5566, phys=-0.0006, causal=0.0000, time=-0.0677, norm=0.0848, lr=9.2024e-04
2026-09-05 22:55:59,009 - Step 4090: ce=3.2059, phys=0.0004, causal=0.0121, time=-0.0851, norm=0.0840, lr=9.2004e-04
2026-09-05 22:56:23,441 - Step 4100: ce=3.3334, phys=-0.0004, causal=0.0027, time=-0.0718, norm=0.0758, lr=9.1984e-04
2026-09-05 22:56:48,028 - Step 4110: ce=3.2629, phys=0.0015, causal=0.0234, time=-0.0882, norm=0.0787, lr=9.1964e-04
2026-09-05 22:57:13,933 - Step 4120: ce=3.2615, phys=-0.0007, causal=0.0000, time=-0.0756, norm=0.0647, lr=9.1944e-04
2026-09-05 22:57:38,967 - Step 4130: ce=3.5331, phys=-0.0006, causal=0.0003, time=-0.0726, norm=0.0673, lr=9.1924e-04
2026-09-05 22:58:04,095 - Step 4140: ce=3.2743, phys=0.0006, causal=0.0136, time=-0.0849, norm=0.0757, lr=9.1904e-04
2026-09-05 22:58:28,727 - Step 4150: ce=3.6312, phys=-0.0002, causal=0.0032, time=-0.0596, norm=0.0589, lr=9.1884e-04
2026-09-05 22:58:53,409 - Step 4160: ce=3.2671, phys=-0.0006, causal=0.0015, time=-0.0818, norm=0.0769, lr=9.1864e-04
2026-09-05 22:59:18,896 - Step 4170: ce=3.3632, phys=-0.0005, causal=0.0012, time=-0.0660, norm=0.0592, lr=9.1844e-04
2026-09-05 22:59:45,064 - Step 4180: ce=3.2832, phys=-0.0006, causal=0.0000, time=-0.0631, norm=0.0577, lr=9.1824e-04
2026-09-05 23:00:10,744 - Step 4190: ce=3.5207, phys=-0.0000, causal=0.0041, time=-0.0563, norm=0.1127, lr=9.1804e-04
2026-09-05 23:00:35,110 - Step 4200: ce=3.4043, phys=0.0001, causal=0.0083, time=-0.0839, norm=0.0831, lr=9.1784e-04
2026-09-05 23:00:59,953 - Step 4210: ce=3.3560, phys=-0.0007, causal=0.0000, time=-0.0761, norm=0.0625, lr=9.1764e-04
2026-09-05 23:01:24,730 - Step 4220: ce=3.2952, phys=0.0010, causal=0.0163, time=-0.0673, norm=0.0658, lr=9.1743e-04
2026-09-05 23:01:50,855 - Step 4230: ce=3.3020, phys=-0.0004, causal=0.0037, time=-0.0827, norm=0.0757, lr=9.1723e-04
2026-09-05 23:02:15,329 - Step 4240: ce=3.2394, phys=0.0035, causal=0.0417, time=-0.0702, norm=0.0738, lr=9.1703e-04
2026-09-05 23:02:39,970 - Step 4250: ce=3.3053, phys=-0.0008, causal=0.0000, time=-0.0837, norm=0.0834, lr=9.1683e-04
2026-09-05 23:03:05,837 - Step 4260: ce=3.5193, phys=-0.0003, causal=0.0044, time=-0.0773, norm=0.0704, lr=9.1663e-04
2026-09-05 23:03:31,401 - Step 4270: ce=3.3090, phys=-0.0004, causal=0.0025, time=-0.0668, norm=0.0585, lr=9.1643e-04
2026-09-05 23:03:57,023 - Step 4280: ce=3.3300, phys=-0.0008, causal=0.0000, time=-0.0837, norm=0.0834, lr=9.1623e-04
2026-09-05 23:04:21,507 - Step 4290: ce=3.1788, phys=-0.0003, causal=0.0052, time=-0.0897, norm=0.0743, lr=9.1603e-04
2026-09-05 23:04:48,266 - Step 4300: ce=3.4511, phys=-0.0003, causal=0.0040, time=-0.0732, norm=0.0650, lr=9.1583e-04
2026-09-05 23:05:13,427 - Step 4310: ce=3.1871, phys=-0.0007, causal=0.0000, time=-0.0765, norm=0.0699, lr=9.1563e-04
2026-09-05 23:05:38,872 - Step 4320: ce=3.1769, phys=0.0015, causal=0.0227, time=-0.0894, norm=0.0825, lr=9.1543e-04
2026-09-05 23:06:04,099 - Step 4330: ce=3.3512, phys=-0.0006, causal=0.0015, time=-0.0800, norm=0.0704, lr=9.1523e-04
2026-09-05 23:06:30,543 - Step 4340: ce=3.4449, phys=-0.0005, causal=0.0023, time=-0.0761, norm=0.0709, lr=9.1503e-04
2026-09-05 23:06:55,810 - Step 4350: ce=3.2896, phys=-0.0000, causal=0.0083, time=-0.0920, norm=0.0831, lr=9.1483e-04
2026-09-05 23:07:21,289 - Step 4360: ce=3.3323, phys=-0.0005, causal=0.0053, time=-0.1090, norm=0.0883, lr=9.1463e-04
2026-09-05 23:07:45,952 - Step 4370: ce=3.2692, phys=-0.0003, causal=0.0048, time=-0.0859, norm=0.0743, lr=9.1443e-04
2026-09-05 23:08:10,505 - Step 4380: ce=3.3980, phys=-0.0001, causal=0.0075, time=-0.0881, norm=0.0630, lr=9.1423e-04
2026-09-05 23:08:35,815 - Step 4390: ce=3.6376, phys=-0.0005, causal=0.0000, time=-0.0602, norm=0.0599, lr=9.1403e-04
2026-09-05 23:09:00,007 - Step 4400: ce=3.6310, phys=-0.0006, causal=0.0000, time=-0.0649, norm=0.0639, lr=9.1383e-04
2026-09-05 23:09:25,352 - Step 4410: ce=3.1715, phys=0.0004, causal=0.0111, time=-0.0837, norm=0.0827, lr=9.1363e-04
2026-09-05 23:09:50,989 - Step 4420: ce=3.4176, phys=-0.0007, causal=0.0000, time=-0.0732, norm=0.0730, lr=9.1343e-04
2026-09-05 23:10:17,509 - Step 4430: ce=3.4125, phys=-0.0005, causal=0.0011, time=-0.0696, norm=0.0850, lr=9.1323e-04
2026-09-05 23:10:42,924 - Step 4440: ce=3.3572, phys=-0.0006, causal=0.0005, time=-0.0733, norm=0.0806, lr=9.1303e-04
2026-09-05 23:11:08,706 - Step 4450: ce=3.6001, phys=-0.0002, causal=0.0055, time=-0.0827, norm=0.0726, lr=9.1283e-04
2026-09-05 23:11:34,493 - Step 4460: ce=3.1846, phys=-0.0003, causal=0.0037, time=-0.0781, norm=0.0692, lr=9.1263e-04
2026-09-05 23:11:59,700 - Step 4470: ce=3.3386, phys=0.0027, causal=0.0340, time=-0.0769, norm=0.0703, lr=9.1242e-04
2026-09-05 23:12:25,922 - Step 4480: ce=3.5352, phys=-0.0002, causal=0.0051, time=-0.0780, norm=0.0731, lr=9.1222e-04
2026-09-05 23:12:50,062 - Step 4490: ce=3.3141, phys=0.0046, causal=0.0545, time=-0.0972, norm=0.0862, lr=9.1202e-04
2026-09-05 23:13:15,443 - Step 4500: ce=3.1744, phys=-0.0007, causal=0.0000, time=-0.0772, norm=0.0751, lr=9.1182e-04
2026-09-05 23:13:40,293 - Step 4510: ce=3.5488, phys=-0.0009, causal=0.0000, time=-0.0953, norm=0.0773, lr=9.1162e-04
2026-09-05 23:14:05,945 - Step 4520: ce=3.5005, phys=0.0002, causal=0.0081, time=-0.0633, norm=0.0533, lr=9.1142e-04
2026-09-05 23:14:31,812 - Step 4530: ce=3.3129, phys=0.0011, causal=0.0190, time=-0.0836, norm=0.0574, lr=9.1122e-04
2026-09-05 23:14:56,873 - Step 4540: ce=3.3947, phys=0.0002, causal=0.0095, time=-0.0768, norm=0.0598, lr=9.1102e-04
2026-09-05 23:15:21,282 - Step 4550: ce=3.3324, phys=-0.0009, causal=0.0000, time=-0.1003, norm=0.0794, lr=9.1082e-04
2026-09-05 23:15:45,574 - Step 4560: ce=3.4020, phys=-0.0006, causal=0.0000, time=-0.0627, norm=0.0576, lr=9.1062e-04
2026-09-05 23:16:10,916 - Step 4570: ce=3.2387, phys=-0.0002, causal=0.0071, time=-0.0984, norm=0.0780, lr=9.1042e-04
2026-09-05 23:16:36,444 - Step 4580: ce=3.6693, phys=-0.0006, causal=0.0000, time=-0.0627, norm=0.0626, lr=9.1022e-04
2026-09-05 23:17:02,202 - Step 4590: ce=3.2727, phys=-0.0005, causal=0.0027, time=-0.0855, norm=0.0757, lr=9.1002e-04
2026-09-05 23:17:27,132 - Step 4600: ce=3.1987, phys=0.0018, causal=0.0250, time=-0.0818, norm=0.0729, lr=9.0982e-04
2026-09-05 23:17:51,925 - Step 4610: ce=3.3050, phys=-0.0006, causal=0.0000, time=-0.0732, norm=0.0823, lr=9.0962e-04
2026-09-05 23:18:16,815 - Step 4620: ce=3.2633, phys=-0.0007, causal=0.0003, time=-0.0766, norm=0.0752, lr=9.0942e-04
2026-09-05 23:18:41,550 - Step 4630: ce=3.2733, phys=0.0002, causal=0.0102, time=-0.0907, norm=0.0749, lr=9.0922e-04
2026-09-05 23:19:06,583 - Step 4640: ce=3.3295, phys=-0.0001, causal=0.0068, time=-0.0813, norm=0.0674, lr=9.0902e-04
2026-09-05 23:19:31,633 - Step 4650: ce=3.2755, phys=-0.0005, causal=0.0018, time=-0.0696, norm=0.0667, lr=9.0882e-04
2026-09-05 23:19:58,651 - Step 4660: ce=3.1937, phys=-0.0002, causal=0.0045, time=-0.0703, norm=0.0645, lr=9.0862e-04
2026-09-05 23:20:23,790 - Step 4670: ce=3.6887, phys=0.0001, causal=0.0084, time=-0.0814, norm=0.0637, lr=9.0842e-04
2026-09-05 23:20:48,612 - Step 4680: ce=3.3354, phys=-0.0008, causal=0.0000, time=-0.0837, norm=0.0834, lr=9.0822e-04
2026-09-05 23:21:13,084 - Step 4690: ce=3.2229, phys=0.0035, causal=0.0412, time=-0.0737, norm=0.0666, lr=9.0802e-04
2026-09-05 23:21:37,596 - Step 4700: ce=3.2918, phys=-0.0007, causal=0.0000, time=-0.0745, norm=0.0683, lr=9.0782e-04
2026-09-05 23:22:03,492 - Step 4710: ce=3.2768, phys=-0.0002, causal=0.0042, time=-0.0717, norm=0.0621, lr=9.0762e-04
2026-09-05 23:22:28,593 - Step 4720: ce=3.2827, phys=-0.0001, causal=0.0068, time=-0.0806, norm=0.0768, lr=9.0741e-04
2026-09-05 23:22:53,731 - Step 4730: ce=3.2393, phys=-0.0006, causal=0.0000, time=-0.0696, norm=0.0662, lr=9.0721e-04
2026-09-05 23:23:18,873 - Step 4740: ce=3.3401, phys=-0.0008, causal=0.0000, time=-0.0874, norm=0.0812, lr=9.0701e-04
2026-09-05 23:23:44,148 - Step 4750: ce=3.2603, phys=-0.0005, causal=0.0018, time=-0.0767, norm=0.0763, lr=9.0681e-04
2026-09-05 23:24:08,568 - Step 4760: ce=3.2247, phys=-0.0006, causal=0.0000, time=-0.0638, norm=0.0722, lr=9.0661e-04
2026-09-05 23:24:33,334 - Step 4770: ce=3.3259, phys=-0.0007, causal=0.0002, time=-0.0737, norm=0.0682, lr=9.0641e-04
2026-09-05 23:25:00,028 - Step 4780: ce=3.3327, phys=-0.0002, causal=0.0049, time=-0.0732, norm=0.0687, lr=9.0621e-04
2026-09-05 23:25:26,397 - Step 4790: ce=3.3008, phys=-0.0007, causal=0.0000, time=-0.0754, norm=0.0741, lr=9.0601e-04
2026-09-05 23:25:53,124 - Step 4800: ce=3.8895, phys=-0.0005, causal=0.0000, time=-0.0534, norm=0.0477, lr=9.0581e-04
2026-09-05 23:26:18,240 - Step 4810: ce=3.3422, phys=-0.0007, causal=0.0002, time=-0.0770, norm=0.0701, lr=9.0561e-04
2026-09-05 23:26:43,479 - Step 4820: ce=3.2775, phys=-0.0007, causal=0.0026, time=-0.0993, norm=0.0679, lr=9.0541e-04
2026-09-05 23:27:07,808 - Step 4830: ce=3.3866, phys=0.0043, causal=0.0529, time=-0.1063, norm=0.0976, lr=9.0521e-04
2026-09-05 23:27:35,097 - Step 4840: ce=3.4087, phys=-0.0006, causal=0.0000, time=-0.0638, norm=0.0582, lr=9.0501e-04
2026-09-05 23:28:01,219 - Step 4850: ce=3.3147, phys=0.0003, causal=0.0089, time=-0.0658, norm=0.0613, lr=9.0481e-04
2026-09-05 23:28:26,608 - Step 4860: ce=3.3054, phys=-0.0006, causal=0.0000, time=-0.0630, norm=0.0577, lr=9.0461e-04
2026-09-05 23:28:52,003 - Step 4870: ce=3.3161, phys=0.0053, causal=0.0596, time=-0.0788, norm=0.0906, lr=9.0441e-04
2026-09-05 23:29:17,174 - Step 4880: ce=3.2702, phys=0.0001, causal=0.0061, time=-0.0563, norm=0.0534, lr=9.0421e-04
2026-09-05 23:29:42,594 - Step 4890: ce=3.3440, phys=0.0005, causal=0.0129, time=-0.0821, norm=0.0719, lr=9.0401e-04
2026-09-05 23:30:08,709 - Step 4900: ce=3.4610, phys=0.0005, causal=0.0104, time=-0.0630, norm=0.0558, lr=9.0381e-04
2026-09-05 23:30:33,008 - Step 4910: ce=3.4862, phys=0.0038, causal=0.0455, time=-0.0836, norm=0.1013, lr=9.0361e-04
2026-09-05 23:30:58,530 - Step 4920: ce=3.3220, phys=0.0020, causal=0.0278, time=-0.0905, norm=0.0867, lr=9.0341e-04
2026-09-05 23:31:23,064 - Step 4930: ce=3.4921, phys=0.0017, causal=0.0236, time=-0.0769, norm=0.0722, lr=9.0321e-04
2026-09-05 23:31:47,920 - Step 4940: ce=3.3626, phys=0.0039, causal=0.0453, time=-0.0742, norm=0.0758, lr=9.0301e-04
2026-09-05 23:32:12,544 - Step 4950: ce=3.2833, phys=0.0004, causal=0.0119, time=-0.0858, norm=0.0786, lr=9.0281e-04
2026-09-05 23:32:37,400 - Step 4960: ce=3.3769, phys=-0.0006, causal=0.0000, time=-0.0711, norm=0.0621, lr=9.0261e-04
2026-09-05 23:33:03,039 - Step 4970: ce=3.2203, phys=0.0002, causal=0.0078, time=-0.0664, norm=0.0610, lr=9.0240e-04
2026-09-05 23:33:26,823 - Step 4980: ce=3.2699, phys=0.0023, causal=0.0301, time=-0.0739, norm=0.0750, lr=9.0220e-04
2026-09-05 23:33:51,659 - Step 4990: ce=3.3314, phys=-0.0007, causal=0.0000, time=-0.0792, norm=0.0762, lr=9.0200e-04
2026-09-05 23:34:16,662 - Step 5000: ce=3.3036, phys=-0.0006, causal=0.0000, time=-0.0667, norm=0.0705, lr=9.0180e-04
2026-09-05 23:57:12,749 - Best model saved at step 5000 with val loss 2.8886
2026-09-05 23:57:38,058 - Step 5010: ce=3.1902, phys=0.0008, causal=0.0150, time=-0.0770, norm=0.0703, lr=9.0160e-04
2026-09-05 23:58:02,877 - Step 5020: ce=3.3659, phys=0.0058, causal=0.0648, time=-0.0797, norm=0.0941, lr=9.0140e-04
2026-09-05 23:58:28,114 - Step 5030: ce=3.2607, phys=0.0010, causal=0.0159, time=-0.0642, norm=0.0553, lr=9.0120e-04
2026-09-05 23:58:52,523 - Step 5040: ce=3.1806, phys=-0.0003, causal=0.0027, time=-0.0677, norm=0.0668, lr=9.0100e-04
2026-09-05 23:59:17,924 - Step 5050: ce=3.3717, phys=-0.0008, causal=0.0000, time=-0.0837, norm=0.0834, lr=9.0080e-04
2026-09-05 23:59:43,345 - Step 5060: ce=3.4422, phys=-0.0008, causal=0.0000, time=-0.0837, norm=0.0834, lr=9.0060e-04
2026-09-06 00:00:07,314 - Step 5070: ce=3.3125, phys=-0.0003, causal=0.0051, time=-0.0931, norm=0.0829, lr=9.0040e-04
2026-09-06 00:00:32,521 - Step 5080: ce=3.2419, phys=0.0001, causal=0.0084, time=-0.0780, norm=0.0727, lr=9.0020e-04
2026-09-06 00:00:57,235 - Step 5090: ce=3.2632, phys=-0.0004, causal=0.0019, time=-0.0703, norm=0.0888, lr=9.0000e-04
2026-09-06 00:01:21,578 - Step 5100: ce=3.1300, phys=-0.0002, causal=0.0056, time=-0.0797, norm=0.0733, lr=8.9980e-04
2026-09-06 00:01:46,756 - Step 5110: ce=3.3710, phys=-0.0006, causal=0.0007, time=-0.0723, norm=0.0678, lr=8.9960e-04
2026-09-06 00:02:11,383 - Step 5120: ce=3.6187, phys=-0.0007, causal=0.0000, time=-0.0768, norm=0.0748, lr=8.9940e-04
2026-09-06 00:02:35,579 - Step 5130: ce=3.3285, phys=-0.0008, causal=0.0000, time=-0.0837, norm=0.0834, lr=8.9920e-04
2026-09-06 00:03:00,278 - Step 5140: ce=3.3298, phys=-0.0008, causal=0.0000, time=-0.0860, norm=0.0820, lr=8.9900e-04
2026-09-06 00:03:25,136 - Step 5150: ce=3.1406, phys=-0.0000, causal=0.0076, time=-0.0877, norm=0.0760, lr=8.9880e-04
2026-09-06 00:03:50,064 - Step 5160: ce=3.6815, phys=0.0070, causal=0.0766, time=-0.0806, norm=0.1084, lr=8.9860e-04
2026-09-06 00:04:14,794 - Step 5170: ce=3.2809, phys=-0.0006, causal=0.0002, time=-0.0675, norm=0.0641, lr=8.9840e-04
2026-09-06 00:04:40,080 - Step 5180: ce=3.5421, phys=0.0008, causal=0.0137, time=-0.0621, norm=0.0646, lr=8.9820e-04
2026-09-06 00:05:04,076 - Step 5190: ce=3.2453, phys=-0.0008, causal=0.0000, time=-0.0844, norm=0.0792, lr=8.9800e-04
2026-09-06 00:05:29,345 - Step 5200: ce=3.3327, phys=-0.0008, causal=0.0000, time=-0.0837, norm=0.0834, lr=8.9780e-04
2026-09-06 00:05:53,051 - Step 5210: ce=3.2467, phys=0.0041, causal=0.0482, time=-0.0842, norm=0.1036, lr=8.9760e-04
2026-09-06 00:06:18,176 - Step 5220: ce=3.2305, phys=-0.0004, causal=0.0032, time=-0.0810, norm=0.0797, lr=8.9739e-04
2026-09-06 00:06:42,746 - Step 5230: ce=3.2553, phys=0.0036, causal=0.0437, time=-0.0854, norm=0.1030, lr=8.9719e-04
2026-09-06 00:07:07,972 - Step 5240: ce=3.3970, phys=0.0001, causal=0.0102, time=-0.0993, norm=0.0875, lr=8.9699e-04
2026-09-06 00:07:32,843 - Step 5250: ce=3.4730, phys=0.0014, causal=0.0215, time=-0.0829, norm=0.0828, lr=8.9679e-04
2026-09-06 00:07:56,701 - Step 5260: ce=3.3197, phys=-0.0008, causal=0.0000, time=-0.0930, norm=0.0948, lr=8.9659e-04
2026-09-06 00:08:21,507 - Step 5270: ce=3.3492, phys=-0.0008, causal=0.0000, time=-0.0837, norm=0.0834, lr=8.9639e-04
2026-09-06 00:08:46,064 - Step 5280: ce=3.2777, phys=-0.0004, causal=0.0039, time=-0.0822, norm=0.0660, lr=8.9619e-04
2026-09-06 00:09:10,821 - Step 5290: ce=3.3246, phys=-0.0007, causal=0.0000, time=-0.0732, norm=0.0765, lr=8.9599e-04
2026-09-06 00:09:36,006 - Step 5300: ce=3.2179, phys=-0.0001, causal=0.0054, time=-0.0738, norm=0.0704, lr=8.9579e-04
2026-09-06 00:10:00,747 - Step 5310: ce=3.2160, phys=-0.0002, causal=0.0063, time=-0.0915, norm=0.0767, lr=8.9559e-04
2026-09-06 00:10:25,498 - Step 5320: ce=3.4265, phys=0.0006, causal=0.0123, time=-0.0648, norm=0.0646, lr=8.9539e-04
2026-09-06 00:10:50,440 - Step 5330: ce=3.2909, phys=-0.0007, causal=0.0000, time=-0.0765, norm=0.0747, lr=8.9519e-04
2026-09-06 00:11:16,876 - Step 5340: ce=3.6151, phys=-0.0006, causal=0.0000, time=-0.0713, norm=0.0672, lr=8.9499e-04
2026-09-06 00:11:41,614 - Step 5350: ce=3.4972, phys=-0.0003, causal=0.0018, time=-0.0578, norm=0.0875, lr=8.9479e-04
2026-09-06 00:12:07,190 - Step 5360: ce=3.3287, phys=-0.0006, causal=0.0000, time=-0.0672, norm=0.0617, lr=8.9459e-04
2026-09-06 00:12:32,138 - Step 5370: ce=3.2952, phys=-0.0006, causal=0.0000, time=-0.0677, norm=0.0827, lr=8.9439e-04
2026-09-06 00:12:56,827 - Step 5380: ce=3.2643, phys=-0.0009, causal=0.0000, time=-0.0994, norm=0.0848, lr=8.9419e-04
2026-09-06 00:13:21,882 - Step 5390: ce=3.3235, phys=-0.0006, causal=0.0000, time=-0.0683, norm=0.0655, lr=8.9399e-04
2026-09-06 00:13:46,381 - Step 5400: ce=3.2116, phys=0.0005, causal=0.0108, time=-0.0667, norm=0.0536, lr=8.9379e-04
2026-09-06 00:14:11,059 - Step 5410: ce=3.2454, phys=-0.0005, causal=0.0019, time=-0.0777, norm=0.0767, lr=8.9359e-04
2026-09-06 00:14:35,895 - Step 5420: ce=3.4294, phys=-0.0004, causal=0.0026, time=-0.0696, norm=0.0675, lr=8.9339e-04
2026-09-06 00:14:59,995 - Step 5430: ce=3.4407, phys=-0.0008, causal=0.0000, time=-0.0837, norm=0.0834, lr=8.9319e-04
2026-09-06 00:15:25,358 - Step 5440: ce=3.3869, phys=-0.0003, causal=0.0019, time=-0.0523, norm=0.0480, lr=8.9299e-04
2026-09-06 00:15:50,589 - Step 5450: ce=3.3182, phys=-0.0006, causal=0.0000, time=-0.0660, norm=0.0796, lr=8.9279e-04
2026-09-06 00:16:16,136 - Step 5460: ce=3.1626, phys=0.0002, causal=0.0090, time=-0.0790, norm=0.0753, lr=8.9259e-04
2026-09-06 00:16:42,058 - Step 5470: ce=3.3706, phys=-0.0006, causal=0.0000, time=-0.0682, norm=0.0654, lr=8.9238e-04
2026-09-06 00:17:07,028 - Step 5480: ce=3.2841, phys=-0.0005, causal=0.0014, time=-0.0686, norm=0.0756, lr=8.9218e-04
2026-09-06 00:17:31,797 - Step 5490: ce=3.3151, phys=-0.0006, causal=0.0000, time=-0.0627, norm=0.0626, lr=8.9198e-04
2026-09-06 00:17:57,336 - Step 5500: ce=3.4137, phys=-0.0005, causal=0.0026, time=-0.0794, norm=0.0698, lr=8.9178e-04
2026-09-06 00:18:22,570 - Step 5510: ce=3.1742, phys=0.0004, causal=0.0109, time=-0.0781, norm=0.0806, lr=8.9158e-04
2026-09-06 00:18:46,977 - Step 5520: ce=3.2022, phys=-0.0008, causal=0.0000, time=-0.0837, norm=0.0834, lr=8.9138e-04
2026-09-06 00:19:12,920 - Step 5530: ce=3.2502, phys=0.0011, causal=0.0163, time=-0.0583, norm=0.0423, lr=8.9118e-04
2026-09-06 00:19:38,135 - Step 5540: ce=3.3503, phys=-0.0005, causal=0.0024, time=-0.0765, norm=0.0712, lr=8.9098e-04
2026-09-06 00:20:03,297 - Step 5550: ce=3.2991, phys=-0.0008, causal=0.0000, time=-0.0837, norm=0.0834, lr=8.9078e-04
2026-09-06 00:20:29,341 - Step 5560: ce=3.4238, phys=-0.0007, causal=0.0014, time=-0.0869, norm=0.0719, lr=8.9058e-04
2026-09-06 00:20:54,688 - Step 5570: ce=3.1645, phys=-0.0007, causal=0.0000, time=-0.0807, norm=0.0770, lr=8.9038e-04
2026-09-06 00:21:19,601 - Step 5580: ce=3.2342, phys=-0.0004, causal=0.0019, time=-0.0673, norm=0.0729, lr=8.9018e-04
2026-09-06 00:21:44,682 - Step 5590: ce=3.5660, phys=0.0009, causal=0.0169, time=-0.0903, norm=0.0717, lr=8.8998e-04
2026-09-06 00:22:10,002 - Step 5600: ce=3.3280, phys=-0.0000, causal=0.0053, time=-0.0603, norm=0.0538, lr=8.8978e-04
2026-09-06 00:22:36,322 - Step 5610: ce=3.1932, phys=-0.0007, causal=0.0000, time=-0.0724, norm=0.0678, lr=8.8958e-04
2026-09-06 00:23:00,952 - Step 5620: ce=3.1788, phys=-0.0006, causal=0.0014, time=-0.0816, norm=0.0775, lr=8.8938e-04
2026-09-06 00:23:24,847 - Step 5630: ce=3.3063, phys=-0.0007, causal=0.0000, time=-0.0749, norm=0.0745, lr=8.8918e-04
2026-09-06 00:23:49,843 - Step 5640: ce=3.3517, phys=-0.0001, causal=0.0039, time=-0.0565, norm=0.0542, lr=8.8898e-04
2026-09-06 00:24:14,191 - Step 5650: ce=3.4808, phys=-0.0007, causal=0.0000, time=-0.0778, norm=0.0935, lr=8.8878e-04
2026-09-06 00:24:39,444 - Step 5660: ce=3.6000, phys=-0.0006, causal=0.0000, time=-0.0627, norm=0.0626, lr=8.8858e-04
2026-09-06 00:25:05,430 - Step 5670: ce=3.4935, phys=-0.0005, causal=0.0000, time=-0.0629, norm=0.0892, lr=8.8838e-04
2026-09-06 00:25:30,966 - Step 5680: ce=3.4082, phys=-0.0007, causal=0.0000, time=-0.0797, norm=0.0764, lr=8.8818e-04
2026-09-06 00:25:56,245 - Step 5690: ce=3.3446, phys=-0.0001, causal=0.0056, time=-0.0767, norm=0.0745, lr=8.8798e-04
2026-09-06 00:26:20,818 - Step 5700: ce=3.6224, phys=-0.0008, causal=0.0000, time=-0.0837, norm=0.0834, lr=8.8778e-04
2026-09-06 00:26:46,059 - Step 5710: ce=3.4396, phys=-0.0008, causal=0.0000, time=-0.0837, norm=0.0834, lr=8.8758e-04
2026-09-06 00:27:11,257 - Step 5720: ce=3.3263, phys=0.0007, causal=0.0135, time=-0.0677, norm=0.0661, lr=8.8737e-04
2026-09-06 00:27:35,751 - Step 5730: ce=3.2354, phys=-0.0007, causal=0.0000, time=-0.0732, norm=0.0730, lr=8.8717e-04
2026-09-06 00:28:00,971 - Step 5740: ce=3.5018, phys=-0.0007, causal=0.0000, time=-0.0810, norm=0.0831, lr=8.8697e-04
2026-09-06 00:28:26,257 - Step 5750: ce=3.4075, phys=-0.0007, causal=0.0000, time=-0.0732, norm=0.0765, lr=8.8677e-04
2026-09-06 00:28:51,563 - Step 5760: ce=3.3330, phys=-0.0008, causal=0.0000, time=-0.0830, norm=0.0695, lr=8.8657e-04
2026-09-06 00:29:16,095 - Step 5770: ce=3.3974, phys=-0.0007, causal=0.0000, time=-0.0820, norm=0.0777, lr=8.8637e-04
2026-09-06 00:29:40,277 - Step 5780: ce=3.3352, phys=-0.0008, causal=0.0000, time=-0.0837, norm=0.0834, lr=8.8617e-04
2026-09-06 00:30:05,749 - Step 5790: ce=3.6084, phys=-0.0006, causal=0.0016, time=-0.0844, norm=0.0745, lr=8.8597e-04
2026-09-06 00:30:30,867 - Step 5800: ce=3.2243, phys=-0.0004, causal=0.0026, time=-0.0769, norm=0.0665, lr=8.8577e-04
2026-09-06 00:30:55,485 - Step 5810: ce=3.1462, phys=0.0050, causal=0.0568, time=-0.0744, norm=0.0866, lr=8.8557e-04
2026-09-06 00:31:20,684 - Step 5820: ce=3.3084, phys=-0.0007, causal=0.0000, time=-0.0789, norm=0.0668, lr=8.8537e-04
2026-09-06 00:31:45,855 - Step 5830: ce=3.2832, phys=-0.0005, causal=0.0024, time=-0.0817, norm=0.0810, lr=8.8517e-04
2026-09-06 00:32:11,216 - Step 5840: ce=3.2620, phys=-0.0008, causal=0.0000, time=-0.0908, norm=0.0836, lr=8.8497e-04
2026-09-06 00:32:35,873 - Step 5850: ce=3.4116, phys=-0.0007, causal=0.0000, time=-0.0732, norm=0.0730, lr=8.8477e-04
2026-09-06 00:33:00,907 - Step 5860: ce=3.4507, phys=-0.0002, causal=0.0043, time=-0.0645, norm=0.0605, lr=8.8457e-04
2026-09-06 00:33:26,566 - Step 5870: ce=3.2744, phys=-0.0007, causal=0.0000, time=-0.0783, norm=0.0757, lr=8.8437e-04
2026-09-06 00:33:52,561 - Step 5880: ce=3.2630, phys=0.0054, causal=0.0610, time=-0.0803, norm=0.0882, lr=8.8417e-04
2026-09-06 00:34:20,016 - Step 5890: ce=3.3774, phys=-0.0004, causal=0.0008, time=-0.0526, norm=0.0493, lr=8.8397e-04
2026-09-06 00:34:44,946 - Step 5900: ce=3.8352, phys=-0.0006, causal=0.0009, time=-0.0708, norm=0.0673, lr=8.8377e-04
2026-09-06 00:35:09,624 - Step 5910: ce=3.3456, phys=-0.0006, causal=0.0000, time=-0.0681, norm=0.0662, lr=8.8357e-04
2026-09-06 00:35:34,808 - Step 5920: ce=3.4067, phys=0.0014, causal=0.0208, time=-0.0719, norm=0.0665, lr=8.8337e-04
2026-09-06 00:35:58,937 - Step 5930: ce=3.2624, phys=0.0008, causal=0.0143, time=-0.0709, norm=0.0691, lr=8.8317e-04
2026-09-06 00:36:24,032 - Step 5940: ce=3.1818, phys=0.0005, causal=0.0124, time=-0.0861, norm=0.0761, lr=8.8297e-04
2026-09-06 00:36:50,717 - Step 5950: ce=3.2350, phys=0.0032, causal=0.0398, time=-0.0866, norm=0.0895, lr=8.8277e-04
2026-09-06 00:37:14,941 - Step 5960: ce=3.1096, phys=0.0003, causal=0.0090, time=-0.0732, norm=0.0896, lr=8.8257e-04
2026-09-06 00:37:40,603 - Step 5970: ce=3.3528, phys=-0.0001, causal=0.0046, time=-0.0634, norm=0.0603, lr=8.8236e-04
2026-09-06 00:38:06,623 - Step 5980: ce=3.3111, phys=-0.0007, causal=0.0000, time=-0.0807, norm=0.0770, lr=8.8216e-04
2026-09-06 00:38:32,503 - Step 5990: ce=3.0727, phys=-0.0004, causal=0.0041, time=-0.0858, norm=0.0758, lr=8.8196e-04
2026-09-06 00:38:57,052 - Step 6000: ce=3.1960, phys=-0.0006, causal=0.0004, time=-0.0755, norm=0.0745, lr=8.8176e-04
2026-09-06 00:39:23,065 - Step 6010: ce=3.2489, phys=0.0021, causal=0.0274, time=-0.0757, norm=0.0739, lr=8.8156e-04
2026-09-06 00:39:47,633 - Step 6020: ce=3.3225, phys=-0.0004, causal=0.0020, time=-0.0715, norm=0.0671, lr=8.8136e-04
2026-09-06 00:40:13,444 - Step 6030: ce=3.3498, phys=-0.0006, causal=0.0000, time=-0.0732, norm=0.1022, lr=8.8116e-04
2026-09-06 00:40:38,652 - Step 6040: ce=3.1686, phys=0.0039, causal=0.0455, time=-0.0679, norm=0.0591, lr=8.8096e-04
2026-09-06 00:41:03,537 - Step 6050: ce=3.5823, phys=-0.0007, causal=0.0000, time=-0.0732, norm=0.0730, lr=8.8076e-04
2026-09-06 00:41:28,447 - Step 6060: ce=3.1865, phys=0.0022, causal=0.0294, time=-0.0835, norm=0.0939, lr=8.8056e-04
2026-09-06 00:41:52,809 - Step 6070: ce=3.4401, phys=-0.0006, causal=0.0000, time=-0.0658, norm=0.0676, lr=8.8036e-04
2026-09-06 00:42:18,439 - Step 6080: ce=3.2976, phys=0.0006, causal=0.0118, time=-0.0618, norm=0.0614, lr=8.8016e-04
2026-09-06 00:42:44,395 - Step 6090: ce=3.3827, phys=-0.0007, causal=0.0000, time=-0.0765, norm=0.0747, lr=8.7996e-04
2026-09-06 00:43:10,650 - Step 6100: ce=3.4200, phys=-0.0007, causal=0.0000, time=-0.0721, norm=0.0674, lr=8.7976e-04
2026-09-06 00:43:36,950 - Step 6110: ce=3.1688, phys=-0.0004, causal=0.0027, time=-0.0783, norm=0.0701, lr=8.7956e-04
2026-09-06 00:44:02,158 - Step 6120: ce=3.1661, phys=0.0019, causal=0.0269, time=-0.0915, norm=0.0867, lr=8.7936e-04
2026-09-06 00:44:28,669 - Step 6130: ce=3.1358, phys=0.0044, causal=0.0517, time=-0.0827, norm=0.0720, lr=8.7916e-04
2026-09-06 00:44:53,758 - Step 6140: ce=3.6017, phys=-0.0008, causal=0.0000, time=-0.0863, norm=0.0804, lr=8.7896e-04
2026-09-06 00:45:20,812 - Step 6150: ce=3.3474, phys=-0.0006, causal=0.0012, time=-0.0803, norm=0.0758, lr=8.7876e-04
2026-09-06 00:45:47,315 - Step 6160: ce=3.3738, phys=-0.0007, causal=0.0000, time=-0.0820, norm=0.0732, lr=8.7856e-04
2026-09-06 00:46:12,524 - Step 6170: ce=3.2611, phys=-0.0003, causal=0.0039, time=-0.0729, norm=0.0701, lr=8.7836e-04
2026-09-06 00:46:37,810 - Step 6180: ce=3.4821, phys=-0.0004, causal=0.0032, time=-0.0806, norm=0.0705, lr=8.7816e-04
2026-09-06 00:47:04,576 - Step 6190: ce=3.2627, phys=-0.0008, causal=0.0000, time=-0.0837, norm=0.0834, lr=8.7796e-04
2026-09-06 00:47:30,270 - Step 6200: ce=3.2368, phys=-0.0006, causal=0.0000, time=-0.0649, norm=0.0812, lr=8.7776e-04
2026-09-06 00:47:56,006 - Step 6210: ce=3.3712, phys=-0.0005, causal=0.0000, time=-0.0564, norm=0.0542, lr=8.7756e-04
2026-09-06 00:48:21,952 - Step 6220: ce=3.4941, phys=-0.0008, causal=0.0000, time=-0.0837, norm=0.0834, lr=8.7735e-04
2026-09-06 00:48:47,524 - Step 6230: ce=3.1715, phys=0.0032, causal=0.0390, time=-0.0781, norm=0.0621, lr=8.7715e-04
2026-09-06 00:49:13,287 - Step 6240: ce=3.4156, phys=-0.0007, causal=0.0000, time=-0.0732, norm=0.0790, lr=8.7695e-04
2026-09-06 00:49:39,230 - Step 6250: ce=3.3256, phys=-0.0007, causal=0.0000, time=-0.0732, norm=0.0730, lr=8.7675e-04
2026-09-06 00:50:04,433 - Step 6260: ce=3.2934, phys=-0.0004, causal=0.0024, time=-0.0714, norm=0.0736, lr=8.7655e-04
2026-09-06 00:50:29,631 - Step 6270: ce=3.4295, phys=-0.0005, causal=0.0010, time=-0.0677, norm=0.0761, lr=8.7635e-04
2026-09-06 00:50:54,727 - Step 6280: ce=3.4491, phys=-0.0007, causal=0.0000, time=-0.0756, norm=0.0742, lr=8.7615e-04
2026-09-06 00:51:20,078 - Step 6290: ce=3.5665, phys=-0.0008, causal=0.0000, time=-0.0837, norm=0.0834, lr=8.7595e-04
2026-09-06 00:51:44,899 - Step 6300: ce=3.4154, phys=-0.0007, causal=0.0000, time=-0.0777, norm=0.0753, lr=8.7575e-04
2026-09-06 00:52:10,551 - Step 6310: ce=3.1808, phys=-0.0004, causal=0.0037, time=-0.0807, norm=0.0650, lr=8.7555e-04
2026-09-06 00:52:34,641 - Step 6320: ce=3.1636, phys=-0.0007, causal=0.0000, time=-0.0786, norm=0.0758, lr=8.7535e-04
2026-09-06 00:53:00,488 - Step 6330: ce=3.4330, phys=-0.0006, causal=0.0007, time=-0.0768, norm=0.0751, lr=8.7515e-04
2026-09-06 00:53:25,711 - Step 6340: ce=3.3017, phys=-0.0007, causal=0.0000, time=-0.0732, norm=0.0730, lr=8.7495e-04
2026-09-06 00:53:51,821 - Step 6350: ce=3.3443, phys=-0.0005, causal=0.0000, time=-0.0562, norm=0.0493, lr=8.7475e-04
2026-09-06 00:54:17,151 - Step 6360: ce=3.3505, phys=-0.0008, causal=0.0000, time=-0.0837, norm=0.0834, lr=8.7455e-04
2026-09-06 00:54:42,560 - Step 6370: ce=3.5338, phys=-0.0004, causal=0.0019, time=-0.0699, norm=0.0684, lr=8.7435e-04
2026-09-06 00:55:08,986 - Step 6380: ce=3.5831, phys=-0.0007, causal=0.0000, time=-0.0765, norm=0.0747, lr=8.7415e-04
2026-09-06 00:55:35,124 - Step 6390: ce=3.4244, phys=-0.0008, causal=0.0000, time=-0.0837, norm=0.0834, lr=8.7395e-04
2026-09-06 00:56:00,231 - Step 6400: ce=3.2315, phys=-0.0007, causal=0.0000, time=-0.0754, norm=0.0741, lr=8.7375e-04
2026-09-06 00:56:26,114 - Step 6410: ce=3.4831, phys=-0.0009, causal=0.0000, time=-0.0952, norm=0.0794, lr=8.7355e-04
2026-09-06 00:56:51,418 - Step 6420: ce=3.2736, phys=0.0002, causal=0.0090, time=-0.0802, norm=0.0726, lr=8.7335e-04
2026-09-06 00:57:18,267 - Step 6430: ce=3.2524, phys=-0.0005, causal=0.0032, time=-0.0921, norm=0.0790, lr=8.7315e-04
2026-09-06 00:57:43,758 - Step 6440: ce=3.6915, phys=-0.0003, causal=0.0014, time=-0.0465, norm=0.0489, lr=8.7295e-04
2026-09-06 00:58:09,938 - Step 6450: ce=3.2429, phys=-0.0001, causal=0.0077, time=-0.0949, norm=0.0824, lr=8.7275e-04
2026-09-06 00:58:35,543 - Step 6460: ce=3.3316, phys=-0.0007, causal=0.0000, time=-0.0761, norm=0.0696, lr=8.7255e-04
2026-09-06 00:59:01,503 - Step 6470: ce=3.6084, phys=-0.0005, causal=0.0000, time=-0.0571, norm=0.0546, lr=8.7234e-04
2026-09-06 00:59:27,801 - Step 6480: ce=3.3797, phys=-0.0000, causal=0.0035, time=-0.0460, norm=0.0706, lr=8.7214e-04
2026-09-06 00:59:55,044 - Step 6490: ce=3.2865, phys=-0.0007, causal=0.0000, time=-0.0793, norm=0.0731, lr=8.7194e-04
2026-09-06 01:00:21,819 - Step 6500: ce=3.1593, phys=0.0011, causal=0.0167, time=-0.0669, norm=0.0545, lr=8.7174e-04
2026-09-06 01:00:48,206 - Step 6510: ce=3.2476, phys=0.0002, causal=0.0081, time=-0.0662, norm=0.0547, lr=8.7154e-04
2026-09-06 01:01:14,386 - Step 6520: ce=3.2956, phys=-0.0003, causal=0.0041, time=-0.0836, norm=0.0796, lr=8.7134e-04
2026-09-06 01:01:39,852 - Step 6530: ce=3.2530, phys=-0.0008, causal=0.0000, time=-0.0837, norm=0.0834, lr=8.7114e-04
2026-09-06 01:02:05,778 - Step 6540: ce=3.3779, phys=0.0009, causal=0.0171, time=-0.0839, norm=0.0730, lr=8.7094e-04
2026-09-06 01:02:32,220 - Step 6550: ce=3.2164, phys=0.0039, causal=0.0460, time=-0.0735, norm=0.0776, lr=8.7074e-04
2026-09-06 01:02:58,008 - Step 6560: ce=3.4347, phys=-0.0007, causal=0.0000, time=-0.0732, norm=0.0730, lr=8.7054e-04
2026-09-06 01:03:23,244 - Step 6570: ce=3.4327, phys=0.0001, causal=0.0077, time=-0.0726, norm=0.0635, lr=8.7034e-04
2026-09-06 01:03:48,538 - Step 6580: ce=3.4281, phys=-0.0004, causal=0.0000, time=-0.0452, norm=0.0712, lr=8.7014e-04
2026-09-06 01:04:14,483 - Step 6590: ce=3.3409, phys=0.0025, causal=0.0323, time=-0.0837, norm=0.0934, lr=8.6994e-04
2026-09-06 01:04:39,938 - Step 6600: ce=3.4500, phys=-0.0007, causal=0.0000, time=-0.0749, norm=0.0738, lr=8.6974e-04
2026-09-06 01:05:05,721 - Step 6610: ce=3.3389, phys=-0.0002, causal=0.0037, time=-0.0680, norm=0.0613, lr=8.6954e-04
2026-09-06 01:05:31,024 - Step 6620: ce=3.2965, phys=0.0036, causal=0.0429, time=-0.0741, norm=0.0910, lr=8.6934e-04
2026-09-06 01:05:55,350 - Step 6630: ce=3.3740, phys=-0.0006, causal=0.0000, time=-0.0627, norm=0.0626, lr=8.6914e-04
2026-09-06 01:06:21,200 - Step 6640: ce=3.3447, phys=-0.0006, causal=0.0000, time=-0.0690, norm=0.0693, lr=8.6894e-04
2026-09-06 01:06:45,772 - Step 6650: ce=3.2955, phys=0.0001, causal=0.0085, time=-0.0863, norm=0.0880, lr=8.6874e-04
2026-09-06 01:07:10,484 - Step 6660: ce=3.5992, phys=0.0001, causal=0.0078, time=-0.0734, norm=0.0772, lr=8.6854e-04
2026-09-06 01:07:36,369 - Step 6670: ce=3.8051, phys=-0.0006, causal=0.0000, time=-0.0642, norm=0.0633, lr=8.6834e-04
2026-09-06 01:08:01,852 - Step 6680: ce=3.2286, phys=-0.0005, causal=0.0002, time=-0.0604, norm=0.0613, lr=8.6814e-04
2026-09-06 01:08:26,992 - Step 6690: ce=3.3748, phys=-0.0006, causal=0.0000, time=-0.0732, norm=0.1042, lr=8.6794e-04
2026-09-06 01:08:52,844 - Step 6700: ce=3.3135, phys=-0.0007, causal=0.0000, time=-0.0747, norm=0.0922, lr=8.6774e-04
2026-09-06 01:09:18,149 - Step 6710: ce=3.1830, phys=0.0004, causal=0.0111, time=-0.0816, norm=0.0707, lr=8.6754e-04
2026-09-06 01:09:43,465 - Step 6720: ce=3.3412, phys=-0.0008, causal=0.0000, time=-0.0837, norm=0.0834, lr=8.6733e-04
2026-09-06 01:10:09,789 - Step 6730: ce=3.4110, phys=-0.0008, causal=0.0000, time=-0.0837, norm=0.0834, lr=8.6713e-04
2026-09-06 01:10:36,697 - Step 6740: ce=3.1759, phys=-0.0002, causal=0.0046, time=-0.0710, norm=0.0633, lr=8.6693e-04
2026-09-06 01:11:01,942 - Step 6750: ce=3.3041, phys=-0.0006, causal=0.0003, time=-0.0678, norm=0.0650, lr=8.6673e-04
2026-09-06 01:11:27,490 - Step 6760: ce=3.3002, phys=-0.0000, causal=0.0077, time=-0.0867, norm=0.0843, lr=8.6653e-04
2026-09-06 01:11:52,773 - Step 6770: ce=3.2153, phys=-0.0006, causal=0.0000, time=-0.0663, norm=0.0651, lr=8.6633e-04
2026-09-06 01:12:18,563 - Step 6780: ce=3.2056, phys=-0.0005, causal=0.0015, time=-0.0683, norm=0.0668, lr=8.6613e-04
2026-09-06 01:12:43,868 - Step 6790: ce=3.2614, phys=-0.0007, causal=0.0000, time=-0.0758, norm=0.0743, lr=8.6593e-04
2026-09-06 01:13:09,548 - Step 6800: ce=3.2473, phys=-0.0008, causal=0.0000, time=-0.0837, norm=0.0834, lr=8.6573e-04
2026-09-06 01:13:35,064 - Step 6810: ce=3.2215, phys=-0.0007, causal=0.0000, time=-0.0772, norm=0.0751, lr=8.6553e-04
2026-09-06 01:14:01,703 - Step 6820: ce=3.2591, phys=-0.0002, causal=0.0048, time=-0.0790, norm=0.0759, lr=8.6533e-04
2026-09-06 01:14:27,926 - Step 6830: ce=3.2693, phys=0.0022, causal=0.0273, time=-0.0618, norm=0.0717, lr=8.6513e-04
2026-09-06 01:14:53,782 - Step 6840: ce=3.1706, phys=0.0004, causal=0.0117, time=-0.0815, norm=0.0738, lr=8.6493e-04
2026-09-06 01:15:18,892 - Step 6850: ce=3.4849, phys=-0.0008, causal=0.0000, time=-0.0837, norm=0.0834, lr=8.6473e-04
2026-09-06 01:15:44,620 - Step 6860: ce=3.2512, phys=-0.0006, causal=0.0000, time=-0.0680, norm=0.0652, lr=8.6453e-04
2026-09-06 01:16:10,512 - Step 6870: ce=3.3251, phys=-0.0007, causal=0.0000, time=-0.0822, norm=0.0779, lr=8.6433e-04
2026-09-06 01:16:36,754 - Step 6880: ce=3.2578, phys=-0.0002, causal=0.0050, time=-0.0758, norm=0.0706, lr=8.6413e-04
2026-09-06 01:17:02,103 - Step 6890: ce=3.4383, phys=-0.0006, causal=0.0000, time=-0.0644, norm=0.0634, lr=8.6393e-04
2026-09-06 01:17:26,951 - Step 6900: ce=3.2654, phys=0.0040, causal=0.0488, time=-0.1000, norm=0.0821, lr=8.6373e-04
2026-09-06 01:17:52,126 - Step 6910: ce=3.1749, phys=0.0029, causal=0.0367, time=-0.0850, norm=0.0900, lr=8.6353e-04
2026-09-06 01:18:17,432 - Step 6920: ce=3.2443, phys=-0.0008, causal=0.0000, time=-0.0837, norm=0.0834, lr=8.6333e-04
2026-09-06 01:18:43,610 - Step 6930: ce=3.3943, phys=-0.0007, causal=0.0000, time=-0.0732, norm=0.0780, lr=8.6313e-04
2026-09-06 01:19:08,963 - Step 6940: ce=3.3913, phys=-0.0005, causal=0.0017, time=-0.0697, norm=0.0676, lr=8.6293e-04
2026-09-06 01:19:33,952 - Step 6950: ce=3.2553, phys=-0.0007, causal=0.0000, time=-0.0732, norm=0.0730, lr=8.6273e-04
2026-09-06 01:19:59,732 - Step 6960: ce=3.2939, phys=0.0005, causal=0.0129, time=-0.0825, norm=0.0810, lr=8.6253e-04
2026-09-06 01:20:25,600 - Step 6970: ce=3.2307, phys=-0.0005, causal=0.0011, time=-0.0656, norm=0.0569, lr=8.6232e-04
2026-09-06 01:20:50,558 - Step 6980: ce=3.3246, phys=-0.0007, causal=0.0000, time=-0.0763, norm=0.0746, lr=8.6212e-04
2026-09-06 01:21:15,569 - Step 6990: ce=3.3496, phys=-0.0008, causal=0.0000, time=-0.0857, norm=0.0876, lr=8.6192e-04
2026-09-06 01:21:41,302 - Step 7000: ce=3.4165, phys=-0.0008, causal=0.0003, time=-0.0950, norm=0.0826, lr=8.6172e-04
2026-09-06 01:22:08,374 - Step 7010: ce=3.3420, phys=0.0025, causal=0.0336, time=-0.0930, norm=0.0667, lr=8.6152e-04
2026-09-06 01:22:33,684 - Step 7020: ce=3.3136, phys=-0.0005, causal=0.0000, time=-0.0579, norm=0.0551, lr=8.6132e-04
2026-09-06 01:22:59,261 - Step 7030: ce=3.2927, phys=-0.0007, causal=0.0000, time=-0.0770, norm=0.0749, lr=8.6112e-04
2026-09-06 01:23:24,829 - Step 7040: ce=3.2821, phys=-0.0004, causal=0.0026, time=-0.0713, norm=0.0762, lr=8.6092e-04
2026-09-06 01:23:50,122 - Step 7050: ce=3.2402, phys=-0.0008, causal=0.0000, time=-0.0837, norm=0.0834, lr=8.6072e-04
2026-09-06 01:24:14,717 - Step 7060: ce=3.2691, phys=-0.0007, causal=0.0000, time=-0.0752, norm=0.0738, lr=8.6052e-04
2026-09-06 01:24:40,006 - Step 7070: ce=3.4769, phys=-0.0006, causal=0.0000, time=-0.0686, norm=0.0845, lr=8.6032e-04
2026-09-06 01:25:04,839 - Step 7080: ce=3.3566, phys=-0.0005, causal=0.0000, time=-0.0556, norm=0.0596, lr=8.6012e-04
2026-09-06 01:25:29,540 - Step 7090: ce=3.3055, phys=-0.0006, causal=0.0000, time=-0.0677, norm=0.0651, lr=8.5992e-04
2026-09-06 01:25:54,653 - Step 7100: ce=3.4584, phys=-0.0008, causal=0.0000, time=-0.0928, norm=0.0852, lr=8.5972e-04
2026-09-06 01:26:18,647 - Step 7110: ce=3.3333, phys=-0.0007, causal=0.0000, time=-0.0826, norm=0.0781, lr=8.5952e-04
2026-09-06 01:26:45,030 - Step 7120: ce=3.3407, phys=-0.0005, causal=0.0026, time=-0.0881, norm=0.0820, lr=8.5932e-04
2026-09-06 01:27:10,078 - Step 7130: ce=3.2314, phys=-0.0007, causal=0.0000, time=-0.0770, norm=0.0749, lr=8.5912e-04
2026-09-06 01:27:36,448 - Step 7140: ce=3.2781, phys=0.0013, causal=0.0183, time=-0.0673, norm=0.0938, lr=8.5892e-04
2026-09-06 01:28:01,604 - Step 7150: ce=3.3767, phys=-0.0009, causal=0.0000, time=-0.1016, norm=0.0933, lr=8.5872e-04
2026-09-06 01:28:26,648 - Step 7160: ce=3.2728, phys=-0.0008, causal=0.0000, time=-0.0837, norm=0.0834, lr=8.5852e-04
2026-09-06 01:28:52,485 - Step 7170: ce=3.1276, phys=0.0039, causal=0.0456, time=-0.0675, norm=0.0482, lr=8.5832e-04
2026-09-06 01:29:17,945 - Step 7180: ce=3.4066, phys=-0.0007, causal=0.0000, time=-0.0732, norm=0.0730, lr=8.5812e-04
2026-09-06 01:29:42,718 - Step 7190: ce=3.2098, phys=-0.0005, causal=0.0013, time=-0.0709, norm=0.0680, lr=8.5792e-04
2026-09-06 01:30:07,726 - Step 7200: ce=3.2584, phys=-0.0009, causal=0.0000, time=-0.0936, norm=0.0778, lr=8.5772e-04
2026-09-06 01:30:33,597 - Step 7210: ce=3.1359, phys=-0.0006, causal=0.0004, time=-0.0703, norm=0.0619, lr=8.5752e-04
2026-09-06 01:30:58,451 - Step 7220: ce=3.3222, phys=-0.0002, causal=0.0027, time=-0.0545, norm=0.0707, lr=8.5731e-04
2026-09-06 01:31:23,647 - Step 7230: ce=3.7299, phys=-0.0005, causal=0.0000, time=-0.0561, norm=0.0492, lr=8.5711e-04
2026-09-06 01:31:47,987 - Step 7240: ce=3.1541, phys=0.0030, causal=0.0370, time=-0.0820, norm=0.0910, lr=8.5691e-04
2026-09-06 01:32:13,143 - Step 7250: ce=3.4170, phys=-0.0007, causal=0.0000, time=-0.0761, norm=0.0745, lr=8.5671e-04
2026-09-06 01:32:38,363 - Step 7260: ce=3.3143, phys=-0.0007, causal=0.0014, time=-0.0928, norm=0.0832, lr=8.5651e-04
2026-09-06 01:33:03,605 - Step 7270: ce=3.5732, phys=-0.0007, causal=0.0000, time=-0.0723, norm=0.0676, lr=8.5631e-04
2026-09-06 01:33:29,204 - Step 7280: ce=3.2090, phys=-0.0001, causal=0.0072, time=-0.0867, norm=0.0750, lr=8.5611e-04
2026-09-06 01:33:54,324 - Step 7290: ce=3.1988, phys=-0.0008, causal=0.0000, time=-0.0837, norm=0.0834, lr=8.5591e-04
2026-09-06 01:34:19,067 - Step 7300: ce=3.2944, phys=-0.0008, causal=0.0000, time=-0.0837, norm=0.0834, lr=8.5571e-04
2026-09-06 01:34:44,408 - Step 7310: ce=3.2682, phys=0.0006, causal=0.0117, time=-0.0684, norm=0.0631, lr=8.5551e-04
2026-09-06 01:35:09,619 - Step 7320: ce=3.3000, phys=0.0015, causal=0.0208, time=-0.0688, norm=0.0910, lr=8.5531e-04
2026-09-06 01:35:34,173 - Step 7330: ce=3.2161, phys=-0.0002, causal=0.0048, time=-0.0790, norm=0.0844, lr=8.5511e-04
2026-09-06 01:35:59,666 - Step 7340: ce=3.1095, phys=-0.0008, causal=0.0000, time=-0.0837, norm=0.0834, lr=8.5491e-04
2026-09-06 01:36:25,294 - Step 7350: ce=3.3552, phys=-0.0008, causal=0.0000, time=-0.0877, norm=0.0930, lr=8.5471e-04
2026-09-06 01:36:50,256 - Step 7360: ce=3.1260, phys=0.0038, causal=0.0454, time=-0.0855, norm=0.0801, lr=8.5451e-04
2026-09-06 01:37:15,936 - Step 7370: ce=3.4382, phys=-0.0005, causal=0.0000, time=-0.0554, norm=0.0572, lr=8.5431e-04
2026-09-06 01:37:41,797 - Step 7380: ce=3.2711, phys=0.0076, causal=0.0828, time=-0.0783, norm=0.0906, lr=8.5411e-04
2026-09-06 01:38:07,954 - Step 7390: ce=3.4190, phys=-0.0003, causal=0.0072, time=-0.1087, norm=0.0896, lr=8.5391e-04
2026-09-06 01:38:33,040 - Step 7400: ce=3.4193, phys=-0.0007, causal=0.0000, time=-0.0788, norm=0.0759, lr=8.5371e-04
2026-09-06 01:38:58,213 - Step 7410: ce=3.6378, phys=-0.0010, causal=0.0000, time=-0.1038, norm=0.0864, lr=8.5351e-04
2026-09-06 01:39:23,046 - Step 7420: ce=3.3091, phys=-0.0008, causal=0.0000, time=-0.0837, norm=0.0834, lr=8.5331e-04
2026-09-06 01:39:47,618 - Step 7430: ce=3.2460, phys=0.0018, causal=0.0245, time=-0.0774, norm=0.0811, lr=8.5311e-04
2026-09-06 01:40:12,493 - Step 7440: ce=3.1792, phys=-0.0006, causal=0.0007, time=-0.0684, norm=0.0590, lr=8.5291e-04
2026-09-06 01:40:37,505 - Step 7450: ce=3.2802, phys=0.0037, causal=0.0429, time=-0.0614, norm=0.0481, lr=8.5271e-04
2026-09-06 01:41:01,915 - Step 7460: ce=3.5915, phys=-0.0000, causal=0.0046, time=-0.0529, norm=0.0658, lr=8.5251e-04
2026-09-06 01:41:27,504 - Step 7470: ce=3.2092, phys=0.0018, causal=0.0241, time=-0.0718, norm=0.0940, lr=8.5230e-04
2026-09-06 01:41:52,389 - Step 7480: ce=3.2896, phys=0.0011, causal=0.0185, time=-0.0811, norm=0.0693, lr=8.5210e-04
2026-09-06 01:42:17,051 - Step 7490: ce=3.4486, phys=-0.0007, causal=0.0000, time=-0.0732, norm=0.0730, lr=8.5190e-04
2026-09-06 01:42:42,462 - Step 7500: ce=3.2164, phys=-0.0002, causal=0.0043, time=-0.0716, norm=0.0692, lr=8.5170e-04
2026-09-06 01:43:07,360 - Step 7510: ce=3.2170, phys=0.0029, causal=0.0352, time=-0.0632, norm=0.0618, lr=8.5150e-04
2026-09-06 01:43:32,922 - Step 7520: ce=3.4959, phys=-0.0006, causal=0.0000, time=-0.0656, norm=0.0667, lr=8.5130e-04
2026-09-06 01:43:57,468 - Step 7530: ce=3.2880, phys=-0.0008, causal=0.0000, time=-0.0842, norm=0.0707, lr=8.5110e-04
2026-09-06 01:44:22,094 - Step 7540: ce=3.3512, phys=-0.0007, causal=0.0000, time=-0.0732, norm=0.0730, lr=8.5090e-04
2026-09-06 01:44:47,146 - Step 7550: ce=3.2737, phys=0.0032, causal=0.0390, time=-0.0772, norm=0.0809, lr=8.5070e-04
2026-09-06 01:45:11,964 - Step 7560: ce=3.2641, phys=-0.0007, causal=0.0008, time=-0.0814, norm=0.0765, lr=8.5050e-04
2026-09-06 01:45:36,967 - Step 7570: ce=3.3860, phys=-0.0005, causal=0.0014, time=-0.0683, norm=0.0646, lr=8.5030e-04
2026-09-06 01:46:02,349 - Step 7580: ce=3.4400, phys=0.0002, causal=0.0103, time=-0.0911, norm=0.1076, lr=8.5010e-04
2026-09-06 01:46:27,755 - Step 7590: ce=3.2030, phys=-0.0007, causal=0.0000, time=-0.0750, norm=0.0692, lr=8.4990e-04
2026-09-06 01:46:52,558 - Step 7600: ce=3.4306, phys=-0.0007, causal=0.0000, time=-0.0776, norm=0.0705, lr=8.4970e-04
2026-09-06 01:47:18,044 - Step 7610: ce=3.3141, phys=-0.0008, causal=0.0012, time=-0.1012, norm=0.0887, lr=8.4950e-04
2026-09-06 01:47:43,002 - Step 7620: ce=3.3723, phys=-0.0001, causal=0.0062, time=-0.0790, norm=0.0666, lr=8.4930e-04
2026-09-06 01:48:07,566 - Step 7630: ce=3.2772, phys=-0.0007, causal=0.0000, time=-0.0732, norm=0.0730, lr=8.4910e-04
2026-09-06 01:48:33,005 - Step 7640: ce=3.1323, phys=0.0002, causal=0.0069, time=-0.0506, norm=0.0456, lr=8.4890e-04
2026-09-06 01:48:57,881 - Step 7650: ce=3.3436, phys=-0.0007, causal=0.0000, time=-0.0820, norm=0.0777, lr=8.4870e-04
2026-09-06 01:49:23,928 - Step 7660: ce=3.2663, phys=0.0001, causal=0.0085, time=-0.0874, norm=0.0774, lr=8.4850e-04
2026-09-06 01:49:48,875 - Step 7670: ce=3.2314, phys=0.0041, causal=0.0488, time=-0.0870, norm=0.0971, lr=8.4830e-04
2026-09-06 01:50:13,916 - Step 7680: ce=3.2954, phys=-0.0006, causal=0.0000, time=-0.0672, norm=0.0649, lr=8.4810e-04
2026-09-06 01:50:38,499 - Step 7690: ce=3.2332, phys=-0.0007, causal=0.0000, time=-0.0797, norm=0.0764, lr=8.4790e-04
2026-09-06 01:51:03,880 - Step 7700: ce=3.4230, phys=-0.0009, causal=0.0000, time=-0.1013, norm=0.0944, lr=8.4770e-04
2026-09-06 01:51:29,826 - Step 7710: ce=3.1485, phys=0.0111, causal=0.1187, time=-0.0879, norm=0.0755, lr=8.4749e-04
2026-09-06 01:51:55,529 - Step 7720: ce=3.3339, phys=-0.0005, causal=0.0021, time=-0.0783, norm=0.0651, lr=8.4729e-04
2026-09-06 01:52:20,268 - Step 7730: ce=3.2443, phys=-0.0007, causal=0.0000, time=-0.0731, norm=0.0681, lr=8.4709e-04
2026-09-06 01:52:45,005 - Step 7740: ce=3.3109, phys=0.0002, causal=0.0094, time=-0.0810, norm=0.0941, lr=8.4689e-04
2026-09-06 01:53:10,384 - Step 7750: ce=3.2326, phys=0.0025, causal=0.0321, time=-0.0782, norm=0.0737, lr=8.4669e-04
2026-09-06 01:53:35,589 - Step 7760: ce=3.3000, phys=0.0009, causal=0.0159, time=-0.0805, norm=0.0769, lr=8.4649e-04
2026-09-06 01:54:01,200 - Step 7770: ce=3.3153, phys=-0.0001, causal=0.0053, time=-0.0691, norm=0.0641, lr=8.4629e-04
2026-09-06 01:54:26,396 - Step 7780: ce=3.3015, phys=-0.0001, causal=0.0059, time=-0.0743, norm=0.0754, lr=8.4609e-04
2026-09-06 01:54:52,268 - Step 7790: ce=3.2770, phys=-0.0005, causal=0.0016, time=-0.0687, norm=0.0668, lr=8.4589e-04
2026-09-06 01:55:17,623 - Step 7800: ce=3.3223, phys=-0.0006, causal=0.0004, time=-0.0679, norm=0.0650, lr=8.4569e-04
2026-09-06 01:55:43,101 - Step 7810: ce=3.3067, phys=-0.0006, causal=0.0022, time=-0.0887, norm=0.0737, lr=8.4549e-04
2026-09-06 01:56:09,664 - Step 7820: ce=3.3770, phys=-0.0007, causal=0.0000, time=-0.0745, norm=0.0707, lr=8.4529e-04
2026-09-06 01:56:34,767 - Step 7830: ce=3.5310, phys=-0.0002, causal=0.0051, time=-0.0836, norm=0.0947, lr=8.4509e-04
2026-09-06 01:57:00,198 - Step 7840: ce=3.5134, phys=-0.0001, causal=0.0058, time=-0.0714, norm=0.0634, lr=8.4489e-04
2026-09-06 01:57:26,044 - Step 7850: ce=3.2848, phys=0.0018, causal=0.0245, time=-0.0673, norm=0.0513, lr=8.4469e-04
2026-09-06 01:57:51,643 - Step 7860: ce=3.2680, phys=-0.0007, causal=0.0000, time=-0.0732, norm=0.0730, lr=8.4449e-04
2026-09-06 01:58:16,936 - Step 7870: ce=3.4875, phys=-0.0003, causal=0.0027, time=-0.0669, norm=0.0641, lr=8.4429e-04
2026-09-06 01:58:42,907 - Step 7880: ce=3.6298, phys=0.0006, causal=0.0122, time=-0.0690, norm=0.0602, lr=8.4409e-04
2026-09-06 01:59:08,312 - Step 7890: ce=3.1618, phys=0.0035, causal=0.0410, time=-0.0715, norm=0.0790, lr=8.4389e-04
2026-09-06 01:59:34,074 - Step 7900: ce=3.2446, phys=-0.0001, causal=0.0045, time=-0.0617, norm=0.0598, lr=8.4369e-04
2026-09-06 01:59:59,849 - Step 7910: ce=3.2424, phys=-0.0008, causal=0.0000, time=-0.0837, norm=0.0834, lr=8.4349e-04
2026-09-06 02:00:25,884 - Step 7920: ce=3.4379, phys=-0.0008, causal=0.0000, time=-0.0837, norm=0.0834, lr=8.4329e-04
2026-09-06 02:00:51,835 - Step 7930: ce=3.2570, phys=-0.0003, causal=0.0017, time=-0.0482, norm=0.0485, lr=8.4309e-04
2026-09-06 02:01:17,474 - Step 7940: ce=3.3174, phys=-0.0002, causal=0.0047, time=-0.0718, norm=0.0896, lr=8.4289e-04
2026-09-06 02:01:42,502 - Step 7950: ce=3.3537, phys=-0.0006, causal=0.0000, time=-0.0637, norm=0.0630, lr=8.4269e-04
2026-09-06 02:02:07,068 - Step 7960: ce=3.7992, phys=-0.0005, causal=0.0020, time=-0.0746, norm=0.0707, lr=8.4248e-04
2026-09-06 02:02:32,987 - Step 7970: ce=3.3404, phys=-0.0002, causal=0.0034, time=-0.0591, norm=0.0576, lr=8.4228e-04
2026-09-06 02:02:58,174 - Step 7980: ce=3.3180, phys=-0.0006, causal=0.0009, time=-0.0806, norm=0.0765, lr=8.4208e-04
2026-09-06 02:03:23,255 - Step 7990: ce=3.2717, phys=-0.0007, causal=0.0000, time=-0.0754, norm=0.0741, lr=8.4188e-04
2026-09-06 02:03:49,043 - Step 8000: ce=3.3166, phys=-0.0004, causal=0.0029, time=-0.0776, norm=0.0720, lr=8.4168e-04
2026-09-06 02:04:14,287 - Step 8010: ce=3.2255, phys=-0.0007, causal=0.0000, time=-0.0768, norm=0.0748, lr=8.4148e-04
2026-09-06 02:04:39,617 - Step 8020: ce=3.2920, phys=-0.0005, causal=0.0032, time=-0.0878, norm=0.0852, lr=8.4128e-04
2026-09-06 02:05:04,123 - Step 8030: ce=3.2536, phys=0.0011, causal=0.0181, time=-0.0779, norm=0.0791, lr=8.4108e-04
2026-09-06 02:05:29,522 - Step 8040: ce=3.3219, phys=-0.0001, causal=0.0053, time=-0.0660, norm=0.0545, lr=8.4088e-04
2026-09-06 02:05:54,125 - Step 8050: ce=3.6121, phys=0.0001, causal=0.0075, time=-0.0707, norm=0.0705, lr=8.4068e-04
2026-09-06 02:06:18,849 - Step 8060: ce=3.1727, phys=0.0008, causal=0.0165, time=-0.0880, norm=0.0728, lr=8.4048e-04
2026-09-06 02:06:43,388 - Step 8070: ce=3.3419, phys=-0.0005, causal=0.0010, time=-0.0675, norm=0.0737, lr=8.4028e-04
2026-09-06 02:07:07,951 - Step 8080: ce=3.4037, phys=-0.0005, causal=0.0007, time=-0.0664, norm=0.0647, lr=8.4008e-04
2026-09-06 02:07:32,201 - Step 8090: ce=3.1840, phys=-0.0002, causal=0.0049, time=-0.0708, norm=0.0571, lr=8.3988e-04
2026-09-06 02:07:56,493 - Step 8100: ce=3.4813, phys=-0.0008, causal=0.0000, time=-0.0837, norm=0.0834, lr=8.3968e-04
2026-09-06 02:08:21,242 - Step 8110: ce=3.2322, phys=-0.0003, causal=0.0055, time=-0.0907, norm=0.0774, lr=8.3948e-04
2026-09-06 02:08:45,557 - Step 8120: ce=3.3066, phys=-0.0007, causal=0.0000, time=-0.0732, norm=0.0730, lr=8.3928e-04
2026-09-06 02:09:10,433 - Step 8130: ce=3.2849, phys=0.0008, causal=0.0167, time=-0.0902, norm=0.0794, lr=8.3908e-04
2026-09-06 02:09:35,430 - Step 8140: ce=3.2570, phys=-0.0000, causal=0.0042, time=-0.0458, norm=0.0336, lr=8.3888e-04
2026-09-06 02:09:59,990 - Step 8150: ce=3.6188, phys=0.0008, causal=0.0124, time=-0.0549, norm=0.0754, lr=8.3868e-04
2026-09-06 02:10:23,956 - Step 8160: ce=3.5224, phys=-0.0005, causal=0.0000, time=-0.0547, norm=0.0909, lr=8.3848e-04
2026-09-06 02:10:48,936 - Step 8170: ce=3.3556, phys=-0.0007, causal=0.0000, time=-0.0774, norm=0.0752, lr=8.3828e-04
2026-09-06 02:11:13,773 - Step 8180: ce=3.3671, phys=-0.0006, causal=0.0014, time=-0.0796, norm=0.0779, lr=8.3808e-04
2026-09-06 02:11:37,411 - Step 8190: ce=3.4916, phys=-0.0008, causal=0.0000, time=-0.0837, norm=0.0834, lr=8.3788e-04
2026-09-06 02:12:01,994 - Step 8200: ce=3.2789, phys=-0.0007, causal=0.0000, time=-0.0770, norm=0.0739, lr=8.3768e-04
2026-09-06 02:12:27,193 - Step 8210: ce=3.3566, phys=0.0001, causal=0.0073, time=-0.0737, norm=0.0729, lr=8.3747e-04
2026-09-06 02:12:52,379 - Step 8220: ce=3.2160, phys=0.0024, causal=0.0316, time=-0.0831, norm=0.0807, lr=8.3727e-04
2026-09-06 02:13:16,819 - Step 8230: ce=3.4204, phys=0.0006, causal=0.0138, time=-0.0810, norm=0.0741, lr=8.3707e-04
2026-09-06 02:13:41,862 - Step 8240: ce=3.4408, phys=-0.0005, causal=0.0014, time=-0.0735, norm=0.0615, lr=8.3687e-04
2026-09-06 02:14:06,631 - Step 8250: ce=3.3276, phys=-0.0004, causal=0.0033, time=-0.0752, norm=0.0687, lr=8.3667e-04
2026-09-06 02:14:31,050 - Step 8260: ce=3.2203, phys=-0.0006, causal=0.0008, time=-0.0792, norm=0.0767, lr=8.3647e-04
2026-09-06 02:14:55,759 - Step 8270: ce=3.1401, phys=-0.0010, causal=0.0000, time=-0.1089, norm=0.0845, lr=8.3627e-04
2026-09-06 02:15:21,232 - Step 8280: ce=3.2445, phys=0.0004, causal=0.0126, time=-0.0947, norm=0.0891, lr=8.3607e-04
2026-09-06 02:15:45,990 - Step 8290: ce=3.2400, phys=-0.0004, causal=0.0017, time=-0.0677, norm=0.0900, lr=8.3587e-04
2026-09-06 02:16:11,004 - Step 8300: ce=3.3752, phys=-0.0006, causal=0.0000, time=-0.0627, norm=0.0687, lr=8.3567e-04
2026-09-06 02:16:36,479 - Step 8310: ce=3.3072, phys=0.0003, causal=0.0094, time=-0.0694, norm=0.0631, lr=8.3547e-04
2026-09-06 02:17:01,329 - Step 8320: ce=3.3266, phys=-0.0006, causal=0.0000, time=-0.0637, norm=0.0630, lr=8.3527e-04
2026-09-06 02:17:25,947 - Step 8330: ce=3.2750, phys=-0.0008, causal=0.0000, time=-0.0837, norm=0.0834, lr=8.3507e-04
2026-09-06 02:17:50,765 - Step 8340: ce=3.3134, phys=-0.0006, causal=0.0000, time=-0.0627, norm=0.0765, lr=8.3487e-04
2026-09-06 02:18:15,022 - Step 8350: ce=3.1516, phys=0.0059, causal=0.0667, time=-0.0839, norm=0.0863, lr=8.3467e-04
2026-09-06 02:18:39,107 - Step 8360: ce=3.3610, phys=-0.0007, causal=0.0000, time=-0.0767, norm=0.0798, lr=8.3447e-04
2026-09-06 02:19:03,839 - Step 8370: ce=3.5705, phys=0.0003, causal=0.0115, time=-0.0970, norm=0.0908, lr=8.3427e-04
2026-09-06 02:19:28,551 - Step 8380: ce=3.1434, phys=-0.0003, causal=0.0043, time=-0.0784, norm=0.0649, lr=8.3407e-04
2026-09-06 02:19:53,444 - Step 8390: ce=3.2685, phys=0.0007, causal=0.0150, time=-0.0857, norm=0.0954, lr=8.3387e-04
2026-09-06 02:20:19,352 - Step 8400: ce=3.2000, phys=-0.0002, causal=0.0049, time=-0.0764, norm=0.0710, lr=8.3367e-04
2026-09-06 02:20:43,951 - Step 8410: ce=3.3013, phys=-0.0008, causal=0.0000, time=-0.0863, norm=0.0817, lr=8.3347e-04
2026-09-06 02:21:09,206 - Step 8420: ce=3.2990, phys=-0.0006, causal=0.0014, time=-0.0824, norm=0.0742, lr=8.3327e-04
2026-09-06 02:21:33,737 - Step 8430: ce=3.4592, phys=-0.0005, causal=0.0029, time=-0.0878, norm=0.0801, lr=8.3307e-04
2026-09-06 02:21:59,028 - Step 8440: ce=3.2120, phys=-0.0004, causal=0.0045, time=-0.0902, norm=0.0862, lr=8.3287e-04
2026-09-06 02:22:25,119 - Step 8450: ce=3.2577, phys=-0.0002, causal=0.0044, time=-0.0758, norm=0.1016, lr=8.3267e-04
2026-09-06 02:22:50,357 - Step 8460: ce=3.1893, phys=-0.0006, causal=0.0000, time=-0.0732, norm=0.1042, lr=8.3246e-04
2026-09-06 02:23:15,462 - Step 8470: ce=3.2847, phys=-0.0007, causal=0.0000, time=-0.0801, norm=0.1011, lr=8.3226e-04
2026-09-06 02:23:40,154 - Step 8480: ce=3.1692, phys=-0.0002, causal=0.0042, time=-0.0659, norm=0.0551, lr=8.3206e-04
2026-09-06 02:24:05,399 - Step 8490: ce=3.3911, phys=-0.0008, causal=0.0000, time=-0.0837, norm=0.0834, lr=8.3186e-04
2026-09-06 02:24:29,683 - Step 8500: ce=3.2367, phys=-0.0007, causal=0.0000, time=-0.0765, norm=0.0747, lr=8.3166e-04
2026-09-06 02:24:54,672 - Step 8510: ce=3.3336, phys=-0.0004, causal=0.0025, time=-0.0713, norm=0.0610, lr=8.3146e-04
2026-09-06 02:25:20,553 - Step 8520: ce=3.2624, phys=0.0009, causal=0.0175, time=-0.0882, norm=0.0840, lr=8.3126e-04
2026-09-06 02:25:46,021 - Step 8530: ce=3.2686, phys=-0.0007, causal=0.0000, time=-0.0765, norm=0.0747, lr=8.3106e-04
2026-09-06 02:26:11,158 - Step 8540: ce=3.2388, phys=-0.0007, causal=0.0000, time=-0.0739, norm=0.0684, lr=8.3086e-04
2026-09-06 02:26:37,597 - Step 8550: ce=3.4207, phys=-0.0004, causal=0.0014, time=-0.0621, norm=0.0575, lr=8.3066e-04
2026-09-06 02:27:03,017 - Step 8560: ce=3.3888, phys=-0.0003, causal=0.0040, time=-0.0746, norm=0.0725, lr=8.3046e-04
2026-09-06 02:27:28,043 - Step 8570: ce=3.3627, phys=-0.0005, causal=0.0000, time=-0.0610, norm=0.0880, lr=8.3026e-04
2026-09-06 02:27:53,192 - Step 8580: ce=3.6583, phys=-0.0005, causal=0.0009, time=-0.0689, norm=0.0620, lr=8.3006e-04
2026-09-06 02:28:18,609 - Step 8590: ce=3.3318, phys=-0.0007, causal=0.0000, time=-0.0732, norm=0.0771, lr=8.2986e-04
2026-09-06 02:28:44,677 - Step 8600: ce=3.1919, phys=-0.0007, causal=0.0000, time=-0.0774, norm=0.0752, lr=8.2966e-04
2026-09-06 02:29:11,405 - Step 8610: ce=3.2178, phys=-0.0007, causal=0.0000, time=-0.0826, norm=0.0781, lr=8.2946e-04
2026-09-06 02:29:36,732 - Step 8620: ce=3.1269, phys=-0.0003, causal=0.0042, time=-0.0793, norm=0.0656, lr=8.2926e-04
2026-09-06 02:30:02,627 - Step 8630: ce=3.3193, phys=-0.0007, causal=0.0000, time=-0.0770, norm=0.0749, lr=8.2906e-04
2026-09-06 02:30:27,946 - Step 8640: ce=3.1589, phys=-0.0007, causal=0.0000, time=-0.0732, norm=0.0730, lr=8.2886e-04
2026-09-06 02:30:53,325 - Step 8650: ce=3.2586, phys=-0.0004, causal=0.0030, time=-0.0802, norm=0.0767, lr=8.2866e-04
2026-09-06 02:31:19,353 - Step 8660: ce=3.2738, phys=0.0044, causal=0.0494, time=-0.0683, norm=0.0909, lr=8.2846e-04
2026-09-06 02:31:44,346 - Step 8670: ce=3.2885, phys=0.0016, causal=0.0236, time=-0.0815, norm=0.0752, lr=8.2826e-04
2026-09-06 02:32:09,777 - Step 8680: ce=3.4308, phys=0.0001, causal=0.0095, time=-0.0901, norm=0.0791, lr=8.2806e-04
2026-09-06 02:32:35,714 - Step 8690: ce=3.3091, phys=-0.0009, causal=0.0000, time=-0.0953, norm=0.0823, lr=8.2786e-04
2026-09-06 02:33:01,278 - Step 8700: ce=3.3298, phys=0.0003, causal=0.0100, time=-0.0801, norm=0.0764, lr=8.2766e-04
2026-09-06 02:33:25,688 - Step 8710: ce=3.2336, phys=-0.0004, causal=0.0027, time=-0.0764, norm=0.0761, lr=8.2745e-04
2026-09-06 02:33:51,682 - Step 8720: ce=3.1677, phys=-0.0007, causal=0.0000, time=-0.0744, norm=0.0736, lr=8.2725e-04
2026-09-06 02:34:18,418 - Step 8730: ce=3.1454, phys=0.0010, causal=0.0172, time=-0.0775, norm=0.0814, lr=8.2705e-04
2026-09-06 02:34:44,753 - Step 8740: ce=3.1970, phys=0.0005, causal=0.0117, time=-0.0694, norm=0.0761, lr=8.2685e-04
2026-09-06 02:35:09,623 - Step 8750: ce=3.4041, phys=-0.0004, causal=0.0017, time=-0.0679, norm=0.0777, lr=8.2665e-04
2026-09-06 02:35:34,406 - Step 8760: ce=3.4074, phys=-0.0000, causal=0.0073, time=-0.0857, norm=0.0781, lr=8.2645e-04
2026-09-06 02:35:59,815 - Step 8770: ce=3.3122, phys=-0.0004, causal=0.0020, time=-0.0698, norm=0.0633, lr=8.2625e-04
2026-09-06 02:36:25,511 - Step 8780: ce=3.2988, phys=-0.0007, causal=0.0000, time=-0.0784, norm=0.0710, lr=8.2605e-04
2026-09-06 02:36:50,595 - Step 8790: ce=3.3023, phys=-0.0006, causal=0.0000, time=-0.0627, norm=0.0710, lr=8.2585e-04
2026-09-06 02:37:15,839 - Step 8800: ce=3.3792, phys=-0.0003, causal=0.0028, time=-0.0612, norm=0.0620, lr=8.2565e-04
2026-09-06 02:37:41,030 - Step 8810: ce=3.3180, phys=-0.0003, causal=0.0005, time=-0.0448, norm=0.0772, lr=8.2545e-04
2026-09-06 02:38:06,176 - Step 8820: ce=3.1984, phys=0.0023, causal=0.0333, time=-0.1135, norm=0.0870, lr=8.2525e-04
2026-09-06 02:38:31,888 - Step 8830: ce=3.6377, phys=0.0001, causal=0.0080, time=-0.0785, norm=0.0752, lr=8.2505e-04
2026-09-06 02:38:57,430 - Step 8840: ce=3.2643, phys=-0.0006, causal=0.0000, time=-0.0670, norm=0.0598, lr=8.2485e-04
2026-09-06 02:39:22,613 - Step 8850: ce=3.5196, phys=-0.0003, causal=0.0028, time=-0.0678, norm=0.0591, lr=8.2465e-04
2026-09-06 02:39:48,304 - Step 8860: ce=3.2268, phys=0.0020, causal=0.0281, time=-0.0927, norm=0.0765, lr=8.2445e-04
2026-09-06 02:40:12,965 - Step 8870: ce=3.2052, phys=-0.0008, causal=0.0000, time=-0.0837, norm=0.0834, lr=8.2425e-04
2026-09-06 02:40:38,781 - Step 8880: ce=3.4360, phys=-0.0007, causal=0.0000, time=-0.0768, norm=0.0748, lr=8.2405e-04
2026-09-06 02:41:04,992 - Step 8890: ce=3.4984, phys=-0.0009, causal=0.0000, time=-0.1030, norm=0.0853, lr=8.2385e-04
2026-09-06 02:41:31,382 - Step 8900: ce=3.1639, phys=0.0071, causal=0.0763, time=-0.0599, norm=0.0537, lr=8.2365e-04
2026-09-06 02:41:57,602 - Step 8910: ce=3.3848, phys=-0.0006, causal=0.0000, time=-0.0709, norm=0.0670, lr=8.2345e-04
2026-09-06 02:42:23,101 - Step 8920: ce=3.4979, phys=0.0012, causal=0.0201, time=-0.0903, norm=0.0891, lr=8.2325e-04
2026-09-06 02:42:49,963 - Step 8930: ce=3.2343, phys=-0.0008, causal=0.0000, time=-0.0837, norm=0.0834, lr=8.2305e-04
2026-09-06 02:43:16,384 - Step 8940: ce=3.6122, phys=-0.0006, causal=0.0002, time=-0.0648, norm=0.0755, lr=8.2285e-04
2026-09-06 02:43:42,041 - Step 8950: ce=3.2286, phys=-0.0006, causal=0.0009, time=-0.0707, norm=0.0667, lr=8.2265e-04
2026-09-06 02:44:07,711 - Step 8960: ce=3.1821, phys=0.0002, causal=0.0078, time=-0.0698, norm=0.0695, lr=8.2244e-04
2026-09-06 02:44:33,950 - Step 8970: ce=3.3213, phys=-0.0005, causal=0.0000, time=-0.0596, norm=0.0518, lr=8.2224e-04
2026-09-06 02:45:00,250 - Step 8980: ce=3.5155, phys=-0.0005, causal=0.0000, time=-0.0601, norm=0.0514, lr=8.2204e-04
2026-09-06 02:45:25,849 - Step 8990: ce=3.3029, phys=-0.0007, causal=0.0000, time=-0.0792, norm=0.0762, lr=8.2184e-04
2026-09-06 02:45:51,920 - Step 9000: ce=3.2455, phys=0.0002, causal=0.0106, time=-0.0905, norm=0.0773, lr=8.2164e-04
2026-09-06 02:46:16,130 - Step 9010: ce=3.3424, phys=-0.0006, causal=0.0000, time=-0.0732, norm=0.0864, lr=8.2144e-04
2026-09-06 02:46:42,279 - Step 9020: ce=3.3449, phys=-0.0007, causal=0.0000, time=-0.0732, norm=0.0730, lr=8.2124e-04
2026-09-06 02:47:08,699 - Step 9030: ce=3.1064, phys=-0.0004, causal=0.0020, time=-0.0614, norm=0.0574, lr=8.2104e-04
2026-09-06 02:47:34,486 - Step 9040: ce=3.4919, phys=0.0001, causal=0.0088, time=-0.0819, norm=0.0700, lr=8.2084e-04
2026-09-06 02:48:00,784 - Step 9050: ce=3.2681, phys=-0.0006, causal=0.0000, time=-0.0627, norm=0.0745, lr=8.2064e-04
2026-09-06 02:48:25,618 - Step 9060: ce=3.2574, phys=0.0001, causal=0.0102, time=-0.0964, norm=0.0845, lr=8.2044e-04
2026-09-06 02:48:51,664 - Step 9070: ce=3.2315, phys=-0.0004, causal=0.0035, time=-0.0870, norm=0.0809, lr=8.2024e-04
2026-09-06 02:49:16,771 - Step 9080: ce=3.3835, phys=-0.0008, causal=0.0000, time=-0.0837, norm=0.0834, lr=8.2004e-04
2026-09-06 02:49:41,593 - Step 9090: ce=3.3603, phys=-0.0002, causal=0.0040, time=-0.0710, norm=0.0682, lr=8.1984e-04
2026-09-06 02:50:06,632 - Step 9100: ce=3.4160, phys=-0.0006, causal=0.0000, time=-0.0705, norm=0.0667, lr=8.1964e-04
2026-09-06 02:50:32,222 - Step 9110: ce=3.3053, phys=0.0013, causal=0.0199, time=-0.0810, norm=0.0766, lr=8.1944e-04
2026-09-06 02:50:57,628 - Step 9120: ce=3.1494, phys=-0.0008, causal=0.0000, time=-0.0837, norm=0.0834, lr=8.1924e-04
2026-09-06 02:51:22,860 - Step 9130: ce=3.8781, phys=-0.0004, causal=0.0043, time=-0.0876, norm=0.0823, lr=8.1904e-04
2026-09-06 02:51:48,429 - Step 9140: ce=3.3005, phys=-0.0006, causal=0.0016, time=-0.0848, norm=0.0781, lr=8.1884e-04
2026-09-06 02:52:13,793 - Step 9150: ce=3.3769, phys=0.0001, causal=0.0066, time=-0.0669, norm=0.0684, lr=8.1864e-04
2026-09-06 02:52:39,998 - Step 9160: ce=3.2779, phys=-0.0004, causal=0.0015, time=-0.0598, norm=0.0679, lr=8.1844e-04
2026-09-06 02:53:05,152 - Step 9170: ce=3.2164, phys=-0.0002, causal=0.0059, time=-0.0828, norm=0.0737, lr=8.1824e-04
2026-09-06 02:53:31,259 - Step 9180: ce=3.2753, phys=-0.0008, causal=0.0000, time=-0.0837, norm=0.0834, lr=8.1804e-04
2026-09-06 02:53:56,163 - Step 9190: ce=3.4638, phys=-0.0008, causal=0.0000, time=-0.0838, norm=0.0852, lr=8.1784e-04
2026-09-06 02:54:22,024 - Step 9200: ce=3.3612, phys=0.0004, causal=0.0115, time=-0.0870, norm=0.0844, lr=8.1764e-04
2026-09-06 02:54:47,754 - Step 9210: ce=3.3719, phys=-0.0003, causal=0.0039, time=-0.0790, norm=0.0688, lr=8.1743e-04
2026-09-06 02:55:13,326 - Step 9220: ce=3.1833, phys=-0.0005, causal=0.0021, time=-0.0750, norm=0.0648, lr=8.1723e-04
2026-09-06 02:55:39,873 - Step 9230: ce=3.2174, phys=-0.0005, causal=0.0022, time=-0.0795, norm=0.0670, lr=8.1703e-04
2026-09-06 02:56:06,801 - Step 9240: ce=3.3735, phys=-0.0006, causal=0.0008, time=-0.0751, norm=0.0708, lr=8.1683e-04
2026-09-06 02:56:31,991 - Step 9250: ce=3.4498, phys=-0.0008, causal=0.0000, time=-0.0830, norm=0.0784, lr=8.1663e-04
2026-09-06 02:56:58,911 - Step 9260: ce=3.3171, phys=-0.0004, causal=0.0000, time=-0.0459, norm=0.0638, lr=8.1643e-04
2026-09-06 02:57:24,994 - Step 9270: ce=3.2948, phys=-0.0008, causal=0.0000, time=-0.0837, norm=0.0834, lr=8.1623e-04
2026-09-06 02:57:51,156 - Step 9280: ce=3.4014, phys=-0.0003, causal=0.0024, time=-0.0615, norm=0.0572, lr=8.1603e-04
2026-09-06 02:58:16,947 - Step 9290: ce=3.1411, phys=0.0008, causal=0.0146, time=-0.0758, norm=0.0653, lr=8.1583e-04
2026-09-06 02:58:43,223 - Step 9300: ce=3.5198, phys=-0.0007, causal=0.0000, time=-0.0765, norm=0.0747, lr=8.1563e-04
2026-09-06 02:59:08,376 - Step 9310: ce=3.3419, phys=-0.0006, causal=0.0000, time=-0.0642, norm=0.0652, lr=8.1543e-04
2026-09-06 02:59:35,355 - Step 9320: ce=3.2082, phys=0.0002, causal=0.0074, time=-0.0643, norm=0.0648, lr=8.1523e-04
2026-09-06 03:00:00,543 - Step 9330: ce=3.3538, phys=-0.0008, causal=0.0000, time=-0.0859, norm=0.0757, lr=8.1503e-04
2026-09-06 03:00:26,264 - Step 9340: ce=3.3248, phys=-0.0007, causal=0.0000, time=-0.0746, norm=0.0737, lr=8.1483e-04
2026-09-06 03:00:52,191 - Step 9350: ce=3.2552, phys=0.0002, causal=0.0096, time=-0.0847, norm=0.0811, lr=8.1463e-04
2026-09-06 03:01:17,727 - Step 9360: ce=3.4174, phys=-0.0002, causal=0.0041, time=-0.0697, norm=0.0670, lr=8.1443e-04
2026-09-06 03:01:44,265 - Step 9370: ce=3.1366, phys=0.0018, causal=0.0243, time=-0.0686, norm=0.0591, lr=8.1423e-04
2026-09-06 03:02:09,965 - Step 9380: ce=3.4512, phys=-0.0002, causal=0.0054, time=-0.0776, norm=0.0718, lr=8.1403e-04
2026-09-06 03:02:35,885 - Step 9390: ce=3.2556, phys=-0.0006, causal=0.0000, time=-0.0679, norm=0.0652, lr=8.1383e-04
2026-09-06 03:03:03,078 - Step 9400: ce=3.4249, phys=-0.0004, causal=0.0036, time=-0.0857, norm=0.0819, lr=8.1363e-04
2026-09-06 03:03:28,507 - Step 9410: ce=3.3343, phys=-0.0006, causal=0.0000, time=-0.0661, norm=0.0643, lr=8.1343e-04
2026-09-06 03:03:55,318 - Step 9420: ce=3.3034, phys=0.0001, causal=0.0068, time=-0.0640, norm=0.0517, lr=8.1323e-04
2026-09-06 03:04:21,883 - Step 9430: ce=3.3289, phys=-0.0006, causal=0.0000, time=-0.0613, norm=0.0568, lr=8.1303e-04
2026-09-06 03:04:47,682 - Step 9440: ce=3.5065, phys=-0.0008, causal=0.0000, time=-0.0837, norm=0.0834, lr=8.1283e-04
2026-09-06 03:05:12,516 - Step 9450: ce=3.2942, phys=-0.0006, causal=0.0011, time=-0.0809, norm=0.0764, lr=8.1263e-04
2026-09-06 03:05:38,042 - Step 9460: ce=3.3292, phys=-0.0003, causal=0.0051, time=-0.0855, norm=0.0826, lr=8.1242e-04
2026-09-06 03:06:04,296 - Step 9470: ce=3.3198, phys=-0.0005, causal=0.0000, time=-0.0523, norm=0.0541, lr=8.1222e-04
2026-09-06 03:06:29,266 - Step 9480: ce=3.3501, phys=0.0030, causal=0.0376, time=-0.0885, norm=0.0964, lr=8.1202e-04
2026-09-06 03:06:55,030 - Step 9490: ce=3.3715, phys=-0.0004, causal=0.0006, time=-0.0539, norm=0.0476, lr=8.1182e-04
2026-09-06 03:07:20,971 - Step 9500: ce=3.3199, phys=0.0006, causal=0.0144, time=-0.0937, norm=0.0834, lr=8.1162e-04
2026-09-06 03:07:46,694 - Step 9510: ce=3.2404, phys=-0.0008, causal=0.0000, time=-0.0837, norm=0.0834, lr=8.1142e-04
2026-09-06 03:08:11,893 - Step 9520: ce=3.4136, phys=-0.0005, causal=0.0000, time=-0.0618, norm=0.0884, lr=8.1122e-04
2026-09-06 03:08:37,148 - Step 9530: ce=3.3638, phys=-0.0004, causal=0.0000, time=-0.0509, norm=0.0995, lr=8.1102e-04
2026-09-06 03:09:03,286 - Step 9540: ce=3.2400, phys=0.0004, causal=0.0106, time=-0.0736, norm=0.0730, lr=8.1082e-04
2026-09-06 03:09:29,449 - Step 9550: ce=3.2236, phys=-0.0005, causal=0.0008, time=-0.0663, norm=0.0559, lr=8.1062e-04
2026-09-06 03:09:54,614 - Step 9560: ce=3.3661, phys=-0.0006, causal=0.0000, time=-0.0696, norm=0.0662, lr=8.1042e-04
2026-09-06 03:10:20,337 - Step 9570: ce=3.3662, phys=-0.0007, causal=0.0000, time=-0.0732, norm=0.0763, lr=8.1022e-04
2026-09-06 03:10:46,744 - Step 9580: ce=3.3419, phys=-0.0002, causal=0.0067, time=-0.0900, norm=0.0713, lr=8.1002e-04
2026-09-06 03:11:12,111 - Step 9590: ce=3.3297, phys=-0.0007, causal=0.0000, time=-0.0754, norm=0.0741, lr=8.0982e-04
2026-09-06 03:11:39,561 - Step 9600: ce=3.2287, phys=0.0001, causal=0.0089, time=-0.0857, norm=0.0841, lr=8.0962e-04
2026-09-06 03:12:06,175 - Step 9610: ce=3.4235, phys=-0.0007, causal=0.0000, time=-0.0802, norm=0.0722, lr=8.0942e-04
2026-09-06 03:12:32,722 - Step 9620: ce=3.1837, phys=0.0026, causal=0.0311, time=-0.0571, norm=0.0480, lr=8.0922e-04
2026-09-06 03:12:58,858 - Step 9630: ce=3.2176, phys=0.0001, causal=0.0075, time=-0.0683, norm=0.0590, lr=8.0902e-04
2026-09-06 03:13:24,493 - Step 9640: ce=3.2902, phys=0.0003, causal=0.0101, time=-0.0733, norm=0.0628, lr=8.0882e-04
2026-09-06 03:13:50,832 - Step 9650: ce=3.2547, phys=0.0015, causal=0.0230, time=-0.0851, norm=0.0691, lr=8.0862e-04
2026-09-06 03:14:17,368 - Step 9660: ce=3.3150, phys=-0.0005, causal=0.0000, time=-0.0578, norm=0.0500, lr=8.0842e-04
2026-09-06 03:14:43,347 - Step 9670: ce=3.3000, phys=-0.0001, causal=0.0067, time=-0.0852, norm=0.0804, lr=8.0822e-04
2026-09-06 03:15:10,250 - Step 9680: ce=3.2940, phys=0.0005, causal=0.0123, time=-0.0823, norm=0.0713, lr=8.0802e-04
2026-09-06 03:15:37,514 - Step 9690: ce=3.3919, phys=0.0027, causal=0.0325, time=-0.0611, norm=0.0451, lr=8.0782e-04
2026-09-06 03:16:03,244 - Step 9700: ce=3.2679, phys=-0.0008, causal=0.0000, time=-0.0867, norm=0.0807, lr=8.0762e-04
2026-09-06 03:16:30,139 - Step 9710: ce=3.2500, phys=-0.0003, causal=0.0018, time=-0.0591, norm=0.0764, lr=8.0741e-04
2026-09-06 03:16:56,634 - Step 9720: ce=3.3349, phys=-0.0005, causal=0.0000, time=-0.0605, norm=0.0712, lr=8.0721e-04
2026-09-06 03:17:24,189 - Step 9730: ce=3.3101, phys=0.0057, causal=0.0636, time=-0.0700, norm=0.0751, lr=8.0701e-04
2026-09-06 03:17:51,409 - Step 9740: ce=3.5808, phys=-0.0003, causal=0.0045, time=-0.0793, norm=0.0725, lr=8.0681e-04
2026-09-06 03:18:17,050 - Step 9750: ce=3.2704, phys=-0.0006, causal=0.0012, time=-0.0828, norm=0.0770, lr=8.0661e-04
2026-09-06 03:18:44,055 - Step 9760: ce=3.1928, phys=-0.0007, causal=0.0000, time=-0.0777, norm=0.0753, lr=8.0641e-04
2026-09-06 03:19:10,818 - Step 9770: ce=3.5863, phys=0.0018, causal=0.0260, time=-0.0849, norm=0.0756, lr=8.0621e-04
2026-09-06 03:19:36,743 - Step 9780: ce=3.2767, phys=-0.0007, causal=0.0000, time=-0.0803, norm=0.0768, lr=8.0601e-04
2026-09-06 03:20:03,305 - Step 9790: ce=3.2598, phys=-0.0005, causal=0.0007, time=-0.0644, norm=0.0585, lr=8.0581e-04
2026-09-06 03:20:29,986 - Step 9800: ce=3.2991, phys=-0.0007, causal=0.0000, time=-0.0732, norm=0.0765, lr=8.0561e-04
2026-09-06 03:20:55,985 - Step 9810: ce=3.3245, phys=-0.0005, causal=0.0019, time=-0.0751, norm=0.0605, lr=8.0541e-04
2026-09-06 03:21:22,570 - Step 9820: ce=3.4478, phys=-0.0006, causal=0.0000, time=-0.0610, norm=0.0528, lr=8.0521e-04
2026-09-06 03:21:49,173 - Step 9830: ce=3.3381, phys=-0.0008, causal=0.0000, time=-0.0915, norm=0.0976, lr=8.0501e-04
2026-09-06 03:22:15,366 - Step 9840: ce=3.2026, phys=-0.0008, causal=0.0000, time=-0.0836, norm=0.0740, lr=8.0481e-04
2026-09-06 03:22:40,971 - Step 9850: ce=3.2879, phys=-0.0008, causal=0.0000, time=-0.0837, norm=0.0834, lr=8.0461e-04
2026-09-06 03:23:07,387 - Step 9860: ce=3.2059, phys=-0.0008, causal=0.0000, time=-0.0837, norm=0.0834, lr=8.0441e-04
2026-09-06 03:23:34,681 - Step 9870: ce=3.2949, phys=0.0000, causal=0.0074, time=-0.0791, norm=0.0722, lr=8.0421e-04
2026-09-06 03:24:02,203 - Step 9880: ce=3.5322, phys=-0.0008, causal=0.0000, time=-0.0837, norm=0.0834, lr=8.0401e-04
2026-09-06 03:24:28,929 - Step 9890: ce=3.2441, phys=-0.0005, causal=0.0034, time=-0.0875, norm=0.0796, lr=8.0381e-04
2026-09-06 03:24:56,616 - Step 9900: ce=3.1525, phys=-0.0006, causal=0.0000, time=-0.0696, norm=0.0661, lr=8.0361e-04
2026-09-06 03:25:24,654 - Step 9910: ce=3.2259, phys=-0.0004, causal=0.0041, time=-0.0892, norm=0.0753, lr=8.0341e-04
2026-09-06 03:25:53,260 - Step 9920: ce=3.4257, phys=-0.0005, causal=0.0015, time=-0.0681, norm=0.0664, lr=8.0321e-04
2026-09-06 03:26:20,916 - Step 9930: ce=3.3973, phys=-0.0004, causal=0.0015, time=-0.0678, norm=0.0907, lr=8.0301e-04
2026-09-06 03:26:48,375 - Step 9940: ce=3.4868, phys=-0.0004, causal=0.0015, time=-0.0623, norm=0.0570, lr=8.0281e-04
2026-09-06 03:27:15,287 - Step 9950: ce=3.1811, phys=0.0011, causal=0.0189, time=-0.0836, norm=0.0834, lr=8.0261e-04
2026-09-06 03:27:42,088 - Step 9960: ce=3.2184, phys=-0.0006, causal=0.0014, time=-0.0768, norm=0.0779, lr=8.0240e-04
2026-09-06 03:28:08,975 - Step 9970: ce=3.4512, phys=-0.0005, causal=0.0008, time=-0.0644, norm=0.0709, lr=8.0220e-04
2026-09-06 03:28:36,631 - Step 9980: ce=3.4091, phys=0.0001, causal=0.0066, time=-0.0613, norm=0.0615, lr=8.0200e-04
2026-09-06 03:29:03,854 - Step 9990: ce=3.2212, phys=-0.0005, causal=0.0027, time=-0.0883, norm=0.0820, lr=8.0180e-04
2026-09-06 03:29:31,406 - Step 10000: ce=3.3121, phys=-0.0008, causal=0.0000, time=-0.0837, norm=0.0834, lr=8.0160e-04
2026-09-06 04:03:33,510 - Best model saved at step 10000 with val loss 2.5973
2026-09-06 04:04:02,107 - Step 10010: ce=3.3249, phys=-0.0000, causal=0.0062, time=-0.0688, norm=0.0622, lr=8.0140e-04
2026-09-06 04:04:30,144 - Step 10020: ce=3.3070, phys=-0.0007, causal=0.0000, time=-0.0738, norm=0.0687, lr=8.0120e-04
2026-09-06 04:04:57,589 - Step 10030: ce=3.0988, phys=0.0017, causal=0.0241, time=-0.0718, norm=0.0515, lr=8.0100e-04
2026-09-06 04:05:24,987 - Step 10040: ce=3.3019, phys=0.0001, causal=0.0056, time=-0.0483, norm=0.0628, lr=8.0080e-04
2026-09-06 04:05:52,391 - Step 10050: ce=3.2809, phys=0.0034, causal=0.0413, time=-0.0808, norm=0.0769, lr=8.0060e-04
2026-09-06 04:06:18,973 - Step 10060: ce=3.7279, phys=-0.0007, causal=0.0000, time=-0.0732, norm=0.0730, lr=8.0040e-04
2026-09-06 04:06:45,633 - Step 10070: ce=3.7126, phys=-0.0005, causal=0.0031, time=-0.0893, norm=0.0797, lr=8.0020e-04
2026-09-06 04:07:13,403 - Step 10080: ce=3.3224, phys=-0.0003, causal=0.0039, time=-0.0811, norm=0.0796, lr=8.0000e-04
2026-09-06 04:07:40,073 - Step 10090: ce=3.3592, phys=0.0008, causal=0.0147, time=-0.0743, norm=0.0651, lr=7.9980e-04
2026-09-06 04:08:07,115 - Step 10100: ce=3.4422, phys=-0.0006, causal=0.0005, time=-0.0739, norm=0.0687, lr=7.9960e-04
2026-09-06 04:08:33,897 - Step 10110: ce=3.3049, phys=-0.0004, causal=0.0040, time=-0.0830, norm=0.0770, lr=7.9940e-04
2026-09-06 04:09:00,984 - Step 10120: ce=3.2865, phys=-0.0008, causal=0.0000, time=-0.0837, norm=0.0834, lr=7.9920e-04
2026-09-06 04:09:28,249 - Step 10130: ce=3.3400, phys=-0.0003, causal=0.0000, time=-0.0376, norm=0.0349, lr=7.9900e-04
2026-09-06 04:09:55,747 - Step 10140: ce=3.3311, phys=-0.0004, causal=0.0018, time=-0.0640, norm=0.0849, lr=7.9880e-04
2026-09-06 04:10:24,180 - Step 10150: ce=3.4109, phys=-0.0005, causal=0.0007, time=-0.0608, norm=0.0571, lr=7.9860e-04
2026-09-06 04:10:51,225 - Step 10160: ce=3.1805, phys=0.0012, causal=0.0199, time=-0.0897, norm=0.0836, lr=7.9840e-04
2026-09-06 04:11:18,127 - Step 10170: ce=3.4574, phys=-0.0006, causal=0.0000, time=-0.0642, norm=0.0633, lr=7.9820e-04
2026-09-06 04:11:46,192 - Step 10180: ce=3.4011, phys=0.0003, causal=0.0098, time=-0.0717, norm=0.0697, lr=7.9800e-04
2026-09-06 04:12:12,966 - Step 10190: ce=3.3165, phys=-0.0006, causal=0.0009, time=-0.0776, norm=0.0768, lr=7.9780e-04
2026-09-06 04:12:40,588 - Step 10200: ce=3.1739, phys=-0.0005, causal=0.0000, time=-0.0523, norm=0.0483, lr=7.9760e-04
2026-09-06 04:13:07,843 - Step 10210: ce=3.1485, phys=0.0002, causal=0.0101, time=-0.0912, norm=0.0746, lr=7.9739e-04
2026-09-06 04:13:35,743 - Step 10220: ce=3.3749, phys=-0.0008, causal=0.0000, time=-0.0837, norm=0.0834, lr=7.9719e-04
2026-09-06 04:14:03,925 - Step 10230: ce=3.4467, phys=-0.0006, causal=0.0003, time=-0.0735, norm=0.0681, lr=7.9699e-04
2026-09-06 04:14:31,014 - Step 10240: ce=3.3101, phys=-0.0007, causal=0.0000, time=-0.0814, norm=0.0896, lr=7.9679e-04
2026-09-06 04:14:58,483 - Step 10250: ce=3.1996, phys=-0.0006, causal=0.0000, time=-0.0698, norm=0.0662, lr=7.9659e-04
2026-09-06 04:15:25,820 - Step 10260: ce=3.2164, phys=-0.0007, causal=0.0000, time=-0.0756, norm=0.0742, lr=7.9639e-04
2026-09-06 04:15:52,479 - Step 10270: ce=3.2886, phys=-0.0001, causal=0.0074, time=-0.0887, norm=0.0847, lr=7.9619e-04
2026-09-06 04:16:20,872 - Step 10280: ce=3.3097, phys=-0.0001, causal=0.0042, time=-0.0572, norm=0.0576, lr=7.9599e-04
2026-09-06 04:16:48,778 - Step 10290: ce=3.3591, phys=0.0011, causal=0.0180, time=-0.0777, norm=0.0743, lr=7.9579e-04
2026-09-06 04:17:16,647 - Step 10300: ce=3.3043, phys=0.0017, causal=0.0238, time=-0.0791, norm=0.0812, lr=7.9559e-04
2026-09-06 04:17:44,862 - Step 10310: ce=3.3575, phys=-0.0005, causal=0.0000, time=-0.0558, norm=0.0613, lr=7.9539e-04
2026-09-06 04:18:12,721 - Step 10320: ce=3.3088, phys=0.0056, causal=0.0635, time=-0.0815, norm=0.0857, lr=7.9519e-04
2026-09-06 04:18:42,145 - Step 10330: ce=3.2004, phys=0.0021, causal=0.0273, time=-0.0726, norm=0.0678, lr=7.9499e-04
2026-09-06 04:19:10,313 - Step 10340: ce=3.6789, phys=-0.0005, causal=0.0000, time=-0.0552, norm=0.0536, lr=7.9479e-04
2026-09-06 04:19:38,073 - Step 10350: ce=3.2865, phys=-0.0005, causal=0.0011, time=-0.0676, norm=0.0672, lr=7.9459e-04
2026-09-06 04:20:04,667 - Step 10360: ce=3.3080, phys=-0.0006, causal=0.0012, time=-0.0785, norm=0.0760, lr=7.9439e-04
2026-09-06 04:20:32,522 - Step 10370: ce=3.4816, phys=-0.0008, causal=0.0000, time=-0.0911, norm=0.0805, lr=7.9419e-04
2026-09-06 04:21:00,101 - Step 10380: ce=3.3041, phys=-0.0004, causal=0.0031, time=-0.0758, norm=0.0698, lr=7.9399e-04
2026-09-06 04:21:27,067 - Step 10390: ce=3.4883, phys=-0.0003, causal=0.0026, time=-0.0628, norm=0.0591, lr=7.9379e-04
2026-09-06 04:21:54,639 - Step 10400: ce=3.2646, phys=-0.0003, causal=0.0029, time=-0.0680, norm=0.0606, lr=7.9359e-04
2026-09-06 04:22:22,291 - Step 10410: ce=3.2745, phys=-0.0007, causal=0.0000, time=-0.0770, norm=0.0749, lr=7.9339e-04
2026-09-06 04:22:50,199 - Step 10420: ce=3.1965, phys=-0.0007, causal=0.0000, time=-0.0801, norm=0.0767, lr=7.9319e-04
2026-09-06 04:23:17,618 - Step 10430: ce=3.4367, phys=-0.0001, causal=0.0059, time=-0.0724, norm=0.0680, lr=7.9299e-04
2026-09-06 04:23:44,539 - Step 10440: ce=3.3401, phys=-0.0006, causal=0.0000, time=-0.0621, norm=0.0653, lr=7.9279e-04
2026-09-06 04:24:11,277 - Step 10450: ce=3.1625, phys=-0.0007, causal=0.0000, time=-0.0780, norm=0.0712, lr=7.9259e-04
2026-09-06 04:24:38,778 - Step 10460: ce=3.1998, phys=-0.0003, causal=0.0050, time=-0.0819, norm=0.0682, lr=7.9238e-04
2026-09-06 04:25:05,275 - Step 10470: ce=3.2749, phys=-0.0003, causal=0.0030, time=-0.0659, norm=0.0815, lr=7.9218e-04
2026-09-06 04:25:31,998 - Step 10480: ce=3.5290, phys=-0.0007, causal=0.0000, time=-0.0764, norm=0.0656, lr=7.9198e-04
2026-09-06 04:25:58,732 - Step 10490: ce=3.3828, phys=-0.0002, causal=0.0053, time=-0.0798, norm=0.0579, lr=7.9178e-04
2026-09-06 04:26:24,952 - Step 10500: ce=3.3342, phys=-0.0006, causal=0.0000, time=-0.0737, norm=0.0939, lr=7.9158e-04
2026-09-06 04:26:51,071 - Step 10510: ce=3.2678, phys=-0.0007, causal=0.0000, time=-0.0779, norm=0.0754, lr=7.9138e-04
2026-09-06 04:27:17,554 - Step 10520: ce=3.3758, phys=-0.0007, causal=0.0000, time=-0.0814, norm=0.0774, lr=7.9118e-04
2026-09-06 04:27:44,999 - Step 10530: ce=3.1166, phys=-0.0007, causal=0.0000, time=-0.0783, norm=0.0757, lr=7.9098e-04
2026-09-06 04:28:12,270 - Step 10540: ce=3.1410, phys=-0.0003, causal=0.0039, time=-0.0776, norm=0.0718, lr=7.9078e-04
2026-09-06 04:28:38,700 - Step 10550: ce=3.1935, phys=0.0004, causal=0.0104, time=-0.0699, norm=0.0581, lr=7.9058e-04
2026-09-06 04:29:06,178 - Step 10560: ce=3.1762, phys=-0.0007, causal=0.0000, time=-0.0777, norm=0.0753, lr=7.9038e-04
2026-09-06 04:29:33,471 - Step 10570: ce=3.2709, phys=-0.0007, causal=0.0000, time=-0.0734, norm=0.0726, lr=7.9018e-04
2026-09-06 04:30:01,719 - Step 10580: ce=3.3164, phys=-0.0006, causal=0.0000, time=-0.0647, norm=0.0635, lr=7.8998e-04
2026-09-06 04:30:29,328 - Step 10590: ce=3.4234, phys=0.0003, causal=0.0086, time=-0.0634, norm=0.0572, lr=7.8978e-04
2026-09-06 04:30:57,581 - Step 10600: ce=3.3493, phys=-0.0007, causal=0.0000, time=-0.0781, norm=0.0756, lr=7.8958e-04
2026-09-06 04:31:25,347 - Step 10610: ce=3.2881, phys=-0.0006, causal=0.0000, time=-0.0658, norm=0.0592, lr=7.8938e-04
2026-09-06 04:31:52,826 - Step 10620: ce=3.2752, phys=-0.0006, causal=0.0008, time=-0.0764, norm=0.0640, lr=7.8918e-04
2026-09-06 04:32:20,150 - Step 10630: ce=3.3397, phys=0.0008, causal=0.0160, time=-0.0883, norm=0.0819, lr=7.8898e-04
2026-09-06 04:32:47,785 - Step 10640: ce=3.3027, phys=0.0015, causal=0.0222, time=-0.0785, norm=0.0770, lr=7.8878e-04
2026-09-06 04:33:14,503 - Step 10650: ce=3.2069, phys=-0.0008, causal=0.0000, time=-0.0837, norm=0.0834, lr=7.8858e-04
2026-09-06 04:33:42,153 - Step 10660: ce=3.3126, phys=0.0001, causal=0.0063, time=-0.0581, norm=0.0547, lr=7.8838e-04
2026-09-06 04:34:10,707 - Step 10670: ce=3.1565, phys=-0.0002, causal=0.0039, time=-0.0626, norm=0.0578, lr=7.8818e-04
2026-09-06 04:34:37,144 - Step 10680: ce=3.3211, phys=-0.0002, causal=0.0035, time=-0.0630, norm=0.0721, lr=7.8798e-04
2026-09-06 04:35:05,120 - Step 10690: ce=3.4163, phys=-0.0004, causal=0.0000, time=-0.0412, norm=0.0435, lr=7.8778e-04
2026-09-06 04:35:32,435 - Step 10700: ce=3.2608, phys=-0.0006, causal=0.0013, time=-0.0789, norm=0.0763, lr=7.8758e-04
2026-09-06 04:35:59,556 - Step 10710: ce=3.4062, phys=0.0007, causal=0.0146, time=-0.0881, norm=0.0779, lr=7.8737e-04
2026-09-06 04:36:26,934 - Step 10720: ce=3.3864, phys=0.0007, causal=0.0134, time=-0.0740, norm=0.0628, lr=7.8717e-04
2026-09-06 04:36:54,222 - Step 10730: ce=3.3583, phys=-0.0008, causal=0.0000, time=-0.0837, norm=0.0834, lr=7.8697e-04
2026-09-06 04:37:21,939 - Step 10740: ce=3.3608, phys=0.0013, causal=0.0180, time=-0.0521, norm=0.0556, lr=7.8677e-04
2026-09-06 04:37:49,857 - Step 10750: ce=3.3729, phys=-0.0002, causal=0.0051, time=-0.0833, norm=0.0829, lr=7.8657e-04
2026-09-06 04:38:17,046 - Step 10760: ce=3.2654, phys=-0.0003, causal=0.0031, time=-0.0646, norm=0.0542, lr=7.8637e-04
2026-09-06 04:38:44,407 - Step 10770: ce=3.2231, phys=-0.0009, causal=0.0000, time=-0.1005, norm=0.0831, lr=7.8617e-04
2026-09-06 04:39:11,199 - Step 10780: ce=3.6996, phys=-0.0008, causal=0.0000, time=-0.0858, norm=0.0765, lr=7.8597e-04
2026-09-06 04:39:39,380 - Step 10790: ce=3.2577, phys=0.0002, causal=0.0109, time=-0.0975, norm=0.0813, lr=7.8577e-04
2026-09-06 04:40:05,976 - Step 10800: ce=3.3294, phys=-0.0007, causal=0.0000, time=-0.0732, norm=0.0730, lr=7.8557e-04
2026-09-06 04:40:32,749 - Step 10810: ce=3.1877, phys=-0.0007, causal=0.0000, time=-0.0726, norm=0.0729, lr=7.8537e-04
2026-09-06 04:40:59,607 - Step 10820: ce=3.3652, phys=-0.0008, causal=0.0000, time=-0.0837, norm=0.0834, lr=7.8517e-04
2026-09-06 04:41:26,805 - Step 10830: ce=3.1828, phys=-0.0000, causal=0.0068, time=-0.0759, norm=0.0659, lr=7.8497e-04
2026-09-06 04:41:54,794 - Step 10840: ce=3.3871, phys=-0.0007, causal=0.0000, time=-0.0806, norm=0.0970, lr=7.8477e-04
2026-09-06 04:42:22,958 - Step 10850: ce=3.5243, phys=-0.0008, causal=0.0000, time=-0.0837, norm=0.0834, lr=7.8457e-04
2026-09-06 04:42:51,472 - Step 10860: ce=3.2502, phys=-0.0007, causal=0.0000, time=-0.0770, norm=0.0749, lr=7.8437e-04
2026-09-06 04:43:18,820 - Step 10870: ce=3.3881, phys=-0.0002, causal=0.0077, time=-0.1003, norm=0.0751, lr=7.8417e-04
2026-09-06 04:43:45,838 - Step 10880: ce=3.2928, phys=-0.0004, causal=0.0031, time=-0.0740, norm=0.0683, lr=7.8397e-04
2026-09-06 04:44:13,010 - Step 10890: ce=3.2996, phys=-0.0006, causal=0.0000, time=-0.0649, norm=0.0637, lr=7.8377e-04
2026-09-06 04:44:39,670 - Step 10900: ce=3.4303, phys=-0.0008, causal=0.0000, time=-0.0837, norm=0.0834, lr=7.8357e-04
2026-09-06 04:45:07,154 - Step 10910: ce=3.3178, phys=-0.0006, causal=0.0012, time=-0.0800, norm=0.0771, lr=7.8337e-04
2026-09-06 04:45:35,162 - Step 10920: ce=3.2186, phys=-0.0002, causal=0.0055, time=-0.0825, norm=0.0734, lr=7.8317e-04
2026-09-06 04:46:02,172 - Step 10930: ce=3.3846, phys=-0.0006, causal=0.0000, time=-0.0640, norm=0.0632, lr=7.8297e-04
2026-09-06 04:46:28,968 - Step 10940: ce=3.2422, phys=-0.0005, causal=0.0000, time=-0.0594, norm=0.0735, lr=7.8277e-04
2026-09-06 04:46:55,417 - Step 10950: ce=3.1884, phys=-0.0008, causal=0.0000, time=-0.0865, norm=0.0720, lr=7.8257e-04
2026-09-06 04:47:21,615 - Step 10960: ce=3.2714, phys=-0.0007, causal=0.0004, time=-0.0770, norm=0.0750, lr=7.8236e-04
2026-09-06 04:47:47,824 - Step 10970: ce=3.2825, phys=-0.0005, causal=0.0009, time=-0.0654, norm=0.0653, lr=7.8216e-04
2026-09-06 04:48:14,744 - Step 10980: ce=3.3018, phys=-0.0008, causal=0.0000, time=-0.0837, norm=0.0834, lr=7.8196e-04
2026-09-06 04:48:41,567 - Step 10990: ce=3.4878, phys=-0.0003, causal=0.0028, time=-0.0644, norm=0.0585, lr=7.8176e-04
2026-09-06 04:49:08,946 - Step 11000: ce=3.4610, phys=-0.0007, causal=0.0000, time=-0.0732, norm=0.0730, lr=7.8156e-04
2026-09-06 04:49:35,853 - Step 11010: ce=3.3876, phys=-0.0008, causal=0.0000, time=-0.0837, norm=0.0834, lr=7.8136e-04
2026-09-06 04:50:02,374 - Step 11020: ce=3.3392, phys=-0.0005, causal=0.0000, time=-0.0540, norm=0.0510, lr=7.8116e-04
2026-09-06 04:50:29,173 - Step 11030: ce=3.2789, phys=-0.0006, causal=0.0000, time=-0.0679, norm=0.0731, lr=7.8096e-04
2026-09-06 04:50:55,560 - Step 11040: ce=3.2466, phys=-0.0005, causal=0.0022, time=-0.0826, norm=0.0789, lr=7.8076e-04
2026-09-06 04:51:21,842 - Step 11050: ce=3.3692, phys=-0.0004, causal=0.0023, time=-0.0719, norm=0.0873, lr=7.8056e-04
2026-09-06 04:51:48,761 - Step 11060: ce=3.4022, phys=-0.0007, causal=0.0000, time=-0.0763, norm=0.0746, lr=7.8036e-04
2026-09-06 04:52:15,356 - Step 11070: ce=3.6737, phys=-0.0007, causal=0.0000, time=-0.0780, norm=0.0944, lr=7.8016e-04
2026-09-06 04:52:42,614 - Step 11080: ce=3.1929, phys=0.0028, causal=0.0346, time=-0.0749, norm=0.0755, lr=7.7996e-04
2026-09-06 04:53:09,371 - Step 11090: ce=3.2534, phys=-0.0006, causal=0.0000, time=-0.0649, norm=0.0637, lr=7.7976e-04
2026-09-06 04:53:36,490 - Step 11100: ce=3.2003, phys=-0.0002, causal=0.0045, time=-0.0728, norm=0.0639, lr=7.7956e-04
2026-09-06 04:54:03,319 - Step 11110: ce=3.3560, phys=-0.0006, causal=0.0000, time=-0.0665, norm=0.0618, lr=7.7936e-04
2026-09-06 04:54:30,380 - Step 11120: ce=3.4248, phys=0.0083, causal=0.0922, time=-0.0962, norm=0.0796, lr=7.7916e-04
2026-09-06 04:54:57,311 - Step 11130: ce=3.2220, phys=-0.0007, causal=0.0000, time=-0.0751, norm=0.1008, lr=7.7896e-04
2026-09-06 04:55:24,467 - Step 11140: ce=3.3833, phys=0.0020, causal=0.0263, time=-0.0748, norm=0.0728, lr=7.7876e-04
2026-09-06 04:55:51,259 - Step 11150: ce=3.1953, phys=0.0002, causal=0.0091, time=-0.0752, norm=0.0661, lr=7.7856e-04
2026-09-06 04:56:18,841 - Step 11160: ce=3.1609, phys=0.0012, causal=0.0187, time=-0.0771, norm=0.0703, lr=7.7836e-04
2026-09-06 04:56:46,507 - Step 11170: ce=3.2195, phys=-0.0003, causal=0.0034, time=-0.0744, norm=0.0718, lr=7.7816e-04
2026-09-06 04:57:14,070 - Step 11180: ce=3.3057, phys=-0.0008, causal=0.0000, time=-0.0837, norm=0.0834, lr=7.7796e-04
2026-09-06 04:57:40,952 - Step 11190: ce=3.1065, phys=-0.0006, causal=0.0012, time=-0.0824, norm=0.0930, lr=7.7776e-04
2026-09-06 04:58:07,575 - Step 11200: ce=3.1907, phys=-0.0001, causal=0.0052, time=-0.0726, norm=0.0694, lr=7.7756e-04
2026-09-06 04:58:34,777 - Step 11210: ce=3.3077, phys=-0.0007, causal=0.0000, time=-0.0761, norm=0.0745, lr=7.7735e-04
2026-09-06 04:59:01,382 - Step 11220: ce=3.5122, phys=-0.0008, causal=0.0000, time=-0.0837, norm=0.0834, lr=7.7715e-04
2026-09-06 04:59:28,741 - Step 11230: ce=3.5400, phys=-0.0007, causal=0.0000, time=-0.0768, norm=0.0748, lr=7.7695e-04
2026-09-06 04:59:54,979 - Step 11240: ce=3.3838, phys=-0.0007, causal=0.0001, time=-0.0745, norm=0.0737, lr=7.7675e-04
2026-09-06 05:00:21,910 - Step 11250: ce=3.1192, phys=0.0006, causal=0.0140, time=-0.0846, norm=0.0789, lr=7.7655e-04
2026-09-06 05:00:48,708 - Step 11260: ce=3.2001, phys=0.0018, causal=0.0250, time=-0.0823, norm=0.0756, lr=7.7635e-04
2026-09-06 05:01:15,381 - Step 11270: ce=3.3016, phys=0.0021, causal=0.0275, time=-0.0746, norm=0.0649, lr=7.7615e-04
2026-09-06 05:01:42,720 - Step 11280: ce=3.1590, phys=0.0016, causal=0.0233, time=-0.0802, norm=0.0641, lr=7.7595e-04
2026-09-06 05:02:09,554 - Step 11290: ce=3.3522, phys=-0.0001, causal=0.0049, time=-0.0644, norm=0.0603, lr=7.7575e-04
2026-09-06 05:02:36,333 - Step 11300: ce=3.4444, phys=-0.0006, causal=0.0012, time=-0.0816, norm=0.0780, lr=7.7555e-04
2026-09-06 05:03:03,147 - Step 11310: ce=3.3108, phys=-0.0001, causal=0.0069, time=-0.0847, norm=0.0756, lr=7.7535e-04
2026-09-06 05:03:29,448 - Step 11320: ce=3.2824, phys=-0.0008, causal=0.0000, time=-0.0837, norm=0.0834, lr=7.7515e-04
2026-09-06 05:03:54,945 - Step 11330: ce=3.2807, phys=-0.0002, causal=0.0050, time=-0.0803, norm=0.0710, lr=7.7495e-04
2026-09-06 05:04:22,023 - Step 11340: ce=3.2801, phys=-0.0006, causal=0.0000, time=-0.0651, norm=0.0638, lr=7.7475e-04
2026-09-06 05:04:48,136 - Step 11350: ce=3.2936, phys=-0.0008, causal=0.0000, time=-0.0837, norm=0.0834, lr=7.7455e-04
2026-09-06 05:05:15,136 - Step 11360: ce=3.3024, phys=-0.0008, causal=0.0000, time=-0.0837, norm=0.0834, lr=7.7435e-04
2026-09-06 05:05:41,061 - Step 11370: ce=3.3872, phys=-0.0007, causal=0.0000, time=-0.0746, norm=0.0737, lr=7.7415e-04
2026-09-06 05:06:08,148 - Step 11380: ce=3.2726, phys=0.0004, causal=0.0107, time=-0.0746, norm=0.0683, lr=7.7395e-04
2026-09-06 05:06:34,300 - Step 11390: ce=3.2658, phys=-0.0006, causal=0.0000, time=-0.0738, norm=0.0910, lr=7.7375e-04
2026-09-06 05:07:00,674 - Step 11400: ce=3.3651, phys=-0.0008, causal=0.0000, time=-0.0837, norm=0.0834, lr=7.7355e-04
2026-09-06 05:07:27,091 - Step 11410: ce=3.2743, phys=0.0002, causal=0.0101, time=-0.0847, norm=0.0768, lr=7.7335e-04
2026-09-06 05:07:53,741 - Step 11420: ce=3.2197, phys=-0.0008, causal=0.0000, time=-0.0875, norm=0.0767, lr=7.7315e-04
2026-09-06 05:08:19,915 - Step 11430: ce=3.4024, phys=-0.0007, causal=0.0000, time=-0.0780, norm=0.0730, lr=7.7295e-04
2026-09-06 05:08:46,262 - Step 11440: ce=3.2349, phys=-0.0005, causal=0.0016, time=-0.0682, norm=0.0665, lr=7.7275e-04
2026-09-06 05:09:13,306 - Step 11450: ce=3.1938, phys=0.0004, causal=0.0125, time=-0.0897, norm=0.0737, lr=7.7255e-04
2026-09-06 05:09:40,095 - Step 11460: ce=3.1010, phys=0.0053, causal=0.0595, time=-0.0740, norm=0.0744, lr=7.7234e-04
2026-09-06 05:10:07,349 - Step 11470: ce=3.3521, phys=-0.0006, causal=0.0013, time=-0.0783, norm=0.0768, lr=7.7214e-04
2026-09-06 05:10:35,055 - Step 11480: ce=3.4987, phys=0.0007, causal=0.0139, time=-0.0724, norm=0.0663, lr=7.7194e-04
2026-09-06 05:11:01,609 - Step 11490: ce=3.3989, phys=-0.0005, causal=0.0000, time=-0.0535, norm=0.0709, lr=7.7174e-04
2026-09-06 05:11:28,777 - Step 11500: ce=3.3118, phys=-0.0007, causal=0.0000, time=-0.0777, norm=0.0753, lr=7.7154e-04
2026-09-06 05:11:55,813 - Step 11510: ce=3.2387, phys=-0.0007, causal=0.0000, time=-0.0801, norm=0.0767, lr=7.7134e-04
2026-09-06 05:12:21,905 - Step 11520: ce=3.4047, phys=-0.0008, causal=0.0000, time=-0.0837, norm=0.0834, lr=7.7114e-04
2026-09-06 05:12:49,073 - Step 11530: ce=3.6259, phys=-0.0006, causal=0.0000, time=-0.0732, norm=0.0889, lr=7.7094e-04
2026-09-06 05:13:15,430 - Step 11540: ce=3.4190, phys=-0.0005, causal=0.0020, time=-0.0736, norm=0.0694, lr=7.7074e-04
2026-09-06 05:13:41,815 - Step 11550: ce=3.2225, phys=-0.0005, causal=0.0022, time=-0.0777, norm=0.0782, lr=7.7054e-04
2026-09-06 05:14:08,107 - Step 11560: ce=3.3033, phys=0.0041, causal=0.0489, time=-0.0868, norm=0.0962, lr=7.7034e-04
2026-09-06 05:14:34,966 - Step 11570: ce=3.1908, phys=0.0012, causal=0.0204, time=-0.0923, norm=0.0836, lr=7.7014e-04
2026-09-06 05:15:01,644 - Step 11580: ce=3.2855, phys=0.0007, causal=0.0143, time=-0.0809, norm=0.0678, lr=7.6994e-04
2026-09-06 05:15:28,522 - Step 11590: ce=3.1532, phys=0.0001, causal=0.0084, time=-0.0777, norm=0.0763, lr=7.6974e-04
2026-09-06 05:15:55,096 - Step 11600: ce=3.3146, phys=-0.0006, causal=0.0000, time=-0.0732, norm=0.0869, lr=7.6954e-04
2026-09-06 05:16:20,895 - Step 11610: ce=3.4546, phys=-0.0003, causal=0.0025, time=-0.0576, norm=0.0489, lr=7.6934e-04
2026-09-06 05:16:46,755 - Step 11620: ce=3.2658, phys=-0.0004, causal=0.0023, time=-0.0658, norm=0.0579, lr=7.6914e-04
2026-09-06 05:17:12,905 - Step 11630: ce=3.4899, phys=-0.0007, causal=0.0010, time=-0.0884, norm=0.0894, lr=7.6894e-04
2026-09-06 05:17:39,014 - Step 11640: ce=3.3603, phys=-0.0003, causal=0.0027, time=-0.0630, norm=0.0794, lr=7.6874e-04
2026-09-06 05:18:05,854 - Step 11650: ce=3.2577, phys=-0.0006, causal=0.0017, time=-0.0816, norm=0.0776, lr=7.6854e-04
2026-09-06 05:18:32,912 - Step 11660: ce=3.1631, phys=0.0048, causal=0.0558, time=-0.0856, norm=0.0818, lr=7.6834e-04
2026-09-06 05:19:00,713 - Step 11670: ce=3.2827, phys=0.0009, causal=0.0137, time=-0.0541, norm=0.0486, lr=7.6814e-04
2026-09-06 05:19:27,319 - Step 11680: ce=3.4414, phys=-0.0006, causal=0.0000, time=-0.0703, norm=0.0812, lr=7.6794e-04
2026-09-06 05:19:54,025 - Step 11690: ce=3.4437, phys=-0.0007, causal=0.0000, time=-0.0806, norm=0.0681, lr=7.6774e-04
2026-09-06 05:20:20,244 - Step 11700: ce=3.2864, phys=-0.0008, causal=0.0000, time=-0.0837, norm=0.0834, lr=7.6754e-04
2026-09-06 05:20:47,491 - Step 11710: ce=3.5226, phys=0.0008, causal=0.0130, time=-0.0547, norm=0.0630, lr=7.6733e-04
2026-09-06 05:21:14,692 - Step 11720: ce=3.5532, phys=-0.0003, causal=0.0036, time=-0.0751, norm=0.0695, lr=7.6713e-04
2026-09-06 05:21:41,126 - Step 11730: ce=3.3560, phys=-0.0006, causal=0.0000, time=-0.0627, norm=0.0668, lr=7.6693e-04
2026-09-06 05:22:07,729 - Step 11740: ce=3.2947, phys=-0.0005, causal=0.0007, time=-0.0598, norm=0.0559, lr=7.6673e-04
2026-09-06 05:22:34,884 - Step 11750: ce=3.2045, phys=0.0024, causal=0.0314, time=-0.0863, norm=0.0852, lr=7.6653e-04
2026-09-06 05:23:01,514 - Step 11760: ce=3.2808, phys=-0.0007, causal=0.0000, time=-0.0774, norm=0.0752, lr=7.6633e-04
2026-09-06 05:23:28,483 - Step 11770: ce=3.3416, phys=-0.0004, causal=0.0027, time=-0.0780, norm=0.0620, lr=7.6613e-04
2026-09-06 05:23:55,663 - Step 11780: ce=3.2645, phys=-0.0007, causal=0.0000, time=-0.0825, norm=0.0827, lr=7.6593e-04
2026-09-06 05:24:22,540 - Step 11790: ce=3.2774, phys=0.0006, causal=0.0142, time=-0.0855, norm=0.0676, lr=7.6573e-04
2026-09-06 05:24:49,371 - Step 11800: ce=3.3256, phys=0.0001, causal=0.0066, time=-0.0643, norm=0.0731, lr=7.6553e-04
2026-09-06 05:25:16,330 - Step 11810: ce=3.2198, phys=0.0009, causal=0.0169, time=-0.0893, norm=0.0847, lr=7.6533e-04
2026-09-06 05:25:43,135 - Step 11820: ce=3.0841, phys=-0.0007, causal=0.0000, time=-0.0820, norm=0.0777, lr=7.6513e-04
2026-09-06 05:26:09,145 - Step 11830: ce=3.2752, phys=-0.0005, causal=0.0006, time=-0.0662, norm=0.0637, lr=7.6493e-04
2026-09-06 05:26:36,371 - Step 11840: ce=3.4616, phys=-0.0001, causal=0.0039, time=-0.0629, norm=0.1086, lr=7.6473e-04
2026-09-06 05:27:03,136 - Step 11850: ce=3.2909, phys=0.0010, causal=0.0182, time=-0.0888, norm=0.0816, lr=7.6453e-04
2026-09-06 05:27:30,272 - Step 11860: ce=3.2963, phys=-0.0002, causal=0.0044, time=-0.0682, norm=0.0755, lr=7.6433e-04
2026-09-06 05:27:56,260 - Step 11870: ce=3.3728, phys=-0.0007, causal=0.0003, time=-0.0773, norm=0.0705, lr=7.6413e-04
2026-09-06 05:28:22,784 - Step 11880: ce=3.2838, phys=-0.0006, causal=0.0000, time=-0.0732, norm=0.0845, lr=7.6393e-04
2026-09-06 05:28:49,593 - Step 11890: ce=3.2338, phys=-0.0007, causal=0.0000, time=-0.0770, norm=0.0749, lr=7.6373e-04
2026-09-06 05:29:16,112 - Step 11900: ce=3.2939, phys=0.0001, causal=0.0092, time=-0.0863, norm=0.0859, lr=7.6353e-04
2026-09-06 05:29:43,310 - Step 11910: ce=3.1781, phys=0.0011, causal=0.0205, time=-0.1003, norm=0.0855, lr=7.6333e-04
2026-09-06 05:30:10,679 - Step 11920: ce=3.3041, phys=-0.0008, causal=0.0000, time=-0.0837, norm=0.0834, lr=7.6313e-04
2026-09-06 05:30:38,506 - Step 11930: ce=3.1957, phys=-0.0008, causal=0.0000, time=-0.0837, norm=0.0834, lr=7.6293e-04
2026-09-06 05:31:06,883 - Step 11940: ce=3.1967, phys=-0.0001, causal=0.0070, time=-0.0866, norm=0.0844, lr=7.6273e-04
2026-09-06 05:31:34,855 - Step 11950: ce=3.1426, phys=0.0009, causal=0.0178, time=-0.0970, norm=0.0924, lr=7.6253e-04
2026-09-06 05:32:02,183 - Step 11960: ce=3.3661, phys=0.0003, causal=0.0095, time=-0.0727, norm=0.0722, lr=7.6232e-04
2026-09-06 05:32:31,189 - Step 11970: ce=3.2733, phys=-0.0001, causal=0.0057, time=-0.0748, norm=0.0714, lr=7.6212e-04
2026-09-06 05:32:59,138 - Step 11980: ce=3.3763, phys=-0.0004, causal=0.0000, time=-0.0489, norm=0.0408, lr=7.6192e-04
2026-09-06 05:33:26,486 - Step 11990: ce=3.6099, phys=-0.0006, causal=0.0002, time=-0.0680, norm=0.0725, lr=7.6172e-04
2026-09-06 05:33:53,316 - Step 12000: ce=3.1285, phys=-0.0001, causal=0.0068, time=-0.0841, norm=0.0811, lr=7.6152e-04
2026-09-06 05:34:20,263 - Step 12010: ce=3.3302, phys=-0.0010, causal=0.0000, time=-0.1059, norm=0.0764, lr=7.6132e-04
2026-09-06 05:34:47,391 - Step 12020: ce=3.2315, phys=-0.0006, causal=0.0000, time=-0.0675, norm=0.0650, lr=7.6112e-04
2026-09-06 05:35:14,263 - Step 12030: ce=3.4003, phys=-0.0004, causal=0.0017, time=-0.0675, norm=0.0680, lr=7.6092e-04
2026-09-06 05:35:41,556 - Step 12040: ce=3.3323, phys=-0.0006, causal=0.0000, time=-0.0686, norm=0.0762, lr=7.6072e-04
2026-09-06 05:36:09,829 - Step 12050: ce=3.2095, phys=-0.0008, causal=0.0000, time=-0.0837, norm=0.0834, lr=7.6052e-04
2026-09-06 05:36:38,527 - Step 12060: ce=3.0698, phys=0.0004, causal=0.0100, time=-0.0687, norm=0.0566, lr=7.6032e-04
2026-09-06 05:37:06,265 - Step 12070: ce=3.2695, phys=-0.0002, causal=0.0041, time=-0.0724, norm=0.0720, lr=7.6012e-04
2026-09-06 05:37:34,119 - Step 12080: ce=3.2006, phys=0.0023, causal=0.0304, time=-0.0769, norm=0.0640, lr=7.5992e-04
2026-09-06 05:38:00,861 - Step 12090: ce=3.3709, phys=-0.0006, causal=0.0000, time=-0.0627, norm=0.0626, lr=7.5972e-04
2026-09-06 05:38:28,070 - Step 12100: ce=3.4943, phys=-0.0005, causal=0.0028, time=-0.0842, norm=0.0803, lr=7.5952e-04
2026-09-06 05:38:56,504 - Step 12110: ce=3.2582, phys=-0.0001, causal=0.0053, time=-0.0708, norm=0.0711, lr=7.5932e-04
2026-09-06 05:39:23,441 - Step 12120: ce=3.2713, phys=-0.0005, causal=0.0013, time=-0.0730, norm=0.0675, lr=7.5912e-04
2026-09-06 05:39:50,699 - Step 12130: ce=3.0896, phys=-0.0006, causal=0.0014, time=-0.0827, norm=0.0773, lr=7.5892e-04
2026-09-06 05:40:17,969 - Step 12140: ce=3.3602, phys=-0.0003, causal=0.0022, time=-0.0620, norm=0.0839, lr=7.5872e-04
2026-09-06 05:40:45,390 - Step 12150: ce=3.2749, phys=-0.0008, causal=0.0000, time=-0.0837, norm=0.0834, lr=7.5852e-04
2026-09-06 05:41:12,467 - Step 12160: ce=3.5330, phys=-0.0007, causal=0.0000, time=-0.0794, norm=0.0763, lr=7.5832e-04
2026-09-06 05:41:40,292 - Step 12170: ce=3.2531, phys=0.0016, causal=0.0232, time=-0.0830, norm=0.0680, lr=7.5812e-04
2026-09-06 05:42:08,112 - Step 12180: ce=3.2087, phys=-0.0005, causal=0.0006, time=-0.0613, norm=0.0666, lr=7.5792e-04
2026-09-06 05:42:35,637 - Step 12190: ce=3.3581, phys=0.0016, causal=0.0248, time=-0.0950, norm=0.0871, lr=7.5772e-04
2026-09-06 05:43:02,872 - Step 12200: ce=3.2310, phys=-0.0007, causal=0.0000, time=-0.0824, norm=0.0780, lr=7.5752e-04
2026-09-06 05:43:29,992 - Step 12210: ce=3.2663, phys=0.0021, causal=0.0275, time=-0.0668, norm=0.0702, lr=7.5731e-04
2026-09-06 05:43:57,689 - Step 12220: ce=3.4129, phys=-0.0006, causal=0.0000, time=-0.0732, norm=0.0824, lr=7.5711e-04
2026-09-06 05:44:25,126 - Step 12230: ce=3.4093, phys=-0.0008, causal=0.0000, time=-0.0837, norm=0.0834, lr=7.5691e-04
2026-09-06 05:44:51,856 - Step 12240: ce=3.2213, phys=0.0001, causal=0.0091, time=-0.0931, norm=0.0776, lr=7.5671e-04
2026-09-06 05:45:19,185 - Step 12250: ce=3.3210, phys=-0.0007, causal=0.0000, time=-0.0719, norm=0.0629, lr=7.5651e-04
2026-09-06 05:45:46,331 - Step 12260: ce=3.2882, phys=-0.0005, causal=0.0008, time=-0.0664, norm=0.0590, lr=7.5631e-04
2026-09-06 05:46:12,516 - Step 12270: ce=3.3275, phys=-0.0006, causal=0.0000, time=-0.0642, norm=0.0633, lr=7.5611e-04
2026-09-06 05:46:40,255 - Step 12280: ce=3.2290, phys=-0.0007, causal=0.0000, time=-0.0770, norm=0.0749, lr=7.5591e-04
2026-09-06 05:47:07,905 - Step 12290: ce=3.1999, phys=0.0001, causal=0.0093, time=-0.0879, norm=0.0775, lr=7.5571e-04
2026-09-06 05:47:36,510 - Step 12300: ce=3.3198, phys=-0.0001, causal=0.0073, time=-0.0904, norm=0.0807, lr=7.5551e-04
2026-09-06 05:48:03,904 - Step 12310: ce=3.3657, phys=-0.0004, causal=0.0014, time=-0.0643, norm=0.0603, lr=7.5531e-04
2026-09-06 05:48:31,446 - Step 12320: ce=3.2211, phys=-0.0009, causal=0.0000, time=-0.1045, norm=0.1042, lr=7.5511e-04
2026-09-06 05:48:58,390 - Step 12330: ce=3.3152, phys=-0.0006, causal=0.0005, time=-0.0766, norm=0.0748, lr=7.5491e-04
2026-09-06 05:49:26,541 - Step 12340: ce=3.2996, phys=-0.0006, causal=0.0000, time=-0.0693, norm=0.0634, lr=7.5471e-04
2026-09-06 05:49:53,697 - Step 12350: ce=3.2365, phys=-0.0008, causal=0.0000, time=-0.0837, norm=0.0834, lr=7.5451e-04
2026-09-06 05:50:21,324 - Step 12360: ce=3.4492, phys=-0.0006, causal=0.0000, time=-0.0643, norm=0.0585, lr=7.5431e-04
2026-09-06 05:50:48,200 - Step 12370: ce=3.1564, phys=-0.0007, causal=0.0000, time=-0.0742, norm=0.0735, lr=7.5411e-04
2026-09-06 05:51:15,697 - Step 12380: ce=3.2600, phys=-0.0007, causal=0.0000, time=-0.0805, norm=0.0769, lr=7.5391e-04
2026-09-06 05:51:42,797 - Step 12390: ce=3.3307, phys=-0.0007, causal=0.0000, time=-0.0758, norm=0.0743, lr=7.5371e-04
2026-09-06 05:52:10,077 - Step 12400: ce=3.2185, phys=-0.0006, causal=0.0000, time=-0.0732, norm=0.1042, lr=7.5351e-04
2026-09-06 05:52:36,726 - Step 12410: ce=3.2880, phys=-0.0003, causal=0.0042, time=-0.0817, norm=0.0752, lr=7.5331e-04
2026-09-06 05:53:03,833 - Step 12420: ce=3.2595, phys=-0.0007, causal=0.0000, time=-0.0732, norm=0.0730, lr=7.5311e-04
2026-09-06 05:53:31,295 - Step 12430: ce=3.3361, phys=-0.0008, causal=0.0000, time=-0.0837, norm=0.0834, lr=7.5291e-04
2026-09-06 05:53:58,308 - Step 12440: ce=3.2227, phys=-0.0006, causal=0.0000, time=-0.0687, norm=0.0609, lr=7.5271e-04
2026-09-06 05:54:25,642 - Step 12450: ce=3.2849, phys=-0.0001, causal=0.0047, time=-0.0640, norm=0.1153, lr=7.5251e-04
2026-09-06 05:54:54,111 - Step 12460: ce=3.2251, phys=0.0026, causal=0.0336, time=-0.0792, norm=0.0614, lr=7.5230e-04
2026-09-06 05:55:21,638 - Step 12470: ce=3.2678, phys=0.0003, causal=0.0109, time=-0.0855, norm=0.0860, lr=7.5210e-04
2026-09-06 05:55:48,623 - Step 12480: ce=3.4868, phys=-0.0001, causal=0.0045, time=-0.0650, norm=0.0614, lr=7.5190e-04
2026-09-06 05:56:16,177 - Step 12490: ce=3.4063, phys=-0.0007, causal=0.0000, time=-0.0732, norm=0.0751, lr=7.5170e-04
2026-09-06 05:56:44,404 - Step 12500: ce=3.2985, phys=-0.0007, causal=0.0000, time=-0.0749, norm=0.0738, lr=7.5150e-04
2026-09-06 05:57:12,625 - Step 12510: ce=3.3386, phys=-0.0006, causal=0.0000, time=-0.0698, norm=0.0615, lr=7.5130e-04
2026-09-06 05:57:39,808 - Step 12520: ce=3.2413, phys=-0.0008, causal=0.0000, time=-0.0837, norm=0.0834, lr=7.5110e-04
2026-09-06 05:58:07,160 - Step 12530: ce=3.2322, phys=-0.0008, causal=0.0000, time=-0.0837, norm=0.0834, lr=7.5090e-04
2026-09-06 05:58:34,692 - Step 12540: ce=3.3511, phys=-0.0007, causal=0.0000, time=-0.0746, norm=0.0690, lr=7.5070e-04
2026-09-06 05:59:02,734 - Step 12550: ce=3.2233, phys=-0.0006, causal=0.0000, time=-0.0637, norm=0.0790, lr=7.5050e-04
2026-09-06 05:59:30,097 - Step 12560: ce=3.2848, phys=-0.0006, causal=0.0012, time=-0.0811, norm=0.0774, lr=7.5030e-04
2026-09-06 05:59:57,658 - Step 12570: ce=3.4336, phys=-0.0007, causal=0.0000, time=-0.0732, norm=0.0730, lr=7.5010e-04
2026-09-06 06:00:24,610 - Step 12580: ce=3.3858, phys=-0.0006, causal=0.0000, time=-0.0675, norm=0.0740, lr=7.4990e-04
2026-09-06 06:00:52,600 - Step 12590: ce=3.6837, phys=-0.0008, causal=0.0000, time=-0.0837, norm=0.0834, lr=7.4970e-04
2026-09-06 06:01:20,234 - Step 12600: ce=3.3143, phys=-0.0005, causal=0.0000, time=-0.0600, norm=0.0716, lr=7.4950e-04
2026-09-06 06:01:47,615 - Step 12610: ce=3.1178, phys=-0.0007, causal=0.0000, time=-0.0807, norm=0.0770, lr=7.4930e-04
2026-09-06 06:02:15,374 - Step 12620: ce=3.3753, phys=-0.0001, causal=0.0070, time=-0.0905, norm=0.0872, lr=7.4910e-04
2026-09-06 06:02:43,362 - Step 12630: ce=3.6534, phys=0.0004, causal=0.0114, time=-0.0808, norm=0.0679, lr=7.4890e-04
2026-09-06 06:03:10,432 - Step 12640: ce=3.7632, phys=-0.0006, causal=0.0000, time=-0.0701, norm=0.0665, lr=7.4870e-04
2026-09-06 06:03:37,326 - Step 12650: ce=3.5082, phys=-0.0005, causal=0.0000, time=-0.0573, norm=0.0625, lr=7.4850e-04
2026-09-06 06:04:04,834 - Step 12660: ce=3.2921, phys=-0.0001, causal=0.0055, time=-0.0714, norm=0.0634, lr=7.4830e-04
2026-09-06 06:04:32,526 - Step 12670: ce=3.3759, phys=-0.0007, causal=0.0000, time=-0.0732, norm=0.0730, lr=7.4810e-04
2026-09-06 06:05:00,354 - Step 12680: ce=3.3756, phys=0.0006, causal=0.0120, time=-0.0703, norm=0.0612, lr=7.4790e-04
2026-09-06 06:05:28,366 - Step 12690: ce=3.3194, phys=-0.0006, causal=0.0016, time=-0.0799, norm=0.0723, lr=7.4770e-04
2026-09-06 06:05:56,778 - Step 12700: ce=3.6381, phys=-0.0003, causal=0.0035, time=-0.0735, norm=0.0683, lr=7.4749e-04
2026-09-06 06:06:24,285 - Step 12710: ce=3.4210, phys=-0.0008, causal=0.0000, time=-0.0846, norm=0.0749, lr=7.4729e-04
2026-09-06 06:06:52,278 - Step 12720: ce=3.1806, phys=-0.0006, causal=0.0013, time=-0.0825, norm=0.0766, lr=7.4709e-04
2026-09-06 06:07:19,563 - Step 12730: ce=3.2841, phys=-0.0008, causal=0.0000, time=-0.0837, norm=0.0834, lr=7.4689e-04
2026-09-06 06:07:46,645 - Step 12740: ce=3.2341, phys=-0.0002, causal=0.0047, time=-0.0752, norm=0.0716, lr=7.4669e-04
2026-09-06 06:08:14,286 - Step 12750: ce=3.0486, phys=0.0024, causal=0.0327, time=-0.0994, norm=0.0912, lr=7.4649e-04
2026-09-06 06:08:41,679 - Step 12760: ce=3.4956, phys=-0.0007, causal=0.0000, time=-0.0781, norm=0.0756, lr=7.4629e-04
2026-09-06 06:09:09,673 - Step 12770: ce=3.2469, phys=0.0006, causal=0.0115, time=-0.0616, norm=0.0532, lr=7.4609e-04
2026-09-06 06:09:36,880 - Step 12780: ce=3.3227, phys=-0.0003, causal=0.0037, time=-0.0676, norm=0.0527, lr=7.4589e-04
2026-09-06 06:10:04,856 - Step 12790: ce=3.0660, phys=0.0011, causal=0.0189, time=-0.0839, norm=0.0792, lr=7.4569e-04
2026-09-06 06:10:32,377 - Step 12800: ce=3.2512, phys=0.0001, causal=0.0108, time=-0.1103, norm=0.0921, lr=7.4549e-04
2026-09-06 06:11:00,164 - Step 12810: ce=3.3686, phys=-0.0007, causal=0.0000, time=-0.0747, norm=0.0689, lr=7.4529e-04
2026-09-06 06:11:28,272 - Step 12820: ce=3.2252, phys=-0.0007, causal=0.0000, time=-0.0761, norm=0.0745, lr=7.4509e-04
2026-09-06 06:11:55,270 - Step 12830: ce=3.3727, phys=-0.0008, causal=0.0000, time=-0.0837, norm=0.0834, lr=7.4489e-04
2026-09-06 06:12:23,099 - Step 12840: ce=3.2755, phys=-0.0007, causal=0.0000, time=-0.0757, norm=0.0699, lr=7.4469e-04
2026-09-06 06:12:50,172 - Step 12850: ce=3.4627, phys=-0.0008, causal=0.0000, time=-0.0837, norm=0.0834, lr=7.4449e-04
2026-09-06 06:13:16,876 - Step 12860: ce=3.3933, phys=-0.0004, causal=0.0032, time=-0.0840, norm=0.0792, lr=7.4429e-04
2026-09-06 06:13:43,567 - Step 12870: ce=3.3414, phys=-0.0008, causal=0.0000, time=-0.0837, norm=0.0834, lr=7.4409e-04
2026-09-06 06:14:10,669 - Step 12880: ce=3.1995, phys=0.0039, causal=0.0441, time=-0.0532, norm=0.0570, lr=7.4389e-04
2026-09-06 06:14:38,146 - Step 12890: ce=3.1783, phys=-0.0007, causal=0.0000, time=-0.0721, norm=0.0676, lr=7.4369e-04
2026-09-06 06:15:05,017 - Step 12900: ce=3.2380, phys=-0.0000, causal=0.0070, time=-0.0817, norm=0.0833, lr=7.4349e-04
2026-09-06 06:15:32,142 - Step 12910: ce=3.2410, phys=-0.0006, causal=0.0000, time=-0.0654, norm=0.0722, lr=7.4329e-04
2026-09-06 06:15:58,733 - Step 12920: ce=3.4425, phys=-0.0007, causal=0.0000, time=-0.0795, norm=0.0786, lr=7.4309e-04
2026-09-06 06:16:26,328 - Step 12930: ce=3.8763, phys=0.0018, causal=0.0255, time=-0.0828, norm=0.0792, lr=7.4289e-04
2026-09-06 06:16:53,569 - Step 12940: ce=3.2489, phys=0.0004, causal=0.0116, time=-0.0782, norm=0.0680, lr=7.4269e-04
2026-09-06 06:17:20,431 - Step 12950: ce=3.5023, phys=-0.0005, causal=0.0026, time=-0.0874, norm=0.0825, lr=7.4248e-04
2026-09-06 06:17:46,997 - Step 12960: ce=3.2377, phys=-0.0006, causal=0.0007, time=-0.0758, norm=0.0741, lr=7.4228e-04
2026-09-06 06:18:14,269 - Step 12970: ce=3.2090, phys=-0.0007, causal=0.0004, time=-0.0787, norm=0.0693, lr=7.4208e-04
2026-09-06 06:18:41,203 - Step 12980: ce=3.6692, phys=-0.0005, causal=0.0017, time=-0.0702, norm=0.0697, lr=7.4188e-04
2026-09-06 06:19:08,357 - Step 12990: ce=3.3921, phys=-0.0007, causal=0.0000, time=-0.0779, norm=0.0754, lr=7.4168e-04
2026-09-06 06:19:34,848 - Step 13000: ce=3.2277, phys=-0.0008, causal=0.0000, time=-0.0837, norm=0.0834, lr=7.4148e-04
2026-09-06 06:20:01,092 - Step 13010: ce=3.3761, phys=-0.0002, causal=0.0080, time=-0.1031, norm=0.0793, lr=7.4128e-04
2026-09-06 06:20:27,493 - Step 13020: ce=3.2969, phys=-0.0007, causal=0.0000, time=-0.0732, norm=0.0730, lr=7.4108e-04
2026-09-06 06:20:53,972 - Step 13030: ce=3.3136, phys=0.0018, causal=0.0234, time=-0.0613, norm=0.0469, lr=7.4088e-04
2026-09-06 06:21:20,531 - Step 13040: ce=3.2609, phys=-0.0007, causal=0.0000, time=-0.0730, norm=0.0679, lr=7.4068e-04
2026-09-06 06:21:47,234 - Step 13050: ce=3.2591, phys=0.0015, causal=0.0198, time=-0.0610, norm=0.0853, lr=7.4048e-04
2026-09-06 06:22:14,268 - Step 13060: ce=3.3151, phys=-0.0006, causal=0.0000, time=-0.0661, norm=0.0679, lr=7.4028e-04
2026-09-06 06:22:41,818 - Step 13070: ce=3.3961, phys=0.0017, causal=0.0250, time=-0.0906, norm=0.0695, lr=7.4008e-04
2026-09-06 06:23:08,750 - Step 13080: ce=3.3240, phys=-0.0007, causal=0.0000, time=-0.0761, norm=0.0745, lr=7.3988e-04
2026-09-06 06:23:35,117 - Step 13090: ce=3.1794, phys=0.0035, causal=0.0432, time=-0.0860, norm=0.0907, lr=7.3968e-04
2026-09-06 06:24:01,242 - Step 13100: ce=3.0501, phys=0.0018, causal=0.0249, time=-0.0715, norm=0.0628, lr=7.3948e-04
2026-09-06 06:24:27,917 - Step 13110: ce=3.4397, phys=-0.0006, causal=0.0000, time=-0.0666, norm=0.0737, lr=7.3928e-04
2026-09-06 06:24:53,715 - Step 13120: ce=3.3415, phys=0.0016, causal=0.0222, time=-0.0650, norm=0.0618, lr=7.3908e-04
2026-09-06 06:25:20,088 - Step 13130: ce=3.3189, phys=0.0005, causal=0.0094, time=-0.0522, norm=0.0864, lr=7.3888e-04
2026-09-06 06:25:46,782 - Step 13140: ce=3.3198, phys=-0.0008, causal=0.0000, time=-0.0891, norm=0.0881, lr=7.3868e-04
2026-09-06 06:26:13,715 - Step 13150: ce=3.3303, phys=-0.0005, causal=0.0000, time=-0.0523, norm=0.0627, lr=7.3848e-04
2026-09-06 06:26:40,260 - Step 13160: ce=3.3879, phys=-0.0007, causal=0.0000, time=-0.0799, norm=0.0765, lr=7.3828e-04
2026-09-06 06:27:07,156 - Step 13170: ce=3.3064, phys=-0.0006, causal=0.0000, time=-0.0649, norm=0.0637, lr=7.3808e-04
2026-09-06 06:27:34,636 - Step 13180: ce=3.2413, phys=0.0000, causal=0.0078, time=-0.0859, norm=0.0832, lr=7.3788e-04
2026-09-06 06:28:02,022 - Step 13190: ce=3.1999, phys=-0.0008, causal=0.0000, time=-0.0837, norm=0.0834, lr=7.3768e-04
2026-09-06 06:28:28,828 - Step 13200: ce=3.2289, phys=-0.0006, causal=0.0000, time=-0.0665, norm=0.0884, lr=7.3747e-04
2026-09-06 06:28:56,020 - Step 13210: ce=3.6324, phys=-0.0007, causal=0.0000, time=-0.0732, norm=0.0730, lr=7.3727e-04
2026-09-06 06:29:22,936 - Step 13220: ce=3.1878, phys=0.0005, causal=0.0128, time=-0.0816, norm=0.0743, lr=7.3707e-04
2026-09-06 06:29:49,869 - Step 13230: ce=3.3195, phys=-0.0007, causal=0.0000, time=-0.0732, norm=0.0819, lr=7.3687e-04
2026-09-06 06:30:17,483 - Step 13240: ce=3.2735, phys=-0.0005, causal=0.0000, time=-0.0583, norm=0.0631, lr=7.3667e-04
2026-09-06 06:30:44,835 - Step 13250: ce=4.2170, phys=0.0000, causal=0.0058, time=-0.0627, norm=0.0666, lr=7.3647e-04
2026-09-06 06:31:12,312 - Step 13260: ce=3.4933, phys=-0.0008, causal=0.0000, time=-0.0837, norm=0.0834, lr=7.3627e-04
2026-09-06 06:31:39,414 - Step 13270: ce=3.3962, phys=-0.0007, causal=0.0000, time=-0.0732, norm=0.0730, lr=7.3607e-04
2026-09-06 06:32:07,405 - Step 13280: ce=3.3675, phys=-0.0007, causal=0.0000, time=-0.0777, norm=0.0532, lr=7.3587e-04
2026-09-06 06:32:34,959 - Step 13290: ce=3.3581, phys=0.0057, causal=0.0638, time=-0.0745, norm=0.0823, lr=7.3567e-04
2026-09-06 06:33:03,127 - Step 13300: ce=3.2485, phys=-0.0008, causal=0.0000, time=-0.0837, norm=0.0834, lr=7.3547e-04
2026-09-06 06:33:30,311 - Step 13310: ce=3.2223, phys=-0.0007, causal=0.0000, time=-0.0807, norm=0.0761, lr=7.3527e-04
2026-09-06 06:33:58,337 - Step 13320: ce=3.3258, phys=-0.0003, causal=0.0026, time=-0.0593, norm=0.0565, lr=7.3507e-04
2026-09-06 06:34:25,469 - Step 13330: ce=3.3770, phys=-0.0009, causal=0.0000, time=-0.1016, norm=0.0839, lr=7.3487e-04
2026-09-06 06:34:52,991 - Step 13340: ce=3.3045, phys=0.0045, causal=0.0521, time=-0.0830, norm=0.0978, lr=7.3467e-04
2026-09-06 06:35:20,760 - Step 13350: ce=3.2487, phys=-0.0003, causal=0.0055, time=-0.0882, norm=0.0668, lr=7.3447e-04
2026-09-06 06:35:48,459 - Step 13360: ce=3.3675, phys=-0.0006, causal=0.0000, time=-0.0708, norm=0.0668, lr=7.3427e-04
2026-09-06 06:36:15,863 - Step 13370: ce=3.2828, phys=-0.0005, causal=0.0008, time=-0.0684, norm=0.0856, lr=7.3407e-04
2026-09-06 06:36:42,899 - Step 13380: ce=3.3349, phys=-0.0006, causal=0.0000, time=-0.0634, norm=0.0796, lr=7.3387e-04
2026-09-06 06:37:10,931 - Step 13390: ce=3.4630, phys=-0.0007, causal=0.0000, time=-0.0744, norm=0.0736, lr=7.3367e-04
2026-09-06 06:37:37,471 - Step 13400: ce=3.3234, phys=-0.0006, causal=0.0015, time=-0.0786, norm=0.0770, lr=7.3347e-04
2026-09-06 06:38:04,856 - Step 13410: ce=3.2807, phys=0.0010, causal=0.0169, time=-0.0756, norm=0.0710, lr=7.3327e-04
2026-09-06 06:38:31,637 - Step 13420: ce=3.1794, phys=0.0040, causal=0.0475, time=-0.0776, norm=0.0710, lr=7.3307e-04
2026-09-06 06:38:58,320 - Step 13430: ce=3.2333, phys=0.0001, causal=0.0104, time=-0.1043, norm=0.0936, lr=7.3287e-04
2026-09-06 06:39:24,802 - Step 13440: ce=3.2047, phys=-0.0007, causal=0.0000, time=-0.0763, norm=0.0746, lr=7.3267e-04
2026-09-06 06:39:51,237 - Step 13450: ce=3.2303, phys=-0.0006, causal=0.0000, time=-0.0615, norm=0.0612, lr=7.3246e-04
2026-09-06 06:40:17,975 - Step 13460: ce=3.3765, phys=-0.0009, causal=0.0000, time=-0.1001, norm=0.0944, lr=7.3226e-04
2026-09-06 06:40:44,682 - Step 13470: ce=3.2621, phys=-0.0008, causal=0.0000, time=-0.0837, norm=0.0834, lr=7.3206e-04
2026-09-06 06:41:11,275 - Step 13480: ce=3.2703, phys=-0.0007, causal=0.0000, time=-0.0732, norm=0.0730, lr=7.3186e-04
2026-09-06 06:41:37,666 - Step 13490: ce=3.4573, phys=-0.0005, causal=0.0000, time=-0.0544, norm=0.0532, lr=7.3166e-04
2026-09-06 06:42:04,303 - Step 13500: ce=3.4786, phys=-0.0009, causal=0.0000, time=-0.0977, norm=0.0958, lr=7.3146e-04
2026-09-06 06:42:30,883 - Step 13510: ce=3.2514, phys=-0.0005, causal=0.0005, time=-0.0594, norm=0.0600, lr=7.3126e-04
2026-09-06 06:42:58,066 - Step 13520: ce=3.2887, phys=-0.0006, causal=0.0000, time=-0.0627, norm=0.0644, lr=7.3106e-04
2026-09-06 06:43:24,915 - Step 13530: ce=3.2060, phys=-0.0005, causal=0.0024, time=-0.0776, norm=0.0668, lr=7.3086e-04
2026-09-06 06:43:51,333 - Step 13540: ce=3.3247, phys=0.0002, causal=0.0100, time=-0.0851, norm=0.0759, lr=7.3066e-04
2026-09-06 06:44:18,055 - Step 13550: ce=3.2141, phys=-0.0008, causal=0.0000, time=-0.0837, norm=0.0834, lr=7.3046e-04
2026-09-06 06:44:44,997 - Step 13560: ce=3.2858, phys=0.0011, causal=0.0162, time=-0.0573, norm=0.0986, lr=7.3026e-04
2026-09-06 06:45:11,686 - Step 13570: ce=3.3132, phys=-0.0007, causal=0.0000, time=-0.0850, norm=0.1009, lr=7.3006e-04
2026-09-06 06:45:38,706 - Step 13580: ce=3.3174, phys=-0.0003, causal=0.0037, time=-0.0697, norm=0.0632, lr=7.2986e-04
2026-09-06 06:46:04,947 - Step 13590: ce=3.3059, phys=-0.0007, causal=0.0000, time=-0.0758, norm=0.0743, lr=7.2966e-04
2026-09-06 06:46:31,592 - Step 13600: ce=3.2720, phys=-0.0005, causal=0.0000, time=-0.0556, norm=0.0538, lr=7.2946e-04
2026-09-06 06:46:58,493 - Step 13610: ce=3.3073, phys=-0.0005, causal=0.0005, time=-0.0608, norm=0.0566, lr=7.2926e-04
2026-09-06 06:47:25,554 - Step 13620: ce=3.3077, phys=-0.0002, causal=0.0045, time=-0.0762, norm=0.0696, lr=7.2906e-04
2026-09-06 06:47:52,625 - Step 13630: ce=3.4108, phys=-0.0006, causal=0.0000, time=-0.0658, norm=0.0667, lr=7.2886e-04
2026-09-06 06:48:19,123 - Step 13640: ce=3.3051, phys=0.0030, causal=0.0375, time=-0.0885, norm=0.0908, lr=7.2866e-04
2026-09-06 06:48:46,170 - Step 13650: ce=3.2083, phys=-0.0008, causal=0.0000, time=-0.0838, norm=0.0788, lr=7.2846e-04
2026-09-06 06:49:12,841 - Step 13660: ce=3.3349, phys=-0.0008, causal=0.0000, time=-0.0837, norm=0.0834, lr=7.2826e-04
2026-09-06 06:49:40,487 - Step 13670: ce=3.2450, phys=-0.0007, causal=0.0010, time=-0.0890, norm=0.0813, lr=7.2806e-04
2026-09-06 06:50:07,259 - Step 13680: ce=3.2820, phys=-0.0008, causal=0.0000, time=-0.0837, norm=0.0834, lr=7.2786e-04
2026-09-06 06:50:34,530 - Step 13690: ce=3.3401, phys=-0.0008, causal=0.0000, time=-0.0837, norm=0.0834, lr=7.2766e-04
2026-09-06 06:51:02,046 - Step 13700: ce=3.1926, phys=0.0000, causal=0.0052, time=-0.0570, norm=0.0653, lr=7.2745e-04
2026-09-06 06:51:28,994 - Step 13710: ce=3.3368, phys=-0.0003, causal=0.0026, time=-0.0598, norm=0.0515, lr=7.2725e-04
2026-09-06 06:51:56,309 - Step 13720: ce=3.5666, phys=-0.0007, causal=0.0000, time=-0.0774, norm=0.0752, lr=7.2705e-04
2026-09-06 06:52:23,103 - Step 13730: ce=3.2216, phys=-0.0005, causal=0.0025, time=-0.0811, norm=0.0786, lr=7.2685e-04
2026-09-06 06:52:50,469 - Step 13740: ce=3.3881, phys=-0.0005, causal=0.0021, time=-0.0797, norm=0.0772, lr=7.2665e-04
2026-09-06 06:53:18,075 - Step 13750: ce=3.4087, phys=-0.0004, causal=0.0042, time=-0.0921, norm=0.0786, lr=7.2645e-04
2026-09-06 06:53:45,346 - Step 13760: ce=3.2268, phys=-0.0007, causal=0.0000, time=-0.0768, norm=0.0748, lr=7.2625e-04
2026-09-06 06:54:12,909 - Step 13770: ce=3.3920, phys=-0.0009, causal=0.0000, time=-0.0939, norm=0.0746, lr=7.2605e-04
2026-09-06 06:54:41,412 - Step 13780: ce=3.3230, phys=-0.0005, causal=0.0017, time=-0.0753, norm=0.0637, lr=7.2585e-04
2026-09-06 06:55:08,356 - Step 13790: ce=3.3487, phys=-0.0007, causal=0.0000, time=-0.0735, norm=0.0742, lr=7.2565e-04
2026-09-06 06:55:36,442 - Step 13800: ce=3.6221, phys=0.0004, causal=0.0099, time=-0.0617, norm=0.0552, lr=7.2545e-04
2026-09-06 06:56:04,059 - Step 13810: ce=3.1789, phys=-0.0006, causal=0.0006, time=-0.0709, norm=0.0621, lr=7.2525e-04
2026-09-06 06:56:32,000 - Step 13820: ce=3.4845, phys=0.0005, causal=0.0095, time=-0.0530, norm=0.0628, lr=7.2505e-04
2026-09-06 06:57:00,201 - Step 13830: ce=3.2673, phys=-0.0006, causal=0.0000, time=-0.0713, norm=0.0672, lr=7.2485e-04
2026-09-06 06:57:27,886 - Step 13840: ce=3.3076, phys=0.0002, causal=0.0095, time=-0.0856, norm=0.0789, lr=7.2465e-04
2026-09-06 06:57:55,306 - Step 13850: ce=3.2884, phys=-0.0006, causal=0.0000, time=-0.0697, norm=0.0680, lr=7.2445e-04
2026-09-06 06:58:22,886 - Step 13860: ce=3.3340, phys=-0.0008, causal=0.0000, time=-0.0837, norm=0.0834, lr=7.2425e-04
2026-09-06 06:58:50,663 - Step 13870: ce=3.1803, phys=-0.0009, causal=0.0000, time=-0.1022, norm=0.0801, lr=7.2405e-04
2026-09-06 06:59:18,022 - Step 13880: ce=3.3881, phys=-0.0008, causal=0.0000, time=-0.0837, norm=0.0834, lr=7.2385e-04
2026-09-06 06:59:46,024 - Step 13890: ce=3.3426, phys=-0.0007, causal=0.0000, time=-0.0754, norm=0.0741, lr=7.2365e-04
2026-09-06 07:00:13,714 - Step 13900: ce=3.2663, phys=0.0006, causal=0.0137, time=-0.0799, norm=0.0764, lr=7.2345e-04
2026-09-06 07:00:40,640 - Step 13910: ce=3.4130, phys=-0.0003, causal=0.0031, time=-0.0657, norm=0.0594, lr=7.2325e-04
2026-09-06 07:01:07,341 - Step 13920: ce=3.2066, phys=-0.0005, causal=0.0027, time=-0.0832, norm=0.0789, lr=7.2305e-04
2026-09-06 07:01:33,948 - Step 13930: ce=3.3262, phys=-0.0001, causal=0.0073, time=-0.0922, norm=0.0684, lr=7.2285e-04
2026-09-06 07:02:00,597 - Step 13940: ce=3.2257, phys=-0.0006, causal=0.0000, time=-0.0665, norm=0.0645, lr=7.2265e-04
2026-09-06 07:02:26,941 - Step 13950: ce=3.3203, phys=0.0002, causal=0.0080, time=-0.0668, norm=0.0854, lr=7.2244e-04
2026-09-06 07:02:53,831 - Step 13960: ce=3.2726, phys=0.0000, causal=0.0071, time=-0.0771, norm=0.0697, lr=7.2224e-04
2026-09-06 07:03:19,959 - Step 13970: ce=3.2638, phys=-0.0007, causal=0.0000, time=-0.0724, norm=0.0676, lr=7.2204e-04
2026-09-06 07:03:46,112 - Step 13980: ce=3.2589, phys=-0.0004, causal=0.0033, time=-0.0824, norm=0.0796, lr=7.2184e-04
2026-09-06 07:04:12,294 - Step 13990: ce=3.2474, phys=-0.0008, causal=0.0000, time=-0.0903, norm=0.0832, lr=7.2164e-04
2026-09-06 07:04:39,891 - Step 14000: ce=3.2606, phys=0.0009, causal=0.0177, time=-0.0984, norm=0.0822, lr=7.2144e-04
2026-09-06 07:05:07,170 - Step 14010: ce=3.1568, phys=-0.0006, causal=0.0000, time=-0.0651, norm=0.0648, lr=7.2124e-04
2026-09-06 07:05:34,851 - Step 14020: ce=3.2964, phys=-0.0008, causal=0.0000, time=-0.0837, norm=0.0834, lr=7.2104e-04
2026-09-06 07:06:02,483 - Step 14030: ce=3.2451, phys=0.0002, causal=0.0085, time=-0.0760, norm=0.0661, lr=7.2084e-04
2026-09-06 07:06:30,334 - Step 14040: ce=3.5007, phys=-0.0005, causal=0.0010, time=-0.0671, norm=0.0658, lr=7.2064e-04
2026-09-06 07:06:57,897 - Step 14050: ce=3.3726, phys=-0.0001, causal=0.0050, time=-0.0608, norm=0.0597, lr=7.2044e-04
2026-09-06 07:07:25,380 - Step 14060: ce=3.3775, phys=-0.0008, causal=0.0000, time=-0.0837, norm=0.0834, lr=7.2024e-04
2026-09-06 07:07:52,816 - Step 14070: ce=3.3686, phys=0.0012, causal=0.0211, time=-0.0940, norm=0.0704, lr=7.2004e-04
2026-09-06 07:08:20,154 - Step 14080: ce=3.3049, phys=-0.0007, causal=0.0000, time=-0.0776, norm=0.0706, lr=7.1984e-04
2026-09-06 07:08:46,995 - Step 14090: ce=3.0282, phys=0.0037, causal=0.0457, time=-0.0916, norm=0.0855, lr=7.1964e-04
2026-09-06 07:09:13,770 - Step 14100: ce=3.3129, phys=-0.0007, causal=0.0000, time=-0.0774, norm=0.0752, lr=7.1944e-04
2026-09-06 07:09:40,828 - Step 14110: ce=3.3864, phys=-0.0009, causal=0.0000, time=-0.0965, norm=0.0803, lr=7.1924e-04
2026-09-06 07:10:08,032 - Step 14120: ce=3.2414, phys=-0.0002, causal=0.0036, time=-0.0649, norm=0.0599, lr=7.1904e-04
2026-09-06 07:10:34,711 - Step 14130: ce=3.3323, phys=-0.0007, causal=0.0000, time=-0.0732, norm=0.0808, lr=7.1884e-04
2026-09-06 07:11:01,179 - Step 14140: ce=3.3285, phys=-0.0008, causal=0.0000, time=-0.0837, norm=0.0834, lr=7.1864e-04
2026-09-06 07:11:27,662 - Step 14150: ce=3.3057, phys=-0.0005, causal=0.0000, time=-0.0568, norm=0.0552, lr=7.1844e-04
2026-09-06 07:11:55,151 - Step 14160: ce=3.2321, phys=-0.0006, causal=0.0007, time=-0.0740, norm=0.0596, lr=7.1824e-04
2026-09-06 07:12:22,558 - Step 14170: ce=3.2124, phys=0.0007, causal=0.0131, time=-0.0688, norm=0.0596, lr=7.1804e-04
2026-09-06 07:12:49,544 - Step 14180: ce=3.3533, phys=0.0003, causal=0.0102, time=-0.0786, norm=0.0747, lr=7.1784e-04
2026-09-06 07:13:16,592 - Step 14190: ce=3.1749, phys=-0.0000, causal=0.0045, time=-0.0512, norm=0.0508, lr=7.1764e-04
2026-09-06 07:13:43,530 - Step 14200: ce=3.2985, phys=-0.0006, causal=0.0000, time=-0.0632, norm=0.0580, lr=7.1743e-04
2026-09-06 07:14:10,340 - Step 14210: ce=3.2813, phys=-0.0006, causal=0.0011, time=-0.0743, norm=0.0695, lr=7.1723e-04
2026-09-06 07:14:36,864 - Step 14220: ce=3.3750, phys=-0.0003, causal=0.0038, time=-0.0804, norm=0.0789, lr=7.1703e-04
2026-09-06 07:15:03,737 - Step 14230: ce=3.3728, phys=-0.0006, causal=0.0000, time=-0.0732, norm=0.1042, lr=7.1683e-04
2026-09-06 07:15:30,380 - Step 14240: ce=3.2808, phys=-0.0004, causal=0.0029, time=-0.0811, norm=0.0790, lr=7.1663e-04
2026-09-06 07:15:57,127 - Step 14250: ce=3.2924, phys=-0.0005, causal=0.0015, time=-0.0718, norm=0.0669, lr=7.1643e-04
2026-09-06 07:16:24,403 - Step 14260: ce=3.2159, phys=0.0038, causal=0.0452, time=-0.0803, norm=0.0806, lr=7.1623e-04
2026-09-06 07:16:51,255 - Step 14270: ce=3.2479, phys=-0.0008, causal=0.0000, time=-0.0890, norm=0.0823, lr=7.1603e-04
2026-09-06 07:17:17,946 - Step 14280: ce=3.2662, phys=-0.0006, causal=0.0000, time=-0.0674, norm=0.0612, lr=7.1583e-04
2026-09-06 07:17:44,918 - Step 14290: ce=3.1918, phys=-0.0005, causal=0.0000, time=-0.0627, norm=0.0843, lr=7.1563e-04
2026-09-06 07:18:12,248 - Step 14300: ce=3.4544, phys=-0.0005, causal=0.0000, time=-0.0561, norm=0.0522, lr=7.1543e-04
2026-09-06 07:18:40,055 - Step 14310: ce=3.2198, phys=-0.0008, causal=0.0000, time=-0.0880, norm=0.0956, lr=7.1523e-04
2026-09-06 07:19:08,678 - Step 14320: ce=3.3384, phys=-0.0006, causal=0.0000, time=-0.0692, norm=0.0660, lr=7.1503e-04
2026-09-06 07:19:36,343 - Step 14330: ce=3.2922, phys=-0.0006, causal=0.0006, time=-0.0746, norm=0.0741, lr=7.1483e-04
2026-09-06 07:20:03,760 - Step 14340: ce=3.2315, phys=-0.0006, causal=0.0024, time=-0.0918, norm=0.0795, lr=7.1463e-04
2026-09-06 07:20:30,818 - Step 14350: ce=3.2973, phys=-0.0007, causal=0.0000, time=-0.0774, norm=0.0752, lr=7.1443e-04
2026-09-06 07:20:58,378 - Step 14360: ce=3.1972, phys=0.0048, causal=0.0573, time=-0.1001, norm=0.0878, lr=7.1423e-04
2026-09-06 07:21:26,964 - Step 14370: ce=3.2762, phys=0.0028, causal=0.0371, time=-0.0967, norm=0.1067, lr=7.1403e-04
2026-09-06 07:21:54,484 - Step 14380: ce=3.4162, phys=-0.0007, causal=0.0000, time=-0.0805, norm=0.0722, lr=7.1383e-04
2026-09-06 07:22:21,461 - Step 14390: ce=3.1832, phys=0.0043, causal=0.0493, time=-0.0730, norm=0.0912, lr=7.1363e-04
2026-09-06 07:22:48,831 - Step 14400: ce=3.2243, phys=-0.0005, causal=0.0015, time=-0.0764, norm=0.0696, lr=7.1343e-04
2026-09-06 07:23:16,020 - Step 14410: ce=3.3824, phys=-0.0006, causal=0.0000, time=-0.0732, norm=0.0947, lr=7.1323e-04
2026-09-06 07:23:43,300 - Step 14420: ce=3.3736, phys=-0.0005, causal=0.0000, time=-0.0547, norm=0.0579, lr=7.1303e-04
2026-09-06 07:24:11,234 - Step 14430: ce=3.3583, phys=-0.0005, causal=0.0010, time=-0.0687, norm=0.0888, lr=7.1283e-04
2026-09-06 07:24:38,625 - Step 14440: ce=3.3704, phys=-0.0007, causal=0.0000, time=-0.0814, norm=0.0774, lr=7.1263e-04
2026-09-06 07:25:06,080 - Step 14450: ce=3.1346, phys=-0.0005, causal=0.0000, time=-0.0585, norm=0.0553, lr=7.1242e-04
2026-09-06 07:25:33,197 - Step 14460: ce=3.3539, phys=-0.0009, causal=0.0000, time=-0.0982, norm=0.0803, lr=7.1222e-04
2026-09-06 07:26:00,144 - Step 14470: ce=3.4556, phys=0.0006, causal=0.0143, time=-0.0932, norm=0.0811, lr=7.1202e-04
2026-09-06 07:26:27,397 - Step 14480: ce=3.2346, phys=-0.0007, causal=0.0000, time=-0.0822, norm=0.0779, lr=7.1182e-04
2026-09-06 07:26:54,770 - Step 14490: ce=3.3904, phys=-0.0005, causal=0.0000, time=-0.0610, norm=0.0688, lr=7.1162e-04
2026-09-06 07:27:21,737 - Step 14500: ce=3.2114, phys=-0.0008, causal=0.0000, time=-0.0837, norm=0.0834, lr=7.1142e-04
2026-09-06 07:27:49,013 - Step 14510: ce=3.4809, phys=-0.0004, causal=0.0000, time=-0.0500, norm=0.0684, lr=7.1122e-04
2026-09-06 07:28:17,198 - Step 14520: ce=3.3274, phys=0.0013, causal=0.0202, time=-0.0847, norm=0.0873, lr=7.1102e-04
2026-09-06 07:28:44,750 - Step 14530: ce=3.2702, phys=-0.0005, causal=0.0016, time=-0.0727, norm=0.0675, lr=7.1082e-04
2026-09-06 07:29:12,031 - Step 14540: ce=3.0904, phys=0.0032, causal=0.0400, time=-0.0841, norm=0.0835, lr=7.1062e-04
2026-09-06 07:29:39,404 - Step 14550: ce=3.3219, phys=0.0014, causal=0.0221, time=-0.0939, norm=0.0941, lr=7.1042e-04
2026-09-06 07:30:05,933 - Step 14560: ce=3.4373, phys=-0.0003, causal=0.0009, time=-0.0478, norm=0.0527, lr=7.1022e-04
2026-09-06 07:30:32,733 - Step 14570: ce=3.1285, phys=-0.0004, causal=0.0041, time=-0.0858, norm=0.0741, lr=7.1002e-04
2026-09-06 07:30:59,964 - Step 14580: ce=3.2795, phys=0.0004, causal=0.0114, time=-0.0824, norm=0.0866, lr=7.0982e-04
2026-09-06 07:31:26,855 - Step 14590: ce=3.4212, phys=-0.0007, causal=0.0000, time=-0.0732, norm=0.0730, lr=7.0962e-04
2026-09-06 07:31:55,106 - Step 14600: ce=3.0137, phys=-0.0003, causal=0.0023, time=-0.0567, norm=0.0460, lr=7.0942e-04
2026-09-06 07:32:23,800 - Step 14610: ce=3.4086, phys=-0.0005, causal=0.0000, time=-0.0507, norm=0.0408, lr=7.0922e-04
2026-09-06 07:32:52,224 - Step 14620: ce=3.2526, phys=0.0005, causal=0.0127, time=-0.0785, norm=0.0627, lr=7.0902e-04
2026-09-06 07:33:19,239 - Step 14630: ce=3.3196, phys=-0.0008, causal=0.0000, time=-0.0861, norm=0.0803, lr=7.0882e-04
2026-09-06 07:33:47,138 - Step 14640: ce=3.1967, phys=-0.0008, causal=0.0000, time=-0.0837, norm=0.0834, lr=7.0862e-04
2026-09-06 07:34:14,826 - Step 14650: ce=3.2654, phys=-0.0006, causal=0.0003, time=-0.0705, norm=0.0809, lr=7.0842e-04
2026-09-06 07:34:43,064 - Step 14660: ce=3.2626, phys=-0.0007, causal=0.0000, time=-0.0748, norm=0.0689, lr=7.0822e-04
2026-09-06 07:35:10,407 - Step 14670: ce=3.4454, phys=-0.0002, causal=0.0047, time=-0.0766, norm=0.0701, lr=7.0802e-04
2026-09-06 07:35:36,739 - Step 14680: ce=3.1579, phys=-0.0001, causal=0.0052, time=-0.0722, norm=0.0724, lr=7.0782e-04
2026-09-06 07:36:05,127 - Step 14690: ce=3.2765, phys=-0.0000, causal=0.0063, time=-0.0721, norm=0.0627, lr=7.0762e-04
2026-09-06 07:36:32,938 - Step 14700: ce=3.3240, phys=-0.0004, causal=0.0031, time=-0.0730, norm=0.0623, lr=7.0741e-04
2026-09-06 07:37:01,049 - Step 14710: ce=3.3817, phys=-0.0007, causal=0.0000, time=-0.0749, norm=0.0738, lr=7.0721e-04
2026-09-06 07:37:28,032 - Step 14720: ce=3.3626, phys=0.0014, causal=0.0207, time=-0.0774, norm=0.0742, lr=7.0701e-04
2026-09-06 07:37:54,536 - Step 14730: ce=3.1364, phys=0.0005, causal=0.0135, time=-0.0896, norm=0.0855, lr=7.0681e-04
2026-09-06 07:38:20,823 - Step 14740: ce=3.2906, phys=-0.0008, causal=0.0000, time=-0.0837, norm=0.0834, lr=7.0661e-04
2026-09-06 07:38:47,496 - Step 14750: ce=3.3512, phys=-0.0008, causal=0.0000, time=-0.0837, norm=0.0834, lr=7.0641e-04
2026-09-06 07:39:14,121 - Step 14760: ce=3.3697, phys=-0.0004, causal=0.0023, time=-0.0677, norm=0.0601, lr=7.0621e-04
2026-09-06 07:39:41,772 - Step 14770: ce=3.2055, phys=-0.0008, causal=0.0000, time=-0.0837, norm=0.0834, lr=7.0601e-04
2026-09-06 07:40:09,083 - Step 14780: ce=3.3111, phys=-0.0003, causal=0.0043, time=-0.0785, norm=0.0653, lr=7.0581e-04
2026-09-06 07:40:36,261 - Step 14790: ce=3.2936, phys=-0.0001, causal=0.0059, time=-0.0806, norm=0.0796, lr=7.0561e-04
2026-09-06 07:41:03,559 - Step 14800: ce=3.3735, phys=0.0016, causal=0.0229, time=-0.0721, norm=0.0576, lr=7.0541e-04
2026-09-06 07:41:30,367 - Step 14810: ce=3.2655, phys=-0.0005, causal=0.0024, time=-0.0805, norm=0.0606, lr=7.0521e-04
2026-09-06 07:41:57,272 - Step 14820: ce=3.4713, phys=-0.0006, causal=0.0012, time=-0.0832, norm=0.0714, lr=7.0501e-04
2026-09-06 07:42:24,581 - Step 14830: ce=3.2670, phys=-0.0008, causal=0.0000, time=-0.0837, norm=0.0834, lr=7.0481e-04
2026-09-06 07:42:51,657 - Step 14840: ce=3.4821, phys=-0.0007, causal=0.0000, time=-0.0809, norm=0.0724, lr=7.0461e-04
2026-09-06 07:43:18,414 - Step 14850: ce=3.2293, phys=-0.0003, causal=0.0045, time=-0.0793, norm=0.0728, lr=7.0441e-04
2026-09-06 07:43:44,876 - Step 14860: ce=3.7254, phys=-0.0008, causal=0.0000, time=-0.0921, norm=0.0778, lr=7.0421e-04
2026-09-06 07:44:11,436 - Step 14870: ce=3.2023, phys=-0.0006, causal=0.0000, time=-0.0686, norm=0.0715, lr=7.0401e-04
2026-09-06 07:44:39,152 - Step 14880: ce=3.2629, phys=-0.0006, causal=0.0000, time=-0.0627, norm=0.0626, lr=7.0381e-04
2026-09-06 07:45:07,264 - Step 14890: ce=3.2101, phys=0.0003, causal=0.0076, time=-0.0520, norm=0.0495, lr=7.0361e-04
2026-09-06 07:45:35,167 - Step 14900: ce=3.1558, phys=0.0009, causal=0.0178, time=-0.0967, norm=0.0921, lr=7.0341e-04
2026-09-06 07:46:01,827 - Step 14910: ce=3.3195, phys=-0.0007, causal=0.0000, time=-0.0828, norm=0.0782, lr=7.0321e-04
2026-09-06 07:46:28,293 - Step 14920: ce=3.2054, phys=-0.0006, causal=0.0008, time=-0.0767, norm=0.0645, lr=7.0301e-04
2026-09-06 07:46:55,357 - Step 14930: ce=3.2388, phys=-0.0002, causal=0.0050, time=-0.0800, norm=0.0742, lr=7.0281e-04
2026-09-06 07:47:21,797 - Step 14940: ce=3.1637, phys=0.0019, causal=0.0260, time=-0.0800, norm=0.0798, lr=7.0261e-04
2026-09-06 07:47:48,862 - Step 14950: ce=3.3807, phys=-0.0005, causal=0.0000, time=-0.0627, norm=0.0814, lr=7.0240e-04
2026-09-06 07:48:15,903 - Step 14960: ce=3.3227, phys=0.0002, causal=0.0096, time=-0.0852, norm=0.0814, lr=7.0220e-04
2026-09-06 07:48:43,463 - Step 14970: ce=3.3149, phys=0.0018, causal=0.0247, time=-0.0730, norm=0.0752, lr=7.0200e-04
2026-09-06 07:49:11,325 - Step 14980: ce=3.4181, phys=-0.0006, causal=0.0000, time=-0.0613, norm=0.0568, lr=7.0180e-04
2026-09-06 07:49:38,406 - Step 14990: ce=3.3088, phys=-0.0007, causal=0.0000, time=-0.0761, norm=0.0745, lr=7.0160e-04
2026-09-06 07:50:05,405 - Step 15000: ce=3.8619, phys=-0.0003, causal=0.0028, time=-0.0664, norm=0.0602, lr=7.0140e-04
2026-09-06 08:20:49,443 - Step 15010: ce=3.5878, phys=-0.0003, causal=0.0035, time=-0.0755, norm=0.0738, lr=7.0120e-04
2026-09-06 08:21:16,883 - Step 15020: ce=3.2138, phys=-0.0007, causal=0.0000, time=-0.0781, norm=0.0756, lr=7.0100e-04
2026-09-06 08:21:43,960 - Step 15030: ce=3.3158, phys=0.0006, causal=0.0127, time=-0.0770, norm=0.0756, lr=7.0080e-04
2026-09-06 08:22:10,494 - Step 15040: ce=3.6191, phys=0.0010, causal=0.0186, time=-0.0916, norm=0.0952, lr=7.0060e-04
2026-09-06 08:22:37,258 - Step 15050: ce=3.2544, phys=-0.0007, causal=0.0000, time=-0.0732, norm=0.0730, lr=7.0040e-04
2026-09-06 08:23:04,474 - Step 15060: ce=3.2629, phys=-0.0007, causal=0.0000, time=-0.0749, norm=0.0690, lr=7.0020e-04
2026-09-06 08:23:30,901 - Step 15070: ce=3.4029, phys=-0.0009, causal=0.0000, time=-0.0968, norm=0.0809, lr=7.0000e-04
2026-09-06 08:23:57,634 - Step 15080: ce=3.2807, phys=-0.0006, causal=0.0007, time=-0.0686, norm=0.0654, lr=6.9980e-04
2026-09-06 08:24:24,378 - Step 15090: ce=3.4600, phys=-0.0006, causal=0.0000, time=-0.0627, norm=0.0626, lr=6.9960e-04
2026-09-06 08:24:52,078 - Step 15100: ce=3.2862, phys=-0.0005, causal=0.0019, time=-0.0797, norm=0.0727, lr=6.9940e-04
2026-09-06 08:25:18,700 - Step 15110: ce=3.3553, phys=-0.0008, causal=0.0000, time=-0.0837, norm=0.0834, lr=6.9920e-04
2026-09-06 08:25:46,079 - Step 15120: ce=3.2331, phys=0.0050, causal=0.0600, time=-0.1074, norm=0.0798, lr=6.9900e-04
2026-09-06 08:26:13,467 - Step 15130: ce=3.2524, phys=-0.0006, causal=0.0000, time=-0.0637, norm=0.0631, lr=6.9880e-04
2026-09-06 08:26:40,013 - Step 15140: ce=3.3807, phys=0.0001, causal=0.0099, time=-0.0936, norm=0.0715, lr=6.9860e-04
2026-09-06 08:27:06,999 - Step 15150: ce=3.3085, phys=-0.0008, causal=0.0000, time=-0.0837, norm=0.0834, lr=6.9840e-04
2026-09-06 08:27:33,764 - Step 15160: ce=3.1789, phys=-0.0007, causal=0.0000, time=-0.0734, norm=0.0682, lr=6.9820e-04
2026-09-06 08:27:59,910 - Step 15170: ce=3.1280, phys=-0.0008, causal=0.0000, time=-0.0837, norm=0.0834, lr=6.9800e-04
2026-09-06 08:28:27,259 - Step 15180: ce=3.2132, phys=-0.0007, causal=0.0000, time=-0.0768, norm=0.0748, lr=6.9780e-04
2026-09-06 08:28:54,340 - Step 15190: ce=3.4190, phys=-0.0008, causal=0.0000, time=-0.0837, norm=0.0834, lr=6.9760e-04
2026-09-06 08:29:22,560 - Step 15200: ce=3.3600, phys=-0.0006, causal=0.0020, time=-0.0851, norm=0.0654, lr=6.9739e-04
2026-09-06 08:29:50,360 - Step 15210: ce=3.1762, phys=-0.0004, causal=0.0056, time=-0.1018, norm=0.0785, lr=6.9719e-04
2026-09-06 08:30:16,846 - Step 15220: ce=3.3638, phys=-0.0008, causal=0.0000, time=-0.0835, norm=0.0808, lr=6.9699e-04
2026-09-06 08:30:43,655 - Step 15230: ce=3.1577, phys=-0.0007, causal=0.0000, time=-0.0754, norm=0.0741, lr=6.9679e-04
2026-09-06 08:31:10,911 - Step 15240: ce=3.4814, phys=-0.0009, causal=0.0000, time=-0.0965, norm=0.0911, lr=6.9659e-04
2026-09-06 08:31:39,068 - Step 15250: ce=3.3382, phys=-0.0000, causal=0.0073, time=-0.0853, norm=0.0802, lr=6.9639e-04
2026-09-06 08:32:06,344 - Step 15260: ce=3.6438, phys=-0.0007, causal=0.0006, time=-0.0820, norm=0.0718, lr=6.9619e-04
2026-09-06 08:32:33,858 - Step 15270: ce=3.2082, phys=0.0002, causal=0.0098, time=-0.0828, norm=0.0718, lr=6.9599e-04
2026-09-06 08:33:00,884 - Step 15280: ce=3.5245, phys=-0.0005, causal=0.0009, time=-0.0696, norm=0.0663, lr=6.9579e-04
2026-09-06 08:33:28,276 - Step 15290: ce=3.2371, phys=-0.0008, causal=0.0000, time=-0.0837, norm=0.0834, lr=6.9559e-04
2026-09-06 08:33:54,841 - Step 15300: ce=3.1812, phys=0.0027, causal=0.0343, time=-0.0841, norm=0.0954, lr=6.9539e-04
2026-09-06 08:34:21,580 - Step 15310: ce=3.2858, phys=-0.0008, causal=0.0000, time=-0.0837, norm=0.0834, lr=6.9519e-04
2026-09-06 08:34:48,102 - Step 15320: ce=3.3672, phys=-0.0006, causal=0.0000, time=-0.0627, norm=0.0708, lr=6.9499e-04
2026-09-06 08:35:15,527 - Step 15330: ce=3.1726, phys=-0.0002, causal=0.0051, time=-0.0771, norm=0.0720, lr=6.9479e-04
2026-09-06 08:35:42,386 - Step 15340: ce=3.4413, phys=-0.0003, causal=0.0025, time=-0.0665, norm=0.0895, lr=6.9459e-04
2026-09-06 08:36:08,645 - Step 15350: ce=3.3132, phys=-0.0007, causal=0.0000, time=-0.0747, norm=0.0645, lr=6.9439e-04
2026-09-06 08:36:34,887 - Step 15360: ce=3.4477, phys=-0.0006, causal=0.0000, time=-0.0633, norm=0.0644, lr=6.9419e-04
2026-09-06 08:37:01,874 - Step 15370: ce=3.3900, phys=-0.0008, causal=0.0000, time=-0.0837, norm=0.0834, lr=6.9399e-04
2026-09-06 08:37:28,667 - Step 15380: ce=3.3870, phys=-0.0003, causal=0.0032, time=-0.0684, norm=0.0618, lr=6.9379e-04
2026-09-06 08:37:55,621 - Step 15390: ce=3.3030, phys=-0.0006, causal=0.0010, time=-0.0827, norm=0.0797, lr=6.9359e-04
2026-09-06 08:38:22,861 - Step 15400: ce=3.3744, phys=-0.0007, causal=0.0000, time=-0.0732, norm=0.0730, lr=6.9339e-04
2026-09-06 08:38:49,519 - Step 15410: ce=3.4166, phys=0.0008, causal=0.0161, time=-0.0942, norm=0.0896, lr=6.9319e-04
2026-09-06 08:39:15,685 - Step 15420: ce=3.4272, phys=-0.0008, causal=0.0000, time=-0.0837, norm=0.0834, lr=6.9299e-04
2026-09-06 08:39:42,671 - Step 15430: ce=3.1248, phys=-0.0009, causal=0.0000, time=-0.0943, norm=0.0864, lr=6.9279e-04
2026-09-06 08:40:09,378 - Step 15440: ce=3.2106, phys=0.0007, causal=0.0132, time=-0.0641, norm=0.0570, lr=6.9259e-04
2026-09-06 08:40:36,463 - Step 15450: ce=3.3709, phys=-0.0005, causal=0.0000, time=-0.0590, norm=0.0588, lr=6.9238e-04
2026-09-06 08:41:03,566 - Step 15460: ce=3.4178, phys=-0.0004, causal=0.0000, time=-0.0424, norm=0.0373, lr=6.9218e-04
2026-09-06 08:41:30,554 - Step 15470: ce=3.2925, phys=-0.0005, causal=0.0009, time=-0.0663, norm=0.0656, lr=6.9198e-04
2026-09-06 08:41:56,738 - Step 15480: ce=3.1765, phys=0.0003, causal=0.0101, time=-0.0759, norm=0.0749, lr=6.9178e-04
2026-09-06 08:42:23,537 - Step 15490: ce=3.2516, phys=0.0003, causal=0.0091, time=-0.0722, norm=0.0735, lr=6.9158e-04
2026-09-06 08:42:49,860 - Step 15500: ce=3.4438, phys=-0.0003, causal=0.0037, time=-0.0715, norm=0.0647, lr=6.9138e-04
2026-09-06 08:43:16,955 - Step 15510: ce=3.0894, phys=-0.0005, causal=0.0021, time=-0.0795, norm=0.0718, lr=6.9118e-04
2026-09-06 08:43:43,789 - Step 15520: ce=3.1991, phys=-0.0002, causal=0.0031, time=-0.0604, norm=0.0511, lr=6.9098e-04
2026-09-06 08:44:10,318 - Step 15530: ce=3.2203, phys=0.0004, causal=0.0105, time=-0.0686, norm=0.0561, lr=6.9078e-04
2026-09-06 08:44:37,745 - Step 15540: ce=3.3138, phys=0.0037, causal=0.0442, time=-0.0752, norm=0.0772, lr=6.9058e-04
2026-09-06 08:45:05,109 - Step 15550: ce=3.2495, phys=-0.0005, causal=0.0015, time=-0.0724, norm=0.0602, lr=6.9038e-04
2026-09-06 08:45:32,186 - Step 15560: ce=3.3347, phys=-0.0008, causal=0.0000, time=-0.0837, norm=0.0834, lr=6.9018e-04
2026-09-06 08:45:58,515 - Step 15570: ce=3.3698, phys=-0.0006, causal=0.0000, time=-0.0732, norm=0.0901, lr=6.8998e-04
2026-09-06 08:46:26,220 - Step 15580: ce=3.3083, phys=-0.0001, causal=0.0044, time=-0.0564, norm=0.0647, lr=6.8978e-04
2026-09-06 08:46:52,942 - Step 15590: ce=3.2723, phys=0.0015, causal=0.0210, time=-0.0707, norm=0.0636, lr=6.8958e-04
2026-09-06 08:47:19,627 - Step 15600: ce=3.3257, phys=-0.0006, causal=0.0000, time=-0.0661, norm=0.0782, lr=6.8938e-04
2026-09-06 08:47:46,447 - Step 15610: ce=3.3061, phys=0.0006, causal=0.0137, time=-0.0832, norm=0.0772, lr=6.8918e-04
2026-09-06 08:48:13,581 - Step 15620: ce=3.2183, phys=-0.0008, causal=0.0000, time=-0.0837, norm=0.0834, lr=6.8898e-04
2026-09-06 08:48:40,433 - Step 15630: ce=3.3217, phys=-0.0008, causal=0.0000, time=-0.0859, norm=0.0821, lr=6.8878e-04
2026-09-06 08:49:06,685 - Step 15640: ce=3.2574, phys=-0.0006, causal=0.0000, time=-0.0663, norm=0.0679, lr=6.8858e-04
2026-09-06 08:49:33,282 - Step 15650: ce=3.4843, phys=-0.0008, causal=0.0000, time=-0.0837, norm=0.0834, lr=6.8838e-04
2026-09-06 08:50:00,634 - Step 15660: ce=3.2583, phys=-0.0007, causal=0.0000, time=-0.0732, norm=0.0730, lr=6.8818e-04
2026-09-06 08:50:28,375 - Step 15670: ce=3.5270, phys=0.0002, causal=0.0080, time=-0.0710, norm=0.0616, lr=6.8798e-04
2026-09-06 08:50:54,680 - Step 15680: ce=3.2133, phys=-0.0008, causal=0.0000, time=-0.0837, norm=0.0834, lr=6.8778e-04
2026-09-06 08:51:21,928 - Step 15690: ce=3.3345, phys=-0.0006, causal=0.0017, time=-0.0808, norm=0.0768, lr=6.8758e-04
2026-09-06 08:51:48,998 - Step 15700: ce=3.2722, phys=-0.0007, causal=0.0000, time=-0.0820, norm=0.0777, lr=6.8737e-04
2026-09-06 08:52:16,571 - Step 15710: ce=3.2057, phys=0.0006, causal=0.0143, time=-0.0894, norm=0.0725, lr=6.8717e-04
2026-09-06 08:52:42,663 - Step 15720: ce=3.2488, phys=0.0038, causal=0.0453, time=-0.0809, norm=0.0871, lr=6.8697e-04
2026-09-06 08:53:11,361 - Step 15730: ce=3.3739, phys=-0.0003, causal=0.0014, time=-0.0496, norm=0.0534, lr=6.8677e-04
2026-09-06 08:53:38,248 - Step 15740: ce=3.1981, phys=-0.0003, causal=0.0039, time=-0.0732, norm=0.0692, lr=6.8657e-04
2026-09-06 08:54:05,014 - Step 15750: ce=3.0796, phys=0.0064, causal=0.0712, time=-0.0787, norm=0.0751, lr=6.8637e-04
2026-09-06 08:54:31,477 - Step 15760: ce=3.2555, phys=0.0032, causal=0.0401, time=-0.0896, norm=0.1017, lr=6.8617e-04
2026-09-06 08:54:57,944 - Step 15770: ce=3.3054, phys=0.0005, causal=0.0127, time=-0.0799, norm=0.0764, lr=6.8597e-04
2026-09-06 08:55:25,099 - Step 15780: ce=3.3075, phys=-0.0006, causal=0.0006, time=-0.0765, norm=0.0751, lr=6.8577e-04
2026-09-06 08:55:52,786 - Step 15790: ce=3.3085, phys=-0.0006, causal=0.0000, time=-0.0690, norm=0.0659, lr=6.8557e-04
2026-09-06 08:56:20,490 - Step 15800: ce=3.1269, phys=-0.0004, causal=0.0029, time=-0.0723, norm=0.0644, lr=6.8537e-04
2026-09-06 08:56:47,213 - Step 15810: ce=3.3815, phys=-0.0009, causal=0.0000, time=-0.0986, norm=0.0801, lr=6.8517e-04
2026-09-06 08:57:14,083 - Step 15820: ce=3.3221, phys=-0.0005, causal=0.0017, time=-0.0759, norm=0.0676, lr=6.8497e-04
2026-09-06 08:57:41,876 - Step 15830: ce=3.2583, phys=-0.0007, causal=0.0000, time=-0.0826, norm=0.0781, lr=6.8477e-04
2026-09-06 08:58:08,582 - Step 15840: ce=3.1296, phys=0.0003, causal=0.0102, time=-0.0762, norm=0.0737, lr=6.8457e-04
2026-09-06 08:58:36,271 - Step 15850: ce=3.5729, phys=-0.0000, causal=0.0062, time=-0.0715, norm=0.0947, lr=6.8437e-04
2026-09-06 08:59:02,804 - Step 15860: ce=3.3221, phys=-0.0006, causal=0.0020, time=-0.0893, norm=0.0749, lr=6.8417e-04
2026-09-06 08:59:28,819 - Step 15870: ce=3.4875, phys=-0.0008, causal=0.0000, time=-0.0837, norm=0.0834, lr=6.8397e-04
2026-09-06 08:59:55,837 - Step 15880: ce=3.2851, phys=0.0026, causal=0.0323, time=-0.0692, norm=0.0638, lr=6.8377e-04
2026-09-06 09:00:22,717 - Step 15890: ce=3.6776, phys=-0.0003, causal=0.0040, time=-0.0740, norm=0.0693, lr=6.8357e-04
2026-09-06 09:00:49,803 - Step 15900: ce=3.3235, phys=-0.0006, causal=0.0000, time=-0.0659, norm=0.0676, lr=6.8337e-04
2026-09-06 09:01:16,653 - Step 15910: ce=3.1065, phys=0.0020, causal=0.0277, time=-0.0841, norm=0.0849, lr=6.8317e-04
2026-09-06 09:01:43,363 - Step 15920: ce=3.2965, phys=-0.0008, causal=0.0000, time=-0.0837, norm=0.0834, lr=6.8297e-04
2026-09-06 09:02:11,161 - Step 15930: ce=3.2078, phys=0.0000, causal=0.0063, time=-0.0655, norm=0.0675, lr=6.8277e-04
2026-09-06 09:02:37,780 - Step 15940: ce=3.2458, phys=0.0017, causal=0.0238, time=-0.0781, norm=0.0776, lr=6.8257e-04
2026-09-06 09:03:05,950 - Step 15950: ce=3.2636, phys=-0.0001, causal=0.0059, time=-0.0736, norm=0.0650, lr=6.8236e-04
2026-09-06 09:03:34,819 - Step 15960: ce=3.4039, phys=-0.0000, causal=0.0050, time=-0.0567, norm=0.0507, lr=6.8216e-04
2026-09-06 09:04:02,143 - Step 15970: ce=3.4012, phys=-0.0003, causal=0.0032, time=-0.0763, norm=0.0967, lr=6.8196e-04
2026-09-06 09:04:30,326 - Step 15980: ce=3.1472, phys=0.0091, causal=0.0977, time=-0.0760, norm=0.0728, lr=6.8176e-04
2026-09-06 09:04:56,967 - Step 15990: ce=3.2427, phys=-0.0006, causal=0.0000, time=-0.0671, norm=0.0757, lr=6.8156e-04
2026-09-06 09:05:24,074 - Step 16000: ce=3.3159, phys=-0.0007, causal=0.0000, time=-0.0732, norm=0.0808, lr=6.8136e-04
2026-09-06 09:05:51,451 - Step 16010: ce=3.4554, phys=-0.0007, causal=0.0000, time=-0.0732, norm=0.0730, lr=6.8116e-04
2026-09-06 09:06:18,522 - Step 16020: ce=3.5887, phys=0.0002, causal=0.0104, time=-0.0908, norm=0.0882, lr=6.8096e-04
2026-09-06 09:06:46,435 - Step 16030: ce=3.2764, phys=0.0059, causal=0.0665, time=-0.0812, norm=0.0789, lr=6.8076e-04
2026-09-06 09:07:13,263 - Step 16040: ce=3.4588, phys=-0.0008, causal=0.0009, time=-0.0978, norm=0.0786, lr=6.8056e-04
2026-09-06 09:07:40,856 - Step 16050: ce=3.0733, phys=-0.0003, causal=0.0035, time=-0.0736, norm=0.0637, lr=6.8036e-04
2026-09-06 09:08:08,008 - Step 16060: ce=3.0837, phys=0.0009, causal=0.0169, time=-0.0839, norm=0.0719, lr=6.8016e-04
2026-09-06 09:08:35,337 - Step 16070: ce=3.3322, phys=0.0019, causal=0.0258, time=-0.0806, norm=0.0755, lr=6.7996e-04
2026-09-06 09:09:02,615 - Step 16080: ce=3.4380, phys=-0.0006, causal=0.0016, time=-0.0801, norm=0.0646, lr=6.7976e-04
2026-09-06 09:09:31,306 - Step 16090: ce=3.3258, phys=-0.0001, causal=0.0060, time=-0.0735, norm=0.0721, lr=6.7956e-04
2026-09-06 09:09:57,913 - Step 16100: ce=3.3595, phys=-0.0007, causal=0.0000, time=-0.0768, norm=0.0748, lr=6.7936e-04
2026-09-06 09:10:25,572 - Step 16110: ce=3.3238, phys=-0.0003, causal=0.0039, time=-0.0728, norm=0.0631, lr=6.7916e-04
2026-09-06 09:10:52,396 - Step 16120: ce=3.1811, phys=-0.0006, causal=0.0000, time=-0.0670, norm=0.0698, lr=6.7896e-04
2026-09-06 09:11:20,101 - Step 16130: ce=3.3262, phys=-0.0004, causal=0.0023, time=-0.0691, norm=0.0586, lr=6.7876e-04
2026-09-06 09:11:46,488 - Step 16140: ce=3.2467, phys=-0.0003, causal=0.0039, time=-0.0800, norm=0.0782, lr=6.7856e-04
2026-09-06 09:12:12,712 - Step 16150: ce=3.1761, phys=-0.0007, causal=0.0000, time=-0.0805, norm=0.0769, lr=6.7836e-04
2026-09-06 09:12:39,306 - Step 16160: ce=3.2925, phys=-0.0007, causal=0.0000, time=-0.0760, norm=0.0696, lr=6.7816e-04
2026-09-06 09:13:06,161 - Step 16170: ce=3.1915, phys=-0.0008, causal=0.0000, time=-0.0902, norm=0.0810, lr=6.7796e-04
2026-09-06 09:13:32,573 - Step 16180: ce=3.3525, phys=-0.0006, causal=0.0000, time=-0.0682, norm=0.0575, lr=6.7776e-04
2026-09-06 09:13:58,895 - Step 16190: ce=3.3180, phys=-0.0008, causal=0.0000, time=-0.0837, norm=0.0834, lr=6.7756e-04
2026-09-06 09:14:25,364 - Step 16200: ce=3.2715, phys=-0.0006, causal=0.0000, time=-0.0635, norm=0.0584, lr=6.7735e-04
2026-09-06 09:14:51,477 - Step 16210: ce=3.3469, phys=-0.0003, causal=0.0049, time=-0.0828, norm=0.0748, lr=6.7715e-04
2026-09-06 09:15:18,339 - Step 16220: ce=3.3933, phys=-0.0003, causal=0.0057, time=-0.0945, norm=0.0713, lr=6.7695e-04
2026-09-06 09:15:45,194 - Step 16230: ce=3.1688, phys=-0.0001, causal=0.0041, time=-0.0618, norm=0.0672, lr=6.7675e-04
2026-09-06 09:16:12,102 - Step 16240: ce=3.3147, phys=-0.0008, causal=0.0000, time=-0.0837, norm=0.0834, lr=6.7655e-04
2026-09-06 09:16:38,652 - Step 16250: ce=3.2436, phys=0.0008, causal=0.0160, time=-0.0853, norm=0.0821, lr=6.7635e-04
2026-09-06 09:17:05,159 - Step 16260: ce=3.2373, phys=0.0022, causal=0.0290, time=-0.0757, norm=0.0799, lr=6.7615e-04
2026-09-06 09:17:31,758 - Step 16270: ce=3.2682, phys=-0.0006, causal=0.0007, time=-0.0736, norm=0.0688, lr=6.7595e-04
2026-09-06 09:17:59,386 - Step 16280: ce=3.4442, phys=-0.0006, causal=0.0013, time=-0.0790, norm=0.0756, lr=6.7575e-04
2026-09-06 09:18:25,798 - Step 16290: ce=3.2233, phys=-0.0005, causal=0.0011, time=-0.0669, norm=0.0801, lr=6.7555e-04
2026-09-06 09:18:52,748 - Step 16300: ce=3.3382, phys=-0.0005, causal=0.0009, time=-0.0643, norm=0.0589, lr=6.7535e-04
2026-09-06 09:19:19,441 - Step 16310: ce=3.3151, phys=-0.0003, causal=0.0035, time=-0.0733, norm=0.0680, lr=6.7515e-04
2026-09-06 09:19:46,127 - Step 16320: ce=3.2159, phys=-0.0008, causal=0.0000, time=-0.0908, norm=0.0880, lr=6.7495e-04
2026-09-06 09:20:12,824 - Step 16330: ce=3.3093, phys=-0.0006, causal=0.0000, time=-0.0679, norm=0.0672, lr=6.7475e-04
2026-09-06 09:20:39,766 - Step 16340: ce=3.1906, phys=-0.0006, causal=0.0000, time=-0.0638, norm=0.0581, lr=6.7455e-04
2026-09-06 09:21:05,637 - Step 16350: ce=3.6098, phys=-0.0006, causal=0.0000, time=-0.0732, norm=0.0990, lr=6.7435e-04
2026-09-06 09:21:31,868 - Step 16360: ce=3.5740, phys=-0.0007, causal=0.0000, time=-0.0756, norm=0.0742, lr=6.7415e-04
2026-09-06 09:21:58,674 - Step 16370: ce=3.4486, phys=0.0000, causal=0.0084, time=-0.0921, norm=0.0843, lr=6.7395e-04
2026-09-06 09:22:25,411 - Step 16380: ce=3.3051, phys=-0.0008, causal=0.0000, time=-0.0855, norm=0.0911, lr=6.7375e-04
2026-09-06 09:22:51,860 - Step 16390: ce=3.4420, phys=0.0046, causal=0.0508, time=-0.0608, norm=0.0875, lr=6.7355e-04
2026-09-06 09:23:18,501 - Step 16400: ce=3.2704, phys=-0.0002, causal=0.0057, time=-0.0796, norm=0.0664, lr=6.7335e-04
2026-09-06 09:23:45,769 - Step 16410: ce=3.1558, phys=0.0024, causal=0.0297, time=-0.0644, norm=0.0856, lr=6.7315e-04
2026-09-06 09:24:11,923 - Step 16420: ce=3.6340, phys=-0.0007, causal=0.0000, time=-0.0758, norm=0.0743, lr=6.7295e-04
2026-09-06 09:24:39,290 - Step 16430: ce=3.3510, phys=-0.0006, causal=0.0000, time=-0.0672, norm=0.0649, lr=6.7275e-04
2026-09-06 09:25:06,654 - Step 16440: ce=3.2282, phys=0.0006, causal=0.0131, time=-0.0746, norm=0.0693, lr=6.7255e-04
2026-09-06 09:25:33,905 - Step 16450: ce=3.2473, phys=0.0022, causal=0.0275, time=-0.0562, norm=0.0582, lr=6.7234e-04
2026-09-06 09:26:00,411 - Step 16460: ce=3.6590, phys=-0.0007, causal=0.0000, time=-0.0797, norm=0.0764, lr=6.7214e-04
2026-09-06 09:26:27,260 - Step 16470: ce=3.2240, phys=-0.0005, causal=0.0009, time=-0.0683, norm=0.0654, lr=6.7194e-04
2026-09-06 09:26:53,928 - Step 16480: ce=3.1654, phys=0.0019, causal=0.0262, time=-0.0819, norm=0.0682, lr=6.7174e-04
2026-09-06 09:27:21,178 - Step 16490: ce=3.2241, phys=0.0011, causal=0.0184, time=-0.0849, norm=0.0809, lr=6.7154e-04
2026-09-06 09:27:48,478 - Step 16500: ce=3.3000, phys=-0.0008, causal=0.0000, time=-0.0837, norm=0.0834, lr=6.7134e-04
2026-09-06 09:28:15,457 - Step 16510: ce=3.3454, phys=-0.0005, causal=0.0000, time=-0.0561, norm=0.0770, lr=6.7114e-04
2026-09-06 09:28:42,286 - Step 16520: ce=3.2881, phys=-0.0004, causal=0.0023, time=-0.0724, norm=0.0626, lr=6.7094e-04
2026-09-06 09:29:09,522 - Step 16530: ce=3.2357, phys=-0.0006, causal=0.0000, time=-0.0683, norm=0.0819, lr=6.7074e-04
2026-09-06 09:29:36,965 - Step 16540: ce=3.2871, phys=-0.0003, causal=0.0045, time=-0.0840, norm=0.0754, lr=6.7054e-04
2026-09-06 09:30:03,693 - Step 16550: ce=3.6913, phys=-0.0006, causal=0.0000, time=-0.0682, norm=0.0654, lr=6.7034e-04
2026-09-06 09:30:30,465 - Step 16560: ce=3.3694, phys=-0.0007, causal=0.0000, time=-0.0732, norm=0.0787, lr=6.7014e-04
2026-09-06 09:30:57,504 - Step 16570: ce=3.3860, phys=-0.0007, causal=0.0007, time=-0.0875, norm=0.0777, lr=6.6994e-04
2026-09-06 09:31:25,088 - Step 16580: ce=3.3334, phys=-0.0008, causal=0.0000, time=-0.0837, norm=0.0834, lr=6.6974e-04
2026-09-06 09:31:51,853 - Step 16590: ce=3.2887, phys=-0.0007, causal=0.0000, time=-0.0777, norm=0.0753, lr=6.6954e-04
2026-09-06 09:32:23,012 - Step 16600: ce=3.4231, phys=-0.0006, causal=0.0000, time=-0.0702, norm=0.0694, lr=6.6934e-04
2026-09-06 09:32:50,545 - Step 16610: ce=3.3150, phys=-0.0006, causal=0.0000, time=-0.0692, norm=0.0877, lr=6.6914e-04
2026-09-06 09:33:17,664 - Step 16620: ce=3.5653, phys=0.0044, causal=0.0512, time=-0.0849, norm=0.0809, lr=6.6894e-04
2026-09-06 09:33:45,054 - Step 16630: ce=3.1743, phys=-0.0005, causal=0.0023, time=-0.0800, norm=0.0721, lr=6.6874e-04
2026-09-06 09:34:12,031 - Step 16640: ce=3.4623, phys=-0.0006, causal=0.0000, time=-0.0635, norm=0.0582, lr=6.6854e-04
2026-09-06 09:34:38,020 - Step 16650: ce=3.2403, phys=-0.0005, causal=0.0000, time=-0.0598, norm=0.0814, lr=6.6834e-04
2026-09-06 09:35:05,817 - Step 16660: ce=3.4039, phys=-0.0006, causal=0.0000, time=-0.0661, norm=0.0671, lr=6.6814e-04
2026-09-06 09:35:32,971 - Step 16670: ce=3.4941, phys=-0.0008, causal=0.0000, time=-0.0837, norm=0.0834, lr=6.6794e-04
2026-09-06 09:35:59,908 - Step 16680: ce=3.3519, phys=-0.0006, causal=0.0014, time=-0.0804, norm=0.0747, lr=6.6774e-04
2026-09-06 09:36:26,438 - Step 16690: ce=3.2515, phys=-0.0006, causal=0.0017, time=-0.0808, norm=0.0692, lr=6.6754e-04
2026-09-06 09:36:54,447 - Step 16700: ce=3.2858, phys=-0.0006, causal=0.0000, time=-0.0690, norm=0.0843, lr=6.6733e-04
2026-09-06 09:37:21,562 - Step 16710: ce=3.2400, phys=-0.0007, causal=0.0000, time=-0.0732, norm=0.0751, lr=6.6713e-04
2026-09-06 09:37:48,833 - Step 16720: ce=3.4944, phys=-0.0007, causal=0.0000, time=-0.0774, norm=0.0752, lr=6.6693e-04
2026-09-06 09:38:15,530 - Step 16730: ce=3.2217, phys=-0.0002, causal=0.0046, time=-0.0743, norm=0.0684, lr=6.6673e-04
2026-09-06 09:38:43,771 - Step 16740: ce=3.3237, phys=-0.0004, causal=0.0000, time=-0.0523, norm=0.0761, lr=6.6653e-04
2026-09-06 09:39:11,098 - Step 16750: ce=3.2615, phys=0.0027, causal=0.0336, time=-0.0767, norm=0.0810, lr=6.6633e-04
2026-09-06 09:39:38,593 - Step 16760: ce=3.4512, phys=-0.0008, causal=0.0000, time=-0.0837, norm=0.0834, lr=6.6613e-04
2026-09-06 09:40:06,591 - Step 16770: ce=3.1624, phys=-0.0001, causal=0.0075, time=-0.0913, norm=0.0758, lr=6.6593e-04
2026-09-06 09:40:34,527 - Step 16780: ce=3.3080, phys=-0.0004, causal=0.0019, time=-0.0679, norm=0.0600, lr=6.6573e-04
2026-09-06 09:41:01,402 - Step 16790: ce=3.4282, phys=-0.0008, causal=0.0000, time=-0.0837, norm=0.0834, lr=6.6553e-04
2026-09-06 09:41:29,393 - Step 16800: ce=3.2203, phys=-0.0002, causal=0.0048, time=-0.0733, norm=0.0696, lr=6.6533e-04
2026-09-06 09:41:56,966 - Step 16810: ce=3.4109, phys=-0.0008, causal=0.0000, time=-0.0849, norm=0.0892, lr=6.6513e-04
2026-09-06 09:42:23,658 - Step 16820: ce=3.3002, phys=0.0009, causal=0.0162, time=-0.0786, norm=0.0704, lr=6.6493e-04
2026-09-06 09:42:51,576 - Step 16830: ce=3.4856, phys=-0.0007, causal=0.0000, time=-0.0732, norm=0.0730, lr=6.6473e-04
2026-09-06 09:43:20,913 - Step 16840: ce=3.3614, phys=-0.0007, causal=0.0000, time=-0.0780, norm=0.0661, lr=6.6453e-04
2026-09-06 09:43:48,661 - Step 16850: ce=3.3638, phys=0.0010, causal=0.0171, time=-0.0795, norm=0.0778, lr=6.6433e-04
2026-09-06 09:44:17,034 - Step 16860: ce=3.2242, phys=-0.0002, causal=0.0040, time=-0.0704, norm=0.0599, lr=6.6413e-04
2026-09-06 09:44:44,983 - Step 16870: ce=3.1929, phys=-0.0001, causal=0.0047, time=-0.0616, norm=0.0605, lr=6.6393e-04
2026-09-06 09:45:12,369 - Step 16880: ce=3.2749, phys=-0.0007, causal=0.0000, time=-0.0722, norm=0.0676, lr=6.6373e-04
2026-09-06 09:45:39,826 - Step 16890: ce=3.3036, phys=0.0004, causal=0.0100, time=-0.0688, norm=0.0712, lr=6.6353e-04
2026-09-06 09:46:07,159 - Step 16900: ce=3.3432, phys=-0.0007, causal=0.0000, time=-0.0739, norm=0.0684, lr=6.6333e-04
2026-09-06 09:46:35,311 - Step 16910: ce=3.2243, phys=0.0014, causal=0.0196, time=-0.0664, norm=0.0688, lr=6.6313e-04
2026-09-06 09:47:03,111 - Step 16920: ce=3.2525, phys=-0.0002, causal=0.0054, time=-0.0797, norm=0.0647, lr=6.6293e-04
2026-09-06 09:47:30,991 - Step 16930: ce=3.3403, phys=-0.0004, causal=0.0000, time=-0.0488, norm=0.0938, lr=6.6273e-04
2026-09-06 09:47:58,274 - Step 16940: ce=3.2926, phys=-0.0003, causal=0.0028, time=-0.0603, norm=0.0705, lr=6.6253e-04
2026-09-06 09:48:25,596 - Step 16950: ce=3.6381, phys=0.0016, causal=0.0221, time=-0.0652, norm=0.0590, lr=6.6232e-04
2026-09-06 09:48:52,994 - Step 16960: ce=3.2029, phys=-0.0006, causal=0.0000, time=-0.0644, norm=0.0585, lr=6.6212e-04
2026-09-06 09:49:20,162 - Step 16970: ce=3.3563, phys=-0.0007, causal=0.0006, time=-0.0817, norm=0.0764, lr=6.6192e-04
2026-09-06 09:49:48,269 - Step 16980: ce=3.2075, phys=-0.0007, causal=0.0000, time=-0.0732, norm=0.0730, lr=6.6172e-04
2026-09-06 09:50:15,994 - Step 16990: ce=3.2651, phys=-0.0006, causal=0.0000, time=-0.0732, norm=0.1042, lr=6.6152e-04
2026-09-06 09:50:43,654 - Step 17000: ce=3.2500, phys=-0.0006, causal=0.0000, time=-0.0654, norm=0.0639, lr=6.6132e-04
2026-09-06 09:51:11,691 - Step 17010: ce=3.3379, phys=-0.0004, causal=0.0045, time=-0.0974, norm=0.0783, lr=6.6112e-04
2026-09-06 09:51:39,438 - Step 17020: ce=3.3153, phys=-0.0004, causal=0.0040, time=-0.0833, norm=0.0783, lr=6.6092e-04
2026-09-06 09:52:07,117 - Step 17030: ce=3.2353, phys=-0.0006, causal=0.0000, time=-0.0631, norm=0.0577, lr=6.6072e-04
2026-09-06 09:52:34,949 - Step 17040: ce=3.5111, phys=-0.0005, causal=0.0000, time=-0.0535, norm=0.0818, lr=6.6052e-04
2026-09-06 09:53:02,416 - Step 17050: ce=3.2101, phys=0.0065, causal=0.0735, time=-0.0934, norm=0.0792, lr=6.6032e-04
2026-09-06 09:53:30,467 - Step 17060: ce=3.2785, phys=-0.0007, causal=0.0007, time=-0.0855, norm=0.0675, lr=6.6012e-04
2026-09-06 09:53:57,861 - Step 17070: ce=3.4563, phys=-0.0007, causal=0.0000, time=-0.0747, norm=0.0698, lr=6.5992e-04
2026-09-06 09:54:25,920 - Step 17080: ce=3.5988, phys=-0.0005, causal=0.0015, time=-0.0700, norm=0.0720, lr=6.5972e-04
2026-09-06 09:54:54,046 - Step 17090: ce=3.1950, phys=0.0005, causal=0.0132, time=-0.0846, norm=0.0745, lr=6.5952e-04
2026-09-06 09:55:21,235 - Step 17100: ce=3.3702, phys=-0.0006, causal=0.0018, time=-0.0811, norm=0.0777, lr=6.5932e-04
2026-09-06 09:55:48,994 - Step 17110: ce=3.3699, phys=-0.0008, causal=0.0000, time=-0.0837, norm=0.0834, lr=6.5912e-04
2026-09-06 09:56:16,940 - Step 17120: ce=3.3923, phys=-0.0006, causal=0.0002, time=-0.0705, norm=0.0658, lr=6.5892e-04
2026-09-06 09:56:43,970 - Step 17130: ce=3.3238, phys=-0.0006, causal=0.0005, time=-0.0683, norm=0.0656, lr=6.5872e-04
2026-09-06 09:57:12,859 - Step 17140: ce=3.3805, phys=-0.0002, causal=0.0051, time=-0.0750, norm=0.0883, lr=6.5852e-04
2026-09-06 09:57:40,780 - Step 17150: ce=3.3170, phys=0.0006, causal=0.0124, time=-0.0755, norm=0.0765, lr=6.5832e-04
2026-09-06 09:58:09,099 - Step 17160: ce=3.2541, phys=0.0015, causal=0.0219, time=-0.0810, norm=0.0858, lr=6.5812e-04
2026-09-06 09:58:36,709 - Step 17170: ce=4.4623, phys=-0.0008, causal=0.0016, time=-0.1026, norm=0.0705, lr=6.5792e-04
2026-09-06 09:59:04,196 - Step 17180: ce=3.4643, phys=-0.0007, causal=0.0000, time=-0.0782, norm=0.0751, lr=6.5772e-04
2026-09-06 09:59:31,895 - Step 17190: ce=3.3274, phys=-0.0005, causal=0.0030, time=-0.0828, norm=0.0755, lr=6.5752e-04
2026-09-06 09:59:59,517 - Step 17200: ce=3.2201, phys=0.0001, causal=0.0075, time=-0.0702, norm=0.0664, lr=6.5731e-04
2026-09-06 10:00:27,766 - Step 17210: ce=3.1336, phys=0.0008, causal=0.0168, time=-0.0968, norm=0.0855, lr=6.5711e-04
2026-09-06 10:00:55,810 - Step 17220: ce=3.2182, phys=0.0014, causal=0.0202, time=-0.0684, norm=0.0549, lr=6.5691e-04
2026-09-06 10:01:23,446 - Step 17230: ce=3.3629, phys=-0.0007, causal=0.0000, time=-0.0732, norm=0.0730, lr=6.5671e-04
2026-09-06 10:01:51,921 - Step 17240: ce=3.3249, phys=-0.0007, causal=0.0000, time=-0.0712, norm=0.0576, lr=6.5651e-04
2026-09-06 10:02:18,832 - Step 17250: ce=3.2786, phys=-0.0007, causal=0.0000, time=-0.0822, norm=0.0779, lr=6.5631e-04
2026-09-06 10:02:46,596 - Step 17260: ce=3.6642, phys=0.0001, causal=0.0074, time=-0.0692, norm=0.0732, lr=6.5611e-04
2026-09-06 10:03:13,604 - Step 17270: ce=3.3091, phys=-0.0008, causal=0.0000, time=-0.0837, norm=0.0834, lr=6.5591e-04
2026-09-06 10:03:40,743 - Step 17280: ce=3.2327, phys=-0.0006, causal=0.0004, time=-0.0756, norm=0.0743, lr=6.5571e-04
2026-09-06 10:04:07,315 - Step 17290: ce=3.3082, phys=-0.0006, causal=0.0006, time=-0.0774, norm=0.0751, lr=6.5551e-04
2026-09-06 10:04:34,587 - Step 17300: ce=3.4548, phys=-0.0005, causal=0.0007, time=-0.0658, norm=0.0546, lr=6.5531e-04
2026-09-06 10:05:02,564 - Step 17310: ce=3.1852, phys=0.0005, causal=0.0120, time=-0.0733, norm=0.0620, lr=6.5511e-04
2026-09-06 10:05:30,266 - Step 17320: ce=3.1796, phys=0.0012, causal=0.0190, time=-0.0760, norm=0.0675, lr=6.5491e-04
2026-09-06 10:05:57,039 - Step 17330: ce=3.4152, phys=0.0004, causal=0.0101, time=-0.0699, norm=0.0639, lr=6.5471e-04
2026-09-06 10:06:24,371 - Step 17340: ce=3.2707, phys=-0.0004, causal=0.0030, time=-0.0809, norm=0.0749, lr=6.5451e-04
2026-09-06 10:06:50,849 - Step 17350: ce=3.1763, phys=-0.0007, causal=0.0000, time=-0.0812, norm=0.0773, lr=6.5431e-04
2026-09-06 10:07:17,804 - Step 17360: ce=3.2356, phys=-0.0006, causal=0.0000, time=-0.0683, norm=0.0655, lr=6.5411e-04
2026-09-06 10:07:45,035 - Step 17370: ce=3.3717, phys=-0.0005, causal=0.0000, time=-0.0540, norm=0.0530, lr=6.5391e-04
2026-09-06 10:08:12,681 - Step 17380: ce=3.3093, phys=-0.0008, causal=0.0000, time=-0.0837, norm=0.0834, lr=6.5371e-04
2026-09-06 10:08:39,367 - Step 17390: ce=3.2712, phys=-0.0008, causal=0.0000, time=-0.0837, norm=0.0834, lr=6.5351e-04
2026-09-06 10:09:05,912 - Step 17400: ce=3.3717, phys=-0.0000, causal=0.0039, time=-0.0512, norm=0.0811, lr=6.5331e-04
2026-09-06 10:09:32,427 - Step 17410: ce=3.2835, phys=-0.0006, causal=0.0012, time=-0.0784, norm=0.0764, lr=6.5311e-04
2026-09-06 10:09:59,405 - Step 17420: ce=3.2756, phys=-0.0007, causal=0.0000, time=-0.0814, norm=0.0774, lr=6.5291e-04
2026-09-06 10:10:25,818 - Step 17430: ce=3.2567, phys=-0.0006, causal=0.0000, time=-0.0732, norm=0.0895, lr=6.5271e-04
2026-09-06 10:10:52,207 - Step 17440: ce=3.3389, phys=-0.0003, causal=0.0024, time=-0.0626, norm=0.0605, lr=6.5251e-04
2026-09-06 10:11:18,818 - Step 17450: ce=3.1831, phys=0.0028, causal=0.0355, time=-0.0826, norm=0.0783, lr=6.5230e-04
2026-09-06 10:11:44,719 - Step 17460: ce=3.3425, phys=-0.0007, causal=0.0000, time=-0.0805, norm=0.0769, lr=6.5210e-04
2026-09-06 10:12:10,750 - Step 17470: ce=3.3300, phys=-0.0006, causal=0.0000, time=-0.0715, norm=0.0708, lr=6.5190e-04
2026-09-06 10:12:36,934 - Step 17480: ce=3.2309, phys=0.0003, causal=0.0093, time=-0.0691, norm=0.0682, lr=6.5170e-04
2026-09-06 10:13:03,389 - Step 17490: ce=3.3190, phys=-0.0006, causal=0.0000, time=-0.0732, norm=0.0883, lr=6.5150e-04
2026-09-06 10:13:29,725 - Step 17500: ce=3.2961, phys=-0.0005, causal=0.0016, time=-0.0730, norm=0.0668, lr=6.5130e-04
2026-09-06 10:13:56,288 - Step 17510: ce=3.3166, phys=-0.0006, causal=0.0000, time=-0.0702, norm=0.0684, lr=6.5110e-04
2026-09-06 10:14:22,742 - Step 17520: ce=3.3472, phys=-0.0007, causal=0.0000, time=-0.0726, norm=0.0679, lr=6.5090e-04
2026-09-06 10:14:49,352 - Step 17530: ce=3.2983, phys=-0.0005, causal=0.0031, time=-0.0941, norm=0.0914, lr=6.5070e-04
2026-09-06 10:15:16,340 - Step 17540: ce=3.3368, phys=-0.0005, causal=0.0006, time=-0.0663, norm=0.0548, lr=6.5050e-04
2026-09-06 10:15:42,709 - Step 17550: ce=3.4668, phys=-0.0006, causal=0.0000, time=-0.0651, norm=0.0546, lr=6.5030e-04
2026-09-06 10:16:09,125 - Step 17560: ce=3.2235, phys=-0.0003, causal=0.0034, time=-0.0650, norm=0.0544, lr=6.5010e-04
2026-09-06 10:16:35,695 - Step 17570: ce=3.4651, phys=-0.0005, causal=0.0000, time=-0.0530, norm=0.0739, lr=6.4990e-04
2026-09-06 10:17:02,126 - Step 17580: ce=3.1484, phys=0.0024, causal=0.0319, time=-0.0881, norm=0.0790, lr=6.4970e-04
2026-09-06 10:17:29,283 - Step 17590: ce=3.3029, phys=-0.0007, causal=0.0000, time=-0.0774, norm=0.0752, lr=6.4950e-04
2026-09-06 10:17:55,818 - Step 17600: ce=3.2976, phys=-0.0004, causal=0.0043, time=-0.0922, norm=0.0701, lr=6.4930e-04
2026-09-06 10:18:22,157 - Step 17610: ce=3.2311, phys=-0.0008, causal=0.0000, time=-0.0911, norm=0.0734, lr=6.4910e-04
2026-09-06 10:18:48,115 - Step 17620: ce=3.2368, phys=-0.0008, causal=0.0000, time=-0.0931, norm=0.0854, lr=6.4890e-04
2026-09-06 10:19:14,465 - Step 17630: ce=3.3516, phys=-0.0006, causal=0.0000, time=-0.0668, norm=0.0729, lr=6.4870e-04
2026-09-06 10:19:40,443 - Step 17640: ce=3.2592, phys=-0.0006, causal=0.0000, time=-0.0680, norm=0.0652, lr=6.4850e-04
2026-09-06 10:20:07,455 - Step 17650: ce=3.2933, phys=0.0048, causal=0.0552, time=-0.0840, norm=0.0906, lr=6.4830e-04
2026-09-06 10:20:33,658 - Step 17660: ce=3.4415, phys=-0.0007, causal=0.0000, time=-0.0732, norm=0.0730, lr=6.4810e-04
2026-09-06 10:21:00,333 - Step 17670: ce=3.3385, phys=-0.0004, causal=0.0028, time=-0.0777, norm=0.0649, lr=6.4790e-04
2026-09-06 10:21:26,556 - Step 17680: ce=3.3165, phys=-0.0008, causal=0.0000, time=-0.0837, norm=0.0834, lr=6.4770e-04
2026-09-06 10:21:52,634 - Step 17690: ce=3.6257, phys=-0.0006, causal=0.0009, time=-0.0733, norm=0.0689, lr=6.4749e-04
2026-09-06 10:22:19,264 - Step 17700: ce=3.2841, phys=-0.0006, causal=0.0004, time=-0.0687, norm=0.0585, lr=6.4729e-04
2026-09-06 10:22:46,680 - Step 17710: ce=3.2371, phys=0.0014, causal=0.0217, time=-0.0874, norm=0.0816, lr=6.4709e-04
2026-09-06 10:23:12,694 - Step 17720: ce=3.2797, phys=-0.0006, causal=0.0015, time=-0.0813, norm=0.0776, lr=6.4689e-04
2026-09-06 10:23:39,064 - Step 17730: ce=3.0965, phys=0.0037, causal=0.0428, time=-0.0675, norm=0.0636, lr=6.4669e-04
2026-09-06 10:24:06,603 - Step 17740: ce=3.1789, phys=0.0000, causal=0.0069, time=-0.0709, norm=0.0620, lr=6.4649e-04
2026-09-06 10:24:32,955 - Step 17750: ce=3.3223, phys=-0.0007, causal=0.0000, time=-0.0732, norm=0.0736, lr=6.4629e-04
2026-09-06 10:24:59,729 - Step 17760: ce=3.7951, phys=-0.0004, causal=0.0028, time=-0.0745, norm=0.0712, lr=6.4609e-04
2026-09-06 10:25:25,995 - Step 17770: ce=3.3485, phys=-0.0004, causal=0.0031, time=-0.0749, norm=0.0766, lr=6.4589e-04
2026-09-06 10:25:52,300 - Step 17780: ce=3.4553, phys=-0.0004, causal=0.0024, time=-0.0698, norm=0.0672, lr=6.4569e-04
2026-09-06 10:26:19,104 - Step 17790: ce=3.2916, phys=0.0019, causal=0.0271, time=-0.0865, norm=0.0726, lr=6.4549e-04
2026-09-06 10:26:45,457 - Step 17800: ce=3.4546, phys=-0.0008, causal=0.0000, time=-0.0837, norm=0.0834, lr=6.4529e-04
2026-09-06 10:27:11,808 - Step 17810: ce=3.2912, phys=-0.0008, causal=0.0000, time=-0.0858, norm=0.0756, lr=6.4509e-04
2026-09-06 10:27:37,883 - Step 17820: ce=3.2763, phys=-0.0006, causal=0.0000, time=-0.0732, norm=0.0959, lr=6.4489e-04
2026-09-06 10:28:03,862 - Step 17830: ce=3.3494, phys=0.0003, causal=0.0101, time=-0.0769, norm=0.0886, lr=6.4469e-04
2026-09-06 10:28:30,017 - Step 17840: ce=3.3006, phys=0.0007, causal=0.0154, time=-0.0859, norm=0.0561, lr=6.4449e-04
2026-09-06 10:28:56,200 - Step 17850: ce=3.2594, phys=-0.0007, causal=0.0000, time=-0.0732, norm=0.0730, lr=6.4429e-04
2026-09-06 10:29:22,091 - Step 17860: ce=3.1143, phys=-0.0003, causal=0.0046, time=-0.0851, norm=0.0731, lr=6.4409e-04
2026-09-06 10:29:47,712 - Step 17870: ce=3.3122, phys=0.0004, causal=0.0102, time=-0.0709, norm=0.0592, lr=6.4389e-04
2026-09-06 10:30:13,706 - Step 17880: ce=3.3599, phys=-0.0009, causal=0.0000, time=-0.0975, norm=0.0786, lr=6.4369e-04
2026-09-06 10:30:41,007 - Step 17890: ce=3.7363, phys=-0.0006, causal=0.0000, time=-0.0606, norm=0.0515, lr=6.4349e-04
2026-09-06 10:31:07,160 - Step 17900: ce=3.2687, phys=-0.0007, causal=0.0000, time=-0.0789, norm=0.0714, lr=6.4329e-04
2026-09-06 10:31:33,545 - Step 17910: ce=3.3935, phys=-0.0008, causal=0.0000, time=-0.0893, norm=0.0825, lr=6.4309e-04
2026-09-06 10:31:59,736 - Step 17920: ce=3.2135, phys=-0.0004, causal=0.0036, time=-0.0791, norm=0.0773, lr=6.4289e-04
2026-09-06 10:32:26,058 - Step 17930: ce=3.1891, phys=0.0021, causal=0.0282, time=-0.0821, norm=0.0768, lr=6.4269e-04
2026-09-06 10:32:52,715 - Step 17940: ce=3.1267, phys=0.0065, causal=0.0720, time=-0.0812, norm=0.0809, lr=6.4248e-04
2026-09-06 10:33:18,972 - Step 17950: ce=3.2010, phys=0.0016, causal=0.0238, time=-0.0879, norm=0.0910, lr=6.4228e-04
2026-09-06 10:33:45,332 - Step 17960: ce=3.1881, phys=0.0005, causal=0.0130, time=-0.0855, norm=0.0774, lr=6.4208e-04
2026-09-06 10:34:11,812 - Step 17970: ce=3.3922, phys=-0.0009, causal=0.0000, time=-0.0969, norm=0.0778, lr=6.4188e-04
2026-09-06 10:34:38,225 - Step 17980: ce=3.3037, phys=0.0041, causal=0.0474, time=-0.0752, norm=0.1185, lr=6.4168e-04
2026-09-06 10:35:04,535 - Step 17990: ce=3.2399, phys=-0.0008, causal=0.0000, time=-0.0837, norm=0.0834, lr=6.4148e-04
2026-09-06 10:35:30,675 - Step 18000: ce=3.2894, phys=-0.0003, causal=0.0034, time=-0.0661, norm=0.0587, lr=6.4128e-04
2026-09-06 10:35:57,033 - Step 18010: ce=3.1648, phys=0.0022, causal=0.0299, time=-0.0884, norm=0.0869, lr=6.4108e-04
2026-09-06 10:36:23,536 - Step 18020: ce=3.3165, phys=0.0022, causal=0.0289, time=-0.0802, norm=0.0669, lr=6.4088e-04
2026-09-06 10:36:49,227 - Step 18030: ce=3.1076, phys=0.0081, causal=0.0888, time=-0.0918, norm=0.1037, lr=6.4068e-04
2026-09-06 10:37:14,943 - Step 18040: ce=3.3694, phys=-0.0002, causal=0.0049, time=-0.0738, norm=0.0707, lr=6.4048e-04
2026-09-06 10:37:41,547 - Step 18050: ce=3.3455, phys=-0.0003, causal=0.0029, time=-0.0676, norm=0.0599, lr=6.4028e-04
2026-09-06 10:38:07,612 - Step 18060: ce=3.1685, phys=-0.0007, causal=0.0013, time=-0.0943, norm=0.0849, lr=6.4008e-04
2026-09-06 10:38:34,090 - Step 18070: ce=3.4473, phys=-0.0001, causal=0.0069, time=-0.0842, norm=0.0698, lr=6.3988e-04
2026-09-06 10:39:00,534 - Step 18080: ce=3.2389, phys=-0.0003, causal=0.0019, time=-0.0607, norm=0.0744, lr=6.3968e-04
2026-09-06 10:39:27,083 - Step 18090: ce=3.2190, phys=-0.0005, causal=0.0012, time=-0.0712, norm=0.0679, lr=6.3948e-04
2026-09-06 10:39:53,102 - Step 18100: ce=3.2194, phys=-0.0007, causal=0.0000, time=-0.0754, norm=0.0741, lr=6.3928e-04
2026-09-06 10:40:19,808 - Step 18110: ce=3.2734, phys=0.0002, causal=0.0077, time=-0.0625, norm=0.0589, lr=6.3908e-04
2026-09-06 10:40:46,530 - Step 18120: ce=3.5118, phys=-0.0004, causal=0.0015, time=-0.0587, norm=0.0585, lr=6.3888e-04
2026-09-06 10:41:12,876 - Step 18130: ce=3.4396, phys=-0.0007, causal=0.0000, time=-0.0732, norm=0.0730, lr=6.3868e-04
2026-09-06 10:41:39,122 - Step 18140: ce=3.0215, phys=0.0091, causal=0.0981, time=-0.0807, norm=0.0853, lr=6.3848e-04
2026-09-06 10:42:05,343 - Step 18150: ce=3.1458, phys=0.0012, causal=0.0198, time=-0.0816, norm=0.0833, lr=6.3828e-04
2026-09-06 10:42:31,053 - Step 18160: ce=3.2709, phys=-0.0003, causal=0.0039, time=-0.0765, norm=0.0729, lr=6.3808e-04
2026-09-06 10:42:57,070 - Step 18170: ce=3.0866, phys=0.0001, causal=0.0077, time=-0.0723, norm=0.0627, lr=6.3788e-04
2026-09-06 10:43:22,438 - Step 18180: ce=3.1744, phys=0.0027, causal=0.0355, time=-0.0935, norm=0.0843, lr=6.3768e-04
2026-09-06 10:43:48,502 - Step 18190: ce=3.4007, phys=-0.0003, causal=0.0018, time=-0.0536, norm=0.0522, lr=6.3747e-04
2026-09-06 10:44:14,391 - Step 18200: ce=3.5525, phys=-0.0006, causal=0.0000, time=-0.0674, norm=0.0650, lr=6.3727e-04
2026-09-06 10:44:40,486 - Step 18210: ce=3.6397, phys=-0.0005, causal=0.0000, time=-0.0523, norm=0.0521, lr=6.3707e-04
2026-09-06 10:45:06,560 - Step 18220: ce=3.2487, phys=-0.0008, causal=0.0000, time=-0.0837, norm=0.0834, lr=6.3687e-04
2026-09-06 10:45:33,207 - Step 18230: ce=3.5039, phys=-0.0004, causal=0.0040, time=-0.0894, norm=0.0877, lr=6.3667e-04
2026-09-06 10:46:00,439 - Step 18240: ce=3.3232, phys=-0.0004, causal=0.0025, time=-0.0769, norm=0.0697, lr=6.3647e-04
2026-09-06 10:46:26,458 - Step 18250: ce=3.0933, phys=0.0019, causal=0.0262, time=-0.0844, norm=0.0802, lr=6.3627e-04
2026-09-06 10:46:52,507 - Step 18260: ce=3.2050, phys=0.0052, causal=0.0586, time=-0.0683, norm=0.0695, lr=6.3607e-04
2026-09-06 10:47:18,320 - Step 18270: ce=3.2086, phys=0.0045, causal=0.0519, time=-0.0758, norm=0.0905, lr=6.3587e-04
2026-09-06 10:47:44,395 - Step 18280: ce=3.1783, phys=-0.0006, causal=0.0007, time=-0.0720, norm=0.0541, lr=6.3567e-04
2026-09-06 10:48:10,676 - Step 18290: ce=3.2087, phys=0.0001, causal=0.0084, time=-0.0848, norm=0.0681, lr=6.3547e-04
2026-09-06 10:48:37,284 - Step 18300: ce=3.1910, phys=0.0011, causal=0.0174, time=-0.0712, norm=0.0583, lr=6.3527e-04
2026-09-06 10:49:03,440 - Step 18310: ce=3.3064, phys=-0.0008, causal=0.0000, time=-0.0837, norm=0.0834, lr=6.3507e-04
2026-09-06 10:49:29,324 - Step 18320: ce=3.3641, phys=0.0019, causal=0.0263, time=-0.0755, norm=0.0727, lr=6.3487e-04
2026-09-06 10:49:55,037 - Step 18330: ce=3.1343, phys=-0.0004, causal=0.0032, time=-0.0835, norm=0.0792, lr=6.3467e-04
2026-09-06 10:50:20,960 - Step 18340: ce=3.2959, phys=-0.0000, causal=0.0073, time=-0.0828, norm=0.0857, lr=6.3447e-04
2026-09-06 10:50:46,727 - Step 18350: ce=3.3936, phys=-0.0006, causal=0.0000, time=-0.0739, norm=0.1085, lr=6.3427e-04
2026-09-06 10:51:12,568 - Step 18360: ce=3.3034, phys=-0.0003, causal=0.0044, time=-0.0804, norm=0.0827, lr=6.3407e-04
2026-09-06 10:51:38,855 - Step 18370: ce=3.1712, phys=0.0037, causal=0.0421, time=-0.0520, norm=0.0497, lr=6.3387e-04
2026-09-06 10:52:05,311 - Step 18380: ce=3.2640, phys=-0.0004, causal=0.0000, time=-0.0436, norm=0.0514, lr=6.3367e-04
2026-09-06 10:52:31,916 - Step 18390: ce=3.4291, phys=-0.0007, causal=0.0000, time=-0.0737, norm=0.0763, lr=6.3347e-04
2026-09-06 10:52:58,241 - Step 18400: ce=3.3356, phys=-0.0001, causal=0.0046, time=-0.0661, norm=0.0626, lr=6.3327e-04
2026-09-06 10:53:24,443 - Step 18410: ce=3.4626, phys=-0.0004, causal=0.0000, time=-0.0418, norm=0.0652, lr=6.3307e-04
2026-09-06 10:53:50,621 - Step 18420: ce=3.2368, phys=-0.0006, causal=0.0013, time=-0.0766, norm=0.0759, lr=6.3287e-04
2026-09-06 10:54:16,575 - Step 18430: ce=3.5139, phys=-0.0008, causal=0.0000, time=-0.0849, norm=0.0754, lr=6.3267e-04
2026-09-06 10:54:42,808 - Step 18440: ce=3.3621, phys=-0.0008, causal=0.0000, time=-0.0917, norm=0.0849, lr=6.3246e-04
2026-09-06 10:55:09,726 - Step 18450: ce=3.4230, phys=-0.0008, causal=0.0000, time=-0.0837, norm=0.0834, lr=6.3226e-04
2026-09-06 10:55:36,787 - Step 18460: ce=3.2470, phys=-0.0007, causal=0.0000, time=-0.0777, norm=0.0909, lr=6.3206e-04
2026-09-06 10:56:03,348 - Step 18470: ce=3.2611, phys=0.0009, causal=0.0167, time=-0.0906, norm=0.0955, lr=6.3186e-04
2026-09-06 10:56:28,919 - Step 18480: ce=3.3749, phys=-0.0007, causal=0.0000, time=-0.0820, norm=0.1019, lr=6.3166e-04
2026-09-06 10:56:55,463 - Step 18490: ce=3.1379, phys=-0.0005, causal=0.0012, time=-0.0734, norm=0.0691, lr=6.3146e-04
2026-09-06 10:57:21,666 - Step 18500: ce=3.3442, phys=-0.0005, causal=0.0000, time=-0.0578, norm=0.0500, lr=6.3126e-04
2026-09-06 10:57:48,453 - Step 18510: ce=3.2416, phys=-0.0001, causal=0.0071, time=-0.0857, norm=0.0854, lr=6.3106e-04
2026-09-06 10:58:14,360 - Step 18520: ce=3.3039, phys=-0.0007, causal=0.0000, time=-0.0732, norm=0.0730, lr=6.3086e-04
2026-09-06 10:58:41,220 - Step 18530: ce=3.2655, phys=0.0001, causal=0.0081, time=-0.0747, norm=0.0652, lr=6.3066e-04
2026-09-06 10:59:07,648 - Step 18540: ce=3.4598, phys=-0.0002, causal=0.0060, time=-0.0854, norm=0.0815, lr=6.3046e-04
2026-09-06 10:59:33,793 - Step 18550: ce=3.2961, phys=0.0007, causal=0.0138, time=-0.0820, norm=0.0878, lr=6.3026e-04
2026-09-06 11:00:00,419 - Step 18560: ce=3.2572, phys=-0.0006, causal=0.0000, time=-0.0694, norm=0.0696, lr=6.3006e-04
2026-09-06 11:00:26,791 - Step 18570: ce=3.2383, phys=-0.0010, causal=0.0000, time=-0.1041, norm=0.0903, lr=6.2986e-04
2026-09-06 11:00:52,955 - Step 18580: ce=3.2724, phys=-0.0006, causal=0.0000, time=-0.0683, norm=0.0919, lr=6.2966e-04
2026-09-06 11:01:18,928 - Step 18590: ce=3.3907, phys=-0.0006, causal=0.0000, time=-0.0705, norm=0.0667, lr=6.2946e-04
2026-09-06 11:01:45,250 - Step 18600: ce=3.3217, phys=-0.0003, causal=0.0027, time=-0.0659, norm=0.0585, lr=6.2926e-04
2026-09-06 11:02:11,622 - Step 18610: ce=3.2453, phys=-0.0007, causal=0.0000, time=-0.0713, norm=0.0624, lr=6.2906e-04
2026-09-06 11:02:40,456 - Step 18620: ce=3.2556, phys=-0.0006, causal=0.0000, time=-0.0716, norm=0.0672, lr=6.2886e-04
2026-09-06 11:03:07,699 - Step 18630: ce=3.1824, phys=-0.0007, causal=0.0000, time=-0.0781, norm=0.0756, lr=6.2866e-04
2026-09-06 11:03:34,245 - Step 18640: ce=3.3792, phys=-0.0007, causal=0.0000, time=-0.0765, norm=0.0747, lr=6.2846e-04
2026-09-06 11:04:00,711 - Step 18650: ce=3.3051, phys=-0.0006, causal=0.0000, time=-0.0719, norm=0.0923, lr=6.2826e-04
2026-09-06 11:04:27,207 - Step 18660: ce=3.3839, phys=-0.0004, causal=0.0044, time=-0.0940, norm=0.0928, lr=6.2806e-04
2026-09-06 11:04:54,265 - Step 18670: ce=3.4122, phys=-0.0005, causal=0.0007, time=-0.0658, norm=0.0643, lr=6.2786e-04
2026-09-06 11:05:22,071 - Step 18680: ce=3.2155, phys=-0.0004, causal=0.0019, time=-0.0705, norm=0.0938, lr=6.2766e-04
2026-09-06 11:05:48,892 - Step 18690: ce=3.1784, phys=-0.0000, causal=0.0066, time=-0.0772, norm=0.0702, lr=6.2745e-04
2026-09-06 11:06:15,058 - Step 18700: ce=3.1866, phys=-0.0007, causal=0.0000, time=-0.0792, norm=0.0762, lr=6.2725e-04
2026-09-06 11:06:42,045 - Step 18710: ce=3.2634, phys=0.0019, causal=0.0267, time=-0.0844, norm=0.0766, lr=6.2705e-04
2026-09-06 11:07:08,252 - Step 18720: ce=3.3001, phys=-0.0005, causal=0.0009, time=-0.0675, norm=0.0680, lr=6.2685e-04
2026-09-06 11:07:34,935 - Step 18730: ce=3.2846, phys=-0.0002, causal=0.0043, time=-0.0743, norm=0.0622, lr=6.2665e-04
2026-09-06 11:08:00,788 - Step 18740: ce=3.3235, phys=0.0006, causal=0.0151, time=-0.0953, norm=0.0822, lr=6.2645e-04
2026-09-06 11:08:26,383 - Step 18750: ce=3.2461, phys=-0.0008, causal=0.0000, time=-0.0852, norm=0.0797, lr=6.2625e-04
2026-09-06 11:08:52,677 - Step 18760: ce=3.3005, phys=-0.0007, causal=0.0000, time=-0.0756, norm=0.0742, lr=6.2605e-04
2026-09-06 11:09:18,171 - Step 18770: ce=3.3703, phys=-0.0008, causal=0.0000, time=-0.0863, norm=0.0804, lr=6.2585e-04
2026-09-06 11:09:44,339 - Step 18780: ce=3.1966, phys=-0.0006, causal=0.0000, time=-0.0732, norm=0.0888, lr=6.2565e-04
2026-09-06 11:10:10,062 - Step 18790: ce=3.2494, phys=-0.0007, causal=0.0000, time=-0.0723, norm=0.0676, lr=6.2545e-04
2026-09-06 11:10:36,263 - Step 18800: ce=3.2571, phys=0.0005, causal=0.0118, time=-0.0786, norm=0.0695, lr=6.2525e-04
2026-09-06 11:11:01,953 - Step 18810: ce=3.2842, phys=-0.0005, causal=0.0000, time=-0.0627, norm=0.0843, lr=6.2505e-04
2026-09-06 11:11:28,153 - Step 18820: ce=3.2813, phys=-0.0005, causal=0.0000, time=-0.0566, norm=0.0543, lr=6.2485e-04
2026-09-06 11:11:54,618 - Step 18830: ce=3.4300, phys=-0.0001, causal=0.0031, time=-0.0477, norm=0.0558, lr=6.2465e-04
2026-09-06 11:12:22,386 - Step 18840: ce=3.2543, phys=-0.0004, causal=0.0031, time=-0.0754, norm=0.0592, lr=6.2445e-04
2026-09-06 11:12:49,247 - Step 18850: ce=3.2562, phys=-0.0004, causal=0.0034, time=-0.0767, norm=0.0687, lr=6.2425e-04
2026-09-06 11:13:16,101 - Step 18860: ce=3.4092, phys=-0.0008, causal=0.0000, time=-0.0837, norm=0.0834, lr=6.2405e-04
2026-09-06 11:13:43,464 - Step 18870: ce=3.2762, phys=-0.0006, causal=0.0006, time=-0.0732, norm=0.0697, lr=6.2385e-04
2026-09-06 11:14:10,377 - Step 18880: ce=3.6351, phys=-0.0006, causal=0.0000, time=-0.0672, norm=0.0599, lr=6.2365e-04
2026-09-06 11:14:37,516 - Step 18890: ce=3.2291, phys=-0.0008, causal=0.0000, time=-0.0856, norm=0.0799, lr=6.2345e-04
2026-09-06 11:15:04,038 - Step 18900: ce=3.2360, phys=-0.0008, causal=0.0000, time=-0.0837, norm=0.0834, lr=6.2325e-04
2026-09-06 11:15:30,637 - Step 18910: ce=3.2172, phys=0.0013, causal=0.0194, time=-0.0669, norm=0.0583, lr=6.2305e-04
2026-09-06 11:15:57,519 - Step 18920: ce=3.5496, phys=-0.0003, causal=0.0038, time=-0.0791, norm=0.0775, lr=6.2285e-04
2026-09-06 11:16:24,053 - Step 18930: ce=3.2995, phys=0.0005, causal=0.0126, time=-0.0816, norm=0.0800, lr=6.2265e-04
2026-09-06 11:16:51,573 - Step 18940: ce=3.3672, phys=-0.0006, causal=0.0012, time=-0.0793, norm=0.0605, lr=6.2244e-04
2026-09-06 11:17:18,051 - Step 18950: ce=3.1886, phys=-0.0006, causal=0.0009, time=-0.0799, norm=0.0692, lr=6.2224e-04
2026-09-06 11:17:45,481 - Step 18960: ce=3.4086, phys=-0.0008, causal=0.0000, time=-0.0837, norm=0.0834, lr=6.2204e-04
2026-09-06 11:18:12,796 - Step 18970: ce=3.0563, phys=0.0034, causal=0.0427, time=-0.0893, norm=0.0683, lr=6.2184e-04
2026-09-06 11:18:39,533 - Step 18980: ce=3.3721, phys=0.0014, causal=0.0220, time=-0.0840, norm=0.0754, lr=6.2164e-04
2026-09-06 11:19:06,819 - Step 18990: ce=3.2244, phys=-0.0002, causal=0.0033, time=-0.0595, norm=0.0501, lr=6.2144e-04
2026-09-06 11:19:33,330 - Step 19000: ce=3.2052, phys=0.0011, causal=0.0202, time=-0.0965, norm=0.0885, lr=6.2124e-04
2026-09-06 11:20:00,060 - Step 19010: ce=3.3831, phys=0.0045, causal=0.0517, time=-0.0802, norm=0.0864, lr=6.2104e-04
2026-09-06 11:20:25,978 - Step 19020: ce=3.1914, phys=-0.0006, causal=0.0000, time=-0.0652, norm=0.0750, lr=6.2084e-04
2026-09-06 11:20:52,462 - Step 19030: ce=3.2025, phys=-0.0006, causal=0.0008, time=-0.0703, norm=0.0684, lr=6.2064e-04
2026-09-06 11:21:19,661 - Step 19040: ce=3.3681, phys=-0.0004, causal=0.0034, time=-0.0837, norm=0.0831, lr=6.2044e-04
2026-09-06 11:21:45,791 - Step 19050: ce=3.1715, phys=-0.0003, causal=0.0049, time=-0.0834, norm=0.0800, lr=6.2024e-04
2026-09-06 11:22:12,841 - Step 19060: ce=3.2024, phys=0.0001, causal=0.0092, time=-0.0866, norm=0.0777, lr=6.2004e-04
2026-09-06 11:22:39,343 - Step 19070: ce=3.1925, phys=-0.0007, causal=0.0000, time=-0.0732, norm=0.0730, lr=6.1984e-04
2026-09-06 11:23:06,220 - Step 19080: ce=3.2912, phys=-0.0006, causal=0.0003, time=-0.0701, norm=0.0682, lr=6.1964e-04
2026-09-06 11:23:32,749 - Step 19090: ce=3.3312, phys=-0.0007, causal=0.0000, time=-0.0828, norm=0.0782, lr=6.1944e-04
2026-09-06 11:23:58,914 - Step 19100: ce=3.1909, phys=-0.0008, causal=0.0000, time=-0.0837, norm=0.0834, lr=6.1924e-04
2026-09-06 11:24:25,609 - Step 19110: ce=3.2464, phys=0.0011, causal=0.0186, time=-0.0893, norm=0.0904, lr=6.1904e-04
2026-09-06 11:24:52,543 - Step 19120: ce=3.2568, phys=-0.0004, causal=0.0021, time=-0.0712, norm=0.0726, lr=6.1884e-04
2026-09-06 11:25:20,136 - Step 19130: ce=3.3250, phys=-0.0007, causal=0.0000, time=-0.0732, norm=0.0730, lr=6.1864e-04
2026-09-06 11:25:47,168 - Step 19140: ce=3.2436, phys=-0.0007, causal=0.0000, time=-0.0732, norm=0.0730, lr=6.1844e-04
2026-09-06 11:26:14,163 - Step 19150: ce=3.4574, phys=-0.0005, causal=0.0022, time=-0.0750, norm=0.0643, lr=6.1824e-04
2026-09-06 11:26:41,381 - Step 19160: ce=3.2321, phys=-0.0007, causal=0.0000, time=-0.0732, norm=0.0730, lr=6.1804e-04
2026-09-06 11:27:07,995 - Step 19170: ce=3.4067, phys=-0.0007, causal=0.0000, time=-0.0732, norm=0.0730, lr=6.1784e-04
2026-09-06 11:27:34,995 - Step 19180: ce=3.2486, phys=-0.0008, causal=0.0000, time=-0.0837, norm=0.0834, lr=6.1764e-04
2026-09-06 11:28:01,876 - Step 19190: ce=3.2760, phys=-0.0003, causal=0.0049, time=-0.0842, norm=0.0733, lr=6.1743e-04
2026-09-06 11:28:28,025 - Step 19200: ce=3.2382, phys=0.0016, causal=0.0242, time=-0.0869, norm=0.0803, lr=6.1723e-04
2026-09-06 11:28:54,446 - Step 19210: ce=3.3676, phys=-0.0004, causal=0.0034, time=-0.0819, norm=0.0873, lr=6.1703e-04
2026-09-06 11:29:21,175 - Step 19220: ce=3.2190, phys=0.0027, causal=0.0344, time=-0.0853, norm=0.0781, lr=6.1683e-04
2026-09-06 11:29:48,006 - Step 19230: ce=3.1122, phys=-0.0003, causal=0.0049, time=-0.0851, norm=0.0812, lr=6.1663e-04
2026-09-06 11:30:14,222 - Step 19240: ce=3.2128, phys=0.0003, causal=0.0101, time=-0.0809, norm=0.0756, lr=6.1643e-04
2026-09-06 11:30:40,953 - Step 19250: ce=3.4549, phys=0.0019, causal=0.0288, time=-0.1108, norm=0.0798, lr=6.1623e-04
2026-09-06 11:31:08,067 - Step 19260: ce=3.4540, phys=-0.0000, causal=0.0060, time=-0.0683, norm=0.0629, lr=6.1603e-04
2026-09-06 11:31:34,871 - Step 19270: ce=3.3758, phys=-0.0006, causal=0.0000, time=-0.0647, norm=0.0635, lr=6.1583e-04
2026-09-06 11:32:01,402 - Step 19280: ce=3.0984, phys=0.0055, causal=0.0633, time=-0.0898, norm=0.0987, lr=6.1563e-04
2026-09-06 11:32:28,140 - Step 19290: ce=3.2366, phys=-0.0007, causal=0.0000, time=-0.0754, norm=0.0741, lr=6.1543e-04
2026-09-06 11:32:54,649 - Step 19300: ce=3.2237, phys=0.0044, causal=0.0522, time=-0.0886, norm=0.0852, lr=6.1523e-04
2026-09-06 11:33:20,766 - Step 19310: ce=3.0853, phys=0.0015, causal=0.0215, time=-0.0740, norm=0.0673, lr=6.1503e-04
2026-09-06 11:33:47,080 - Step 19320: ce=3.3034, phys=0.0047, causal=0.0540, time=-0.0783, norm=0.0861, lr=6.1483e-04
2026-09-06 11:34:13,494 - Step 19330: ce=3.3388, phys=-0.0003, causal=0.0030, time=-0.0711, norm=0.0678, lr=6.1463e-04
2026-09-06 11:34:39,584 - Step 19340: ce=3.3413, phys=-0.0006, causal=0.0000, time=-0.0651, norm=0.0777, lr=6.1443e-04
2026-09-06 11:35:06,354 - Step 19350: ce=3.2708, phys=-0.0007, causal=0.0000, time=-0.0732, norm=0.0730, lr=6.1423e-04
2026-09-06 11:35:32,730 - Step 19360: ce=3.2863, phys=-0.0003, causal=0.0034, time=-0.0713, norm=0.0683, lr=6.1403e-04
2026-09-06 11:35:59,278 - Step 19370: ce=3.4828, phys=-0.0004, causal=0.0019, time=-0.0685, norm=0.0661, lr=6.1383e-04
2026-09-06 11:36:25,887 - Step 19380: ce=3.1795, phys=0.0014, causal=0.0214, time=-0.0782, norm=0.0707, lr=6.1363e-04
2026-09-06 11:36:52,143 - Step 19390: ce=3.1245, phys=-0.0007, causal=0.0000, time=-0.0765, norm=0.0747, lr=6.1343e-04
2026-09-06 11:37:18,654 - Step 19400: ce=3.1857, phys=-0.0004, causal=0.0033, time=-0.0820, norm=0.0717, lr=6.1323e-04
2026-09-06 11:37:45,203 - Step 19410: ce=3.3077, phys=-0.0003, causal=0.0047, time=-0.0796, norm=0.0685, lr=6.1303e-04
2026-09-06 11:38:11,910 - Step 19420: ce=3.2082, phys=-0.0002, causal=0.0030, time=-0.0515, norm=0.0477, lr=6.1283e-04
2026-09-06 11:38:38,642 - Step 19430: ce=3.3063, phys=0.0025, causal=0.0313, time=-0.0690, norm=0.0885, lr=6.1263e-04
2026-09-06 11:39:07,049 - Step 19440: ce=3.2494, phys=-0.0007, causal=0.0000, time=-0.0733, norm=0.0732, lr=6.1242e-04
2026-09-06 11:39:34,626 - Step 19450: ce=3.1896, phys=0.0018, causal=0.0249, time=-0.0706, norm=0.0538, lr=6.1222e-04
2026-09-06 11:40:02,121 - Step 19460: ce=3.2771, phys=0.0006, causal=0.0139, time=-0.0880, norm=0.0784, lr=6.1202e-04
2026-09-06 11:40:29,618 - Step 19470: ce=3.3850, phys=0.0002, causal=0.0083, time=-0.0738, norm=0.0785, lr=6.1182e-04
2026-09-06 11:40:58,008 - Step 19480: ce=3.2972, phys=0.0028, causal=0.0328, time=-0.0516, norm=0.0532, lr=6.1162e-04
2026-09-06 11:41:26,497 - Step 19490: ce=3.3050, phys=-0.0008, causal=0.0000, time=-0.0837, norm=0.0834, lr=6.1142e-04
2026-09-06 11:41:54,286 - Step 19500: ce=3.2079, phys=-0.0005, causal=0.0000, time=-0.0565, norm=0.0546, lr=6.1122e-04
2026-09-06 11:42:22,866 - Step 19510: ce=3.3727, phys=0.0073, causal=0.0791, time=-0.0721, norm=0.0700, lr=6.1102e-04
2026-09-06 11:42:50,698 - Step 19520: ce=3.2107, phys=0.0009, causal=0.0171, time=-0.0868, norm=0.0763, lr=6.1082e-04
2026-09-06 11:43:18,512 - Step 19530: ce=3.3234, phys=-0.0005, causal=0.0015, time=-0.0723, norm=0.0691, lr=6.1062e-04
2026-09-06 11:43:45,921 - Step 19540: ce=3.5179, phys=-0.0007, causal=0.0000, time=-0.0732, norm=0.0808, lr=6.1042e-04
2026-09-06 11:44:13,671 - Step 19550: ce=3.2893, phys=-0.0006, causal=0.0000, time=-0.0686, norm=0.0828, lr=6.1022e-04
2026-09-06 11:44:41,540 - Step 19560: ce=3.2481, phys=-0.0008, causal=0.0000, time=-0.0837, norm=0.0834, lr=6.1002e-04
2026-09-06 11:45:09,787 - Step 19570: ce=3.3642, phys=-0.0007, causal=0.0000, time=-0.0740, norm=0.0743, lr=6.0982e-04
2026-09-06 11:45:37,933 - Step 19580: ce=3.2694, phys=-0.0007, causal=0.0000, time=-0.0755, norm=0.0900, lr=6.0962e-04
2026-09-06 11:46:09,715 - Step 19590: ce=3.3214, phys=-0.0008, causal=0.0000, time=-0.0844, norm=0.0792, lr=6.0942e-04
2026-09-06 11:46:38,527 - Step 19600: ce=3.2545, phys=-0.0006, causal=0.0000, time=-0.0681, norm=0.0654, lr=6.0922e-04
2026-09-06 11:47:07,067 - Step 19610: ce=3.5225, phys=-0.0008, causal=0.0000, time=-0.0837, norm=0.0834, lr=6.0902e-04
2026-09-06 11:47:36,077 - Step 19620: ce=3.5988, phys=-0.0005, causal=0.0008, time=-0.0691, norm=0.0915, lr=6.0882e-04
2026-09-06 11:48:03,535 - Step 19630: ce=3.3428, phys=-0.0006, causal=0.0009, time=-0.0795, norm=0.0769, lr=6.0862e-04
2026-09-06 11:48:30,509 - Step 19640: ce=3.3004, phys=-0.0006, causal=0.0015, time=-0.0822, norm=0.0618, lr=6.0842e-04
2026-09-06 11:48:58,618 - Step 19650: ce=3.5834, phys=-0.0007, causal=0.0000, time=-0.0788, norm=0.0759, lr=6.0822e-04
2026-09-06 11:49:27,032 - Step 19660: ce=3.2810, phys=-0.0001, causal=0.0056, time=-0.0681, norm=0.0619, lr=6.0802e-04
2026-09-06 11:49:54,820 - Step 19670: ce=3.1520, phys=-0.0006, causal=0.0000, time=-0.0651, norm=0.0588, lr=6.0782e-04
2026-09-06 11:50:22,522 - Step 19680: ce=3.2972, phys=-0.0007, causal=0.0000, time=-0.0772, norm=0.0751, lr=6.0762e-04
2026-09-06 11:50:50,763 - Step 19690: ce=3.1693, phys=0.0012, causal=0.0173, time=-0.0583, norm=0.0501, lr=6.0741e-04
2026-09-06 11:51:18,537 - Step 19700: ce=3.1766, phys=0.0011, causal=0.0190, time=-0.0909, norm=0.0883, lr=6.0721e-04
2026-09-06 11:51:47,031 - Step 19710: ce=3.1749, phys=-0.0007, causal=0.0000, time=-0.0732, norm=0.0730, lr=6.0701e-04
2026-09-06 11:52:14,796 - Step 19720: ce=3.5804, phys=-0.0007, causal=0.0000, time=-0.0732, norm=0.0776, lr=6.0681e-04
2026-09-06 11:52:41,345 - Step 19730: ce=3.3559, phys=-0.0008, causal=0.0000, time=-0.0837, norm=0.0834, lr=6.0661e-04
2026-09-06 11:53:09,111 - Step 19740: ce=3.1655, phys=-0.0006, causal=0.0000, time=-0.0640, norm=0.0629, lr=6.0641e-04
2026-09-06 11:53:37,433 - Step 19750: ce=3.2820, phys=0.0000, causal=0.0071, time=-0.0732, norm=0.0697, lr=6.0621e-04
2026-09-06 11:54:05,500 - Step 19760: ce=3.2284, phys=0.0015, causal=0.0223, time=-0.0782, norm=0.0679, lr=6.0601e-04
2026-09-06 11:54:33,795 - Step 19770: ce=3.2372, phys=-0.0004, causal=0.0029, time=-0.0758, norm=0.0688, lr=6.0581e-04
2026-09-06 11:55:02,735 - Step 19780: ce=3.4215, phys=-0.0008, causal=0.0008, time=-0.0938, norm=0.0743, lr=6.0561e-04
2026-09-06 11:55:31,325 - Step 19790: ce=3.1773, phys=-0.0007, causal=0.0000, time=-0.0756, norm=0.0742, lr=6.0541e-04
2026-09-06 11:55:59,697 - Step 19800: ce=3.2293, phys=-0.0006, causal=0.0000, time=-0.0614, norm=0.0588, lr=6.0521e-04
2026-09-06 11:56:28,022 - Step 19810: ce=3.1950, phys=-0.0003, causal=0.0032, time=-0.0656, norm=0.0649, lr=6.0501e-04
2026-09-06 11:56:54,786 - Step 19820: ce=3.1996, phys=-0.0006, causal=0.0000, time=-0.0663, norm=0.0663, lr=6.0481e-04
2026-09-06 11:57:21,533 - Step 19830: ce=3.3514, phys=-0.0006, causal=0.0000, time=-0.0665, norm=0.0784, lr=6.0461e-04
2026-09-06 11:57:48,445 - Step 19840: ce=3.3495, phys=-0.0007, causal=0.0000, time=-0.0732, norm=0.0730, lr=6.0441e-04
2026-09-06 11:58:15,830 - Step 19850: ce=3.1050, phys=0.0014, causal=0.0220, time=-0.0865, norm=0.0814, lr=6.0421e-04
2026-09-06 11:58:44,334 - Step 19860: ce=3.2838, phys=-0.0005, causal=0.0012, time=-0.0710, norm=0.0681, lr=6.0401e-04
2026-09-06 11:59:11,308 - Step 19870: ce=3.4614, phys=-0.0001, causal=0.0053, time=-0.0652, norm=0.0538, lr=6.0381e-04
2026-09-06 11:59:39,482 - Step 19880: ce=3.2776, phys=-0.0008, causal=0.0000, time=-0.0887, norm=0.0775, lr=6.0361e-04
2026-09-06 12:00:07,745 - Step 19890: ce=3.4032, phys=-0.0008, causal=0.0000, time=-0.0837, norm=0.0834, lr=6.0341e-04
2026-09-06 12:00:35,415 - Step 19900: ce=3.2150, phys=-0.0006, causal=0.0000, time=-0.0665, norm=0.0645, lr=6.0321e-04
2026-09-06 12:01:02,808 - Step 19910: ce=3.1224, phys=0.0011, causal=0.0193, time=-0.0918, norm=0.0672, lr=6.0301e-04
2026-09-06 12:01:29,992 - Step 19920: ce=3.1806, phys=0.0009, causal=0.0150, time=-0.0659, norm=0.0589, lr=6.0281e-04
2026-09-06 12:01:56,714 - Step 19930: ce=3.2910, phys=-0.0002, causal=0.0048, time=-0.0726, norm=0.0703, lr=6.0261e-04
2026-09-06 12:02:24,584 - Step 19940: ce=3.2272, phys=0.0005, causal=0.0138, time=-0.0939, norm=0.0891, lr=6.0240e-04
2026-09-06 12:02:52,007 - Step 19950: ce=3.2082, phys=0.0006, causal=0.0145, time=-0.0903, norm=0.0885, lr=6.0220e-04
2026-09-06 12:03:19,456 - Step 19960: ce=3.2641, phys=-0.0008, causal=0.0000, time=-0.0844, norm=0.0792, lr=6.0200e-04
2026-09-06 12:03:45,859 - Step 19970: ce=3.5482, phys=-0.0003, causal=0.0039, time=-0.0709, norm=0.0687, lr=6.0180e-04
2026-09-06 12:04:13,051 - Step 19980: ce=3.1900, phys=0.0003, causal=0.0119, time=-0.0993, norm=0.0813, lr=6.0160e-04
2026-09-06 12:04:40,916 - Step 19990: ce=3.3447, phys=-0.0002, causal=0.0049, time=-0.0735, norm=0.0657, lr=6.0140e-04
2026-09-06 12:05:08,159 - Step 20000: ce=3.2283, phys=0.0017, causal=0.0243, time=-0.0836, norm=0.0805, lr=6.0120e-04
2026-09-06 12:36:59,370 - Best model saved at step 20000 with val loss 2.5952
2026-09-06 12:37:27,406 - Step 20010: ce=3.4105, phys=-0.0004, causal=0.0028, time=-0.0706, norm=0.0622, lr=6.0100e-04
2026-09-06 12:37:54,479 - Step 20020: ce=3.2338, phys=-0.0005, causal=0.0033, time=-0.0915, norm=0.0865, lr=6.0080e-04
2026-09-06 12:38:22,005 - Step 20030: ce=3.1904, phys=-0.0002, causal=0.0049, time=-0.0793, norm=0.0733, lr=6.0060e-04
2026-09-06 12:38:49,458 - Step 20040: ce=3.1793, phys=0.0012, causal=0.0205, time=-0.0924, norm=0.0749, lr=6.0040e-04
2026-09-06 12:39:16,736 - Step 20050: ce=3.3383, phys=0.0002, causal=0.0070, time=-0.0571, norm=0.0582, lr=6.0020e-04
2026-09-06 12:39:43,954 - Step 20060: ce=3.3769, phys=-0.0001, causal=0.0045, time=-0.0622, norm=0.0534, lr=6.0000e-04
2026-09-06 12:40:11,098 - Step 20070: ce=3.2334, phys=-0.0005, causal=0.0000, time=-0.0604, norm=0.0564, lr=5.9980e-04
2026-09-06 12:40:38,755 - Step 20080: ce=3.2139, phys=-0.0007, causal=0.0011, time=-0.0841, norm=0.0791, lr=5.9960e-04
2026-09-06 12:41:06,038 - Step 20090: ce=3.2476, phys=-0.0008, causal=0.0000, time=-0.0910, norm=0.0837, lr=5.9940e-04
2026-09-06 12:41:32,514 - Step 20100: ce=3.2979, phys=0.0004, causal=0.0105, time=-0.0757, norm=0.0667, lr=5.9920e-04
2026-09-06 12:41:59,517 - Step 20110: ce=3.2096, phys=0.0002, causal=0.0088, time=-0.0734, norm=0.0669, lr=5.9900e-04
2026-09-06 12:42:25,752 - Step 20120: ce=3.2841, phys=-0.0004, causal=0.0013, time=-0.0619, norm=0.0587, lr=5.9880e-04
2026-09-06 12:42:51,877 - Step 20130: ce=3.4742, phys=0.0007, causal=0.0125, time=-0.0641, norm=0.0628, lr=5.9860e-04
2026-09-06 12:43:18,115 - Step 20140: ce=3.2393, phys=-0.0008, causal=0.0000, time=-0.0837, norm=0.0834, lr=5.9840e-04
2026-09-06 12:43:44,318 - Step 20150: ce=3.6421, phys=-0.0003, causal=0.0055, time=-0.0903, norm=0.0673, lr=5.9820e-04
2026-09-06 12:44:10,610 - Step 20160: ce=3.0845, phys=0.0018, causal=0.0242, time=-0.0722, norm=0.0696, lr=5.9800e-04
2026-09-06 14:18:31,729 - 训练开始
2026-09-06 14:19:50,145 - Step 10: ce=9.4861, phys=-0.0434, causal=0.0000, time=-0.0871, norm=0.0809, lr=1.0000e-04
2026-09-06 14:21:06,292 - Step 20: ce=8.0580, phys=-0.0199, causal=0.0185, time=-0.0770, norm=0.0670, lr=2.0000e-04
2026-09-06 14:22:22,442 - Step 30: ce=6.2142, phys=-0.0387, causal=0.0000, time=-0.0776, norm=0.0857, lr=3.0000e-04
2026-09-06 14:23:38,313 - Step 40: ce=4.4854, phys=-0.0394, causal=0.0027, time=-0.0845, norm=0.0780, lr=4.0000e-04
2026-09-06 14:24:54,326 - Step 50: ce=4.0494, phys=-0.0345, causal=0.0000, time=-0.0691, norm=0.0659, lr=5.0000e-04
2026-09-06 14:26:10,599 - Step 60: ce=3.9894, phys=-0.0234, causal=0.0002, time=-0.0472, norm=0.0441, lr=6.0000e-04
2026-09-06 14:27:26,503 - Step 70: ce=3.7135, phys=-0.0353, causal=0.0000, time=-0.0707, norm=0.0667, lr=7.0000e-04
2026-09-06 14:28:42,722 - Step 80: ce=3.8880, phys=-0.0239, causal=0.0179, time=-0.0838, norm=0.0692, lr=8.0000e-04
2026-09-06 14:29:58,803 - Step 90: ce=3.5099, phys=0.0053, causal=0.0425, time=-0.0746, norm=0.0778, lr=9.0000e-04
2026-09-06 14:31:15,092 - Step 100: ce=3.5451, phys=-0.0258, causal=0.0216, time=-0.0949, norm=0.0947, lr=1.0000e-03
2026-09-06 14:32:31,379 - Step 110: ce=3.6612, phys=-0.0417, causal=0.0000, time=-0.0837, norm=0.0834, lr=9.9967e-04
2026-09-06 14:33:47,721 - Step 120: ce=3.8032, phys=-0.0322, causal=0.0000, time=-0.0644, norm=0.0634, lr=9.9933e-04
2026-09-06 14:35:04,145 - Step 130: ce=3.9254, phys=-0.0352, causal=0.0051, time=-0.0807, norm=0.0723, lr=9.9900e-04
2026-09-06 14:36:20,358 - Step 140: ce=3.5281, phys=-0.0167, causal=0.0206, time=-0.0748, norm=0.0726, lr=9.9866e-04
2026-09-06 14:37:36,116 - Step 150: ce=3.8254, phys=-0.0442, causal=0.0000, time=-0.0886, norm=0.0655, lr=9.9833e-04
2026-09-06 14:38:52,317 - Step 160: ce=3.5267, phys=-0.0385, causal=0.0000, time=-0.0772, norm=0.0751, lr=9.9799e-04
2026-09-06 14:40:08,700 - Step 170: ce=3.4429, phys=0.0058, causal=0.0492, time=-0.0871, norm=0.0876, lr=9.9766e-04
2026-09-06 14:41:25,305 - Step 180: ce=3.5728, phys=-0.0417, causal=0.0000, time=-0.0837, norm=0.0834, lr=9.9732e-04
2026-09-06 14:42:41,470 - Step 190: ce=3.4090, phys=-0.0390, causal=0.0041, time=-0.0864, norm=0.0822, lr=9.9699e-04
2026-09-06 14:43:56,693 - Step 200: ce=3.4827, phys=-0.0179, causal=0.0222, time=-0.0804, norm=0.0763, lr=9.9666e-04
2026-09-06 14:45:12,377 - Step 210: ce=3.5255, phys=-0.0321, causal=0.0000, time=-0.0644, norm=0.0712, lr=9.9632e-04
2026-09-06 14:46:27,608 - Step 220: ce=3.6554, phys=-0.0276, causal=0.0207, time=-0.0966, norm=0.0780, lr=9.9599e-04
2026-09-06 14:47:43,141 - Step 230: ce=3.8259, phys=-0.0324, causal=0.0000, time=-0.0649, norm=0.0837, lr=9.9565e-04
2026-09-06 14:48:59,319 - Step 240: ce=3.5157, phys=-0.0243, causal=0.0104, time=-0.0695, norm=0.0648, lr=9.9532e-04
2026-09-06 14:50:16,220 - Step 250: ce=3.5650, phys=-0.0365, causal=0.0000, time=-0.0732, norm=0.1023, lr=9.9498e-04
2026-09-06 14:51:32,602 - Step 260: ce=3.4550, phys=-0.0087, causal=0.0353, time=-0.0882, norm=0.0986, lr=9.9465e-04
2026-09-06 14:52:49,043 - Step 270: ce=3.4191, phys=-0.0374, causal=0.0006, time=-0.0762, norm=0.0750, lr=9.9431e-04
2026-09-06 14:54:05,790 - Step 280: ce=3.4696, phys=-0.0255, causal=0.0090, time=-0.0691, norm=0.0666, lr=9.9398e-04
2026-09-06 14:55:22,693 - Step 290: ce=3.6716, phys=-0.0306, causal=0.0052, time=-0.0717, norm=0.0971, lr=9.9365e-04
2026-09-06 14:56:39,172 - Step 300: ce=3.4982, phys=-0.0336, causal=0.0126, time=-0.0925, norm=0.0886, lr=9.9331e-04
2026-09-06 14:57:55,395 - Step 310: ce=3.7483, phys=-0.0350, causal=0.0000, time=-0.0701, norm=0.0743, lr=9.9298e-04
2026-09-06 14:59:12,936 - Step 320: ce=3.7191, phys=-0.0336, causal=0.0000, time=-0.0673, norm=0.0649, lr=9.9264e-04
2026-09-06 15:00:30,541 - Step 330: ce=3.6604, phys=-0.0365, causal=0.0000, time=-0.0732, norm=0.0730, lr=9.9231e-04
2026-09-06 15:01:50,580 - Step 340: ce=4.3773, phys=-0.0364, causal=0.0047, time=-0.0822, norm=0.0644, lr=9.9197e-04
2026-09-06 15:03:11,331 - Step 350: ce=3.7211, phys=-0.0417, causal=0.0000, time=-0.0837, norm=0.0834, lr=9.9164e-04
2026-09-06 15:04:32,554 - Step 360: ce=3.8104, phys=-0.0314, causal=0.0078, time=-0.0786, norm=0.0716, lr=9.9130e-04
2026-09-06 15:05:52,795 - Step 370: ce=3.7046, phys=-0.0225, causal=0.0090, time=-0.0632, norm=0.0883, lr=9.9097e-04
2026-09-06 15:07:12,948 - Step 380: ce=3.9854, phys=-0.0435, causal=0.0000, time=-0.0871, norm=0.0710, lr=9.9064e-04
2026-09-06 15:08:34,115 - Step 390: ce=3.5543, phys=-0.0216, causal=0.0100, time=-0.0632, norm=0.0598, lr=9.9030e-04
2026-09-06 15:09:56,352 - Step 400: ce=3.6203, phys=-0.0339, causal=0.0000, time=-0.0680, norm=0.0652, lr=9.8997e-04
2026-09-06 15:11:21,047 - Step 410: ce=3.4991, phys=-0.0417, causal=0.0000, time=-0.0837, norm=0.0834, lr=9.8963e-04
2026-09-06 15:12:45,330 - Step 420: ce=3.5735, phys=-0.0383, causal=0.0000, time=-0.0768, norm=0.0748, lr=9.8930e-04
2026-09-06 15:14:09,225 - Step 430: ce=3.5195, phys=0.0069, causal=0.0539, time=-0.0943, norm=0.1144, lr=9.8896e-04
2026-09-06 15:15:34,146 - Step 440: ce=3.4736, phys=-0.0363, causal=0.0025, time=-0.0776, norm=0.0715, lr=9.8863e-04
2026-09-06 15:16:56,368 - Step 450: ce=3.4967, phys=-0.0355, causal=0.0000, time=-0.0711, norm=0.0670, lr=9.8829e-04
2026-09-06 15:18:19,468 - Step 460: ce=4.0086, phys=-0.0410, causal=0.0018, time=-0.0857, norm=0.0764, lr=9.8796e-04
2026-09-06 15:19:44,830 - Step 470: ce=3.4619, phys=-0.0183, causal=0.0208, time=-0.0783, norm=0.0806, lr=9.8763e-04
2026-09-06 15:21:09,603 - Step 480: ce=3.5101, phys=-0.0293, causal=0.0000, time=-0.0588, norm=0.0541, lr=9.8729e-04
2026-09-06 15:22:34,826 - Step 490: ce=3.4315, phys=-0.0240, causal=0.0060, time=-0.0602, norm=0.0533, lr=9.8696e-04
2026-09-06 15:23:57,324 - Step 500: ce=3.6137, phys=-0.0347, causal=0.0000, time=-0.0696, norm=0.0914, lr=9.8662e-04
2026-09-06 15:25:23,573 - Step 510: ce=3.5176, phys=-0.0350, causal=0.0025, time=-0.0751, norm=0.0684, lr=9.8629e-04
2026-09-06 15:26:49,951 - Step 520: ce=3.3433, phys=0.0008, causal=0.0494, time=-0.0974, norm=0.0835, lr=9.8595e-04
2026-09-06 15:28:16,888 - Step 530: ce=3.5068, phys=-0.0348, causal=0.0018, time=-0.0734, norm=0.0683, lr=9.8562e-04
2026-09-06 15:29:43,372 - Step 540: ce=3.4405, phys=-0.0367, causal=0.0016, time=-0.0766, norm=0.0762, lr=9.8528e-04
2026-09-06 15:31:09,512 - Step 550: ce=3.4851, phys=-0.0335, causal=0.0000, time=-0.0672, norm=0.0825, lr=9.8495e-04
2026-09-06 15:32:34,779 - Step 560: ce=3.8156, phys=-0.0373, causal=0.0000, time=-0.0746, norm=0.0737, lr=9.8462e-04
2026-09-06 15:33:59,268 - Step 570: ce=3.5312, phys=-0.0257, causal=0.0156, time=-0.0826, norm=0.0706, lr=9.8428e-04
2026-09-06 15:35:24,806 - Step 580: ce=3.4641, phys=-0.0046, causal=0.0336, time=-0.0766, norm=0.0917, lr=9.8395e-04
2026-09-06 15:36:49,834 - Step 590: ce=3.6935, phys=-0.0340, causal=0.0000, time=-0.0681, norm=0.0654, lr=9.8361e-04
2026-09-06 15:38:14,710 - Step 600: ce=3.7292, phys=-0.0331, causal=0.0002, time=-0.0669, norm=0.0680, lr=9.8328e-04
2026-09-06 15:39:37,696 - Step 610: ce=3.8031, phys=-0.0375, causal=0.0000, time=-0.0751, norm=0.0740, lr=9.8294e-04
2026-09-06 15:41:01,065 - Step 620: ce=3.5667, phys=-0.0195, causal=0.0239, time=-0.0869, norm=0.0965, lr=9.8261e-04
2026-09-06 15:42:25,393 - Step 630: ce=3.6048, phys=-0.0413, causal=0.0000, time=-0.0828, norm=0.0782, lr=9.8227e-04
2026-09-06 15:43:49,427 - Step 640: ce=3.9159, phys=-0.0346, causal=0.0000, time=-0.0694, norm=0.0660, lr=9.8194e-04
2026-09-06 15:45:09,755 - Step 650: ce=3.5179, phys=-0.0370, causal=0.0021, time=-0.0784, norm=0.0708, lr=9.8161e-04
2026-09-06 15:46:32,231 - Step 660: ce=3.5094, phys=-0.0238, causal=0.0004, time=-0.0484, norm=0.0399, lr=9.8127e-04
2026-09-06 15:47:56,784 - Step 670: ce=3.4823, phys=-0.0368, causal=0.0032, time=-0.0802, norm=0.0703, lr=9.8094e-04
2026-09-06 15:49:21,385 - Step 680: ce=3.6802, phys=-0.0307, causal=0.0103, time=-0.0822, norm=0.0830, lr=9.8060e-04
2026-09-06 15:50:45,977 - Step 690: ce=3.7701, phys=-0.0339, causal=0.0013, time=-0.0707, norm=0.0673, lr=9.8027e-04
2026-09-06 15:52:13,205 - Step 700: ce=3.4605, phys=-0.0313, causal=0.0000, time=-0.0627, norm=0.0668, lr=9.7993e-04
2026-09-06 15:53:41,297 - Step 710: ce=3.4312, phys=-0.0413, causal=0.0000, time=-0.0828, norm=0.0782, lr=9.7960e-04
2026-09-06 15:55:10,657 - Step 720: ce=3.5426, phys=-0.0417, causal=0.0000, time=-0.0837, norm=0.0834, lr=9.7926e-04
2026-09-06 15:56:44,071 - Step 730: ce=3.4254, phys=-0.0399, causal=0.0000, time=-0.0798, norm=0.0718, lr=9.7893e-04
2026-09-06 15:58:17,373 - Step 740: ce=3.5283, phys=-0.0417, causal=0.0000, time=-0.0837, norm=0.0834, lr=9.7860e-04
2026-09-06 15:59:49,286 - Step 750: ce=3.4989, phys=-0.0348, causal=0.0037, time=-0.0773, norm=0.0766, lr=9.7826e-04
2026-09-06 16:01:25,898 - Step 760: ce=3.5933, phys=-0.0395, causal=0.0000, time=-0.0792, norm=0.0720, lr=9.7793e-04
2026-09-06 16:02:57,442 - Step 770: ce=4.0286, phys=-0.0225, causal=0.0130, time=-0.0712, norm=0.0844, lr=9.7759e-04
2026-09-06 16:04:33,270 - Step 780: ce=3.5845, phys=-0.0311, causal=0.0007, time=-0.0637, norm=0.0601, lr=9.7726e-04
2026-09-06 16:06:04,279 - Step 790: ce=3.4088, phys=-0.0365, causal=0.0000, time=-0.0732, norm=0.0730, lr=9.7692e-04
2026-09-06 16:07:33,960 - Step 800: ce=3.5409, phys=-0.0312, causal=0.0042, time=-0.0709, norm=0.0625, lr=9.7659e-04
2026-09-06 16:08:59,806 - Step 810: ce=3.5976, phys=-0.0276, causal=0.0078, time=-0.0711, norm=0.0675, lr=9.7625e-04
2026-09-06 16:10:28,196 - Step 820: ce=3.4901, phys=-0.0222, causal=0.0141, time=-0.0728, norm=0.0820, lr=9.7592e-04
2026-09-06 16:11:55,273 - Step 830: ce=3.4657, phys=-0.0277, causal=0.0000, time=-0.0556, norm=0.0684, lr=9.7559e-04
2026-09-06 16:13:17,913 - Step 840: ce=3.4707, phys=-0.0368, causal=0.0000, time=-0.0738, norm=0.0767, lr=9.7525e-04
2026-09-06 16:14:41,181 - Step 850: ce=3.4712, phys=-0.0102, causal=0.0271, time=-0.0747, norm=0.0694, lr=9.7492e-04
2026-09-06 16:16:03,690 - Step 860: ce=3.6305, phys=-0.0331, causal=0.0030, time=-0.0724, norm=0.0734, lr=9.7458e-04
2026-09-06 16:17:28,267 - Step 870: ce=3.3569, phys=-0.0314, causal=0.0239, time=-0.1106, norm=0.0939, lr=9.7425e-04
2026-09-06 16:18:55,038 - Step 880: ce=3.5220, phys=-0.0176, causal=0.0209, time=-0.0773, norm=0.0745, lr=9.7391e-04
2026-09-06 16:20:22,961 - Step 890: ce=3.5261, phys=-0.0313, causal=0.0000, time=-0.0627, norm=0.0628, lr=9.7358e-04
2026-09-06 16:21:52,362 - Step 900: ce=3.4617, phys=-0.0292, causal=0.0121, time=-0.0828, norm=0.0770, lr=9.7324e-04
2026-09-06 16:23:25,983 - Step 910: ce=3.4908, phys=-0.0334, causal=0.0160, time=-0.0989, norm=0.0813, lr=9.7291e-04
2026-09-06 16:24:58,506 - Step 920: ce=3.5108, phys=-0.0324, causal=0.0000, time=-0.0648, norm=0.0588, lr=9.7258e-04
2026-09-06 16:26:25,765 - Step 930: ce=3.3647, phys=0.0212, causal=0.0529, time=-0.0634, norm=0.0552, lr=9.7224e-04
2026-09-06 16:27:50,141 - Step 940: ce=3.4321, phys=-0.0403, causal=0.0020, time=-0.0847, norm=0.0779, lr=9.7191e-04
2026-09-06 16:29:22,811 - Step 950: ce=4.0875, phys=-0.0363, causal=0.0000, time=-0.0727, norm=0.0966, lr=9.7157e-04
2026-09-06 16:30:53,386 - Step 960: ce=3.5255, phys=-0.0328, causal=0.0005, time=-0.0667, norm=0.0601, lr=9.7124e-04
2026-09-06 16:32:19,520 - Step 970: ce=3.2638, phys=0.0029, causal=0.0438, time=-0.0820, norm=0.0881, lr=9.7090e-04
2026-09-06 16:33:45,323 - Step 980: ce=3.4552, phys=-0.0417, causal=0.0000, time=-0.0837, norm=0.0834, lr=9.7057e-04
2026-09-06 16:35:10,879 - Step 990: ce=3.4707, phys=-0.0417, causal=0.0000, time=-0.0837, norm=0.0834, lr=9.7023e-04
2026-09-06 16:36:37,359 - Step 1000: ce=3.4247, phys=-0.0345, causal=0.0000, time=-0.0691, norm=0.0659, lr=9.6990e-04
2026-09-06 16:38:03,294 - Step 1010: ce=3.5526, phys=-0.0417, causal=0.0000, time=-0.0837, norm=0.0834, lr=9.6957e-04
2026-09-06 16:39:29,572 - Step 1020: ce=3.5426, phys=-0.0345, causal=0.0000, time=-0.0692, norm=0.0660, lr=9.6923e-04
2026-09-06 16:40:54,687 - Step 1030: ce=3.3572, phys=-0.0417, causal=0.0000, time=-0.0837, norm=0.0834, lr=9.6890e-04
2026-09-06 16:42:19,517 - Step 1040: ce=3.3355, phys=-0.0117, causal=0.0302, time=-0.0841, norm=0.0759, lr=9.6856e-04
2026-09-06 16:43:44,113 - Step 1050: ce=3.6549, phys=-0.0261, causal=0.0000, time=-0.0523, norm=0.0571, lr=9.6823e-04
2026-09-06 16:45:08,533 - Step 1060: ce=3.4873, phys=-0.0313, causal=0.0000, time=-0.0627, norm=0.0626, lr=9.6789e-04
2026-09-06 16:46:34,776 - Step 1070: ce=3.4355, phys=-0.0282, causal=0.0123, time=-0.0811, norm=0.0742, lr=9.6756e-04
2026-09-06 16:48:02,627 - Step 1080: ce=3.4792, phys=-0.0376, causal=0.0008, time=-0.0771, norm=0.0708, lr=9.6722e-04
2026-09-06 16:49:30,571 - Step 1090: ce=3.4665, phys=-0.0352, causal=0.0077, time=-0.0858, norm=0.0842, lr=9.6689e-04
2026-09-06 16:50:57,526 - Step 1100: ce=3.4012, phys=-0.0323, causal=0.0004, time=-0.0655, norm=0.0648, lr=9.6656e-04
2026-09-06 16:52:21,493 - Step 1110: ce=3.5370, phys=-0.0417, causal=0.0000, time=-0.0837, norm=0.0834, lr=9.6622e-04
2026-09-06 16:53:48,584 - Step 1120: ce=3.5116, phys=-0.0355, causal=0.0000, time=-0.0711, norm=0.0913, lr=9.6589e-04
2026-09-06 16:55:18,028 - Step 1130: ce=3.4097, phys=-0.0365, causal=0.0000, time=-0.0732, norm=0.0939, lr=9.6555e-04
2026-09-06 16:56:47,831 - Step 1140: ce=3.4350, phys=-0.0372, causal=0.0034, time=-0.0814, norm=0.0798, lr=9.6522e-04
2026-09-06 16:58:19,274 - Step 1150: ce=3.5139, phys=-0.0271, causal=0.0069, time=-0.0681, norm=0.0584, lr=9.6488e-04
2026-09-06 16:59:51,380 - Step 1160: ce=3.5013, phys=-0.0349, causal=0.0026, time=-0.0751, norm=0.0688, lr=9.6455e-04
2026-09-06 17:01:25,866 - Step 1170: ce=3.5139, phys=-0.0417, causal=0.0000, time=-0.0837, norm=0.0834, lr=9.6421e-04
2026-09-06 17:02:58,290 - Step 1180: ce=3.3682, phys=-0.0335, causal=0.0000, time=-0.0671, norm=0.0710, lr=9.6388e-04
2026-09-06 17:04:35,750 - Step 1190: ce=3.4905, phys=0.0050, causal=0.0453, time=-0.0807, norm=0.0778, lr=9.6355e-04
2026-09-06 17:06:10,663 - Step 1200: ce=3.4539, phys=-0.0358, causal=0.0000, time=-0.0717, norm=0.0674, lr=9.6321e-04
2026-09-06 17:07:42,995 - Step 1210: ce=4.1246, phys=-0.0342, causal=0.0000, time=-0.0685, norm=0.0609, lr=9.6288e-04
2026-09-06 17:09:16,602 - Step 1220: ce=3.3938, phys=-0.0345, causal=0.0000, time=-0.0692, norm=0.0660, lr=9.6254e-04
2026-09-06 17:10:50,710 - Step 1230: ce=3.5787, phys=-0.0269, causal=0.0000, time=-0.0540, norm=0.0691, lr=9.6221e-04
2026-09-06 17:12:20,243 - Step 1240: ce=3.4911, phys=-0.0322, causal=0.0000, time=-0.0644, norm=0.0634, lr=9.6187e-04
2026-09-06 17:13:45,667 - Step 1250: ce=4.0404, phys=-0.0324, causal=0.0000, time=-0.0649, norm=0.0639, lr=9.6154e-04
2026-09-06 17:15:11,795 - Step 1260: ce=3.4622, phys=-0.0205, causal=0.0112, time=-0.0636, norm=0.0837, lr=9.6120e-04
2026-09-06 17:16:39,830 - Step 1270: ce=3.3849, phys=-0.0390, causal=0.0000, time=-0.0781, norm=0.0756, lr=9.6087e-04
2026-09-06 17:18:06,821 - Step 1280: ce=3.6982, phys=-0.0270, causal=0.0037, time=-0.0615, norm=0.0585, lr=9.6054e-04
2026-09-06 17:19:36,807 - Step 1290: ce=3.6482, phys=-0.0135, causal=0.0182, time=-0.0634, norm=0.0507, lr=9.6020e-04
2026-09-06 17:21:07,060 - Step 1300: ce=3.5231, phys=-0.0362, causal=0.0000, time=-0.0726, norm=0.0677, lr=9.5987e-04
2026-09-06 17:22:34,456 - Step 1310: ce=3.7208, phys=-0.0445, causal=0.0046, time=-0.0984, norm=0.0854, lr=9.5953e-04
2026-09-06 17:24:02,576 - Step 1320: ce=3.4398, phys=-0.0374, causal=0.0000, time=-0.0750, norm=0.0759, lr=9.5920e-04
2026-09-06 17:25:34,325 - Step 1330: ce=3.4257, phys=-0.0372, causal=0.0000, time=-0.0746, norm=0.0993, lr=9.5886e-04
2026-09-06 17:27:08,743 - Step 1340: ce=3.4848, phys=-0.0315, causal=0.0000, time=-0.0631, norm=0.0783, lr=9.5853e-04
2026-09-06 17:28:44,943 - Step 1350: ce=3.5322, phys=-0.0388, causal=0.0000, time=-0.0777, norm=0.0753, lr=9.5819e-04
2026-09-06 17:30:12,323 - Step 1360: ce=3.2021, phys=-0.0176, causal=0.0236, time=-0.0824, norm=0.0622, lr=9.5786e-04
2026-09-06 17:31:38,798 - Step 1370: ce=3.4675, phys=-0.0376, causal=0.0000, time=-0.0754, norm=0.0741, lr=9.5753e-04
2026-09-06 17:33:05,058 - Step 1380: ce=3.4525, phys=-0.0340, causal=0.0005, time=-0.0692, norm=0.0660, lr=9.5719e-04
2026-09-06 17:34:36,372 - Step 1390: ce=3.6642, phys=-0.0313, causal=0.0000, time=-0.0627, norm=0.0626, lr=9.5686e-04
2026-09-06 17:36:08,842 - Step 1400: ce=3.5108, phys=-0.0277, causal=0.0019, time=-0.0594, norm=0.0558, lr=9.5652e-04
2026-09-06 17:37:36,271 - Step 1410: ce=3.5473, phys=-0.0361, causal=0.0034, time=-0.0791, norm=0.0707, lr=9.5619e-04
2026-09-06 17:39:05,103 - Step 1420: ce=3.8093, phys=-0.0416, causal=0.0000, time=-0.0834, norm=0.0786, lr=9.5585e-04
2026-09-06 17:40:34,460 - Step 1430: ce=3.5682, phys=-0.0365, causal=0.0000, time=-0.0732, norm=0.1042, lr=9.5552e-04
2026-09-06 17:42:04,202 - Step 1440: ce=3.6163, phys=-0.0370, causal=0.0000, time=-0.0742, norm=0.0735, lr=9.5518e-04
2026-09-06 17:43:39,195 - Step 1450: ce=3.3488, phys=-0.0417, causal=0.0000, time=-0.0837, norm=0.0834, lr=9.5485e-04
2026-09-06 17:45:10,515 - Step 1460: ce=3.3893, phys=-0.0417, causal=0.0000, time=-0.0837, norm=0.0834, lr=9.5452e-04
2026-09-06 17:46:43,026 - Step 1470: ce=3.6010, phys=-0.0383, causal=0.0000, time=-0.0768, norm=0.0748, lr=9.5418e-04
2026-09-06 17:48:18,053 - Step 1480: ce=3.4011, phys=-0.0293, causal=0.0000, time=-0.0588, norm=0.0668, lr=9.5385e-04
2026-09-06 17:49:49,806 - Step 1490: ce=3.5948, phys=-0.0339, causal=0.0039, time=-0.0757, norm=0.0700, lr=9.5351e-04
2026-09-06 17:51:22,794 - Step 1500: ce=3.5485, phys=-0.0346, causal=0.0002, time=-0.0699, norm=0.0669, lr=9.5318e-04
2026-09-06 17:52:56,819 - Step 1510: ce=3.5508, phys=-0.0103, causal=0.0176, time=-0.0557, norm=0.0417, lr=9.5284e-04
2026-09-06 17:54:27,264 - Step 1520: ce=3.3266, phys=-0.0274, causal=0.0157, time=-0.0864, norm=0.0882, lr=9.5251e-04
2026-09-06 17:55:58,254 - Step 1530: ce=3.6218, phys=-0.0240, causal=0.0134, time=-0.0750, norm=0.0932, lr=9.5217e-04
2026-09-06 17:57:35,695 - Step 1540: ce=3.4213, phys=-0.0332, causal=0.0000, time=-0.0665, norm=0.0795, lr=9.5184e-04
2026-09-06 17:59:17,154 - Step 1550: ce=3.4913, phys=0.0432, causal=0.0794, time=-0.0726, norm=0.0815, lr=9.5151e-04
2026-09-06 18:00:57,882 - Step 1560: ce=3.3025, phys=-0.0327, causal=0.0004, time=-0.0662, norm=0.0647, lr=9.5117e-04
2026-09-06 18:02:36,904 - Step 1570: ce=3.5414, phys=-0.0311, causal=0.0069, time=-0.0761, norm=0.0605, lr=9.5084e-04
2026-09-06 18:04:12,992 - Step 1580: ce=3.4957, phys=-0.0349, causal=0.0000, time=-0.0699, norm=0.0689, lr=9.5050e-04
2026-09-06 18:05:48,157 - Step 1590: ce=3.9815, phys=-0.0403, causal=0.0000, time=-0.0807, norm=0.0770, lr=9.5017e-04
2026-09-06 18:07:26,052 - Step 1600: ce=3.6078, phys=-0.0202, causal=0.0082, time=-0.0569, norm=0.0571, lr=9.4983e-04
2026-09-06 18:09:02,529 - Step 1610: ce=3.5782, phys=-0.0279, causal=0.0004, time=-0.0569, norm=0.0575, lr=9.4950e-04
2026-09-06 18:10:36,196 - Step 1620: ce=3.4985, phys=-0.0284, causal=0.0069, time=-0.0707, norm=0.0665, lr=9.4916e-04
2026-09-06 18:12:15,310 - Step 1630: ce=3.4440, phys=-0.0417, causal=0.0000, time=-0.0837, norm=0.0834, lr=9.4883e-04
2026-09-06 18:13:53,040 - Step 1640: ce=3.4239, phys=-0.0271, causal=0.0148, time=-0.0839, norm=0.0748, lr=9.4849e-04
2026-09-06 18:15:31,469 - Step 1650: ce=3.3327, phys=-0.0148, causal=0.0210, time=-0.0717, norm=0.0597, lr=9.4816e-04
2026-09-06 18:17:08,943 - Step 1660: ce=3.5648, phys=-0.0358, causal=0.0000, time=-0.0717, norm=0.0678, lr=9.4783e-04
2026-09-06 18:18:45,960 - Step 1670: ce=3.5912, phys=-0.0240, causal=0.0083, time=-0.0648, norm=0.0559, lr=9.4749e-04
2026-09-06 18:20:22,206 - Step 1680: ce=3.4803, phys=-0.0319, causal=0.0101, time=-0.0841, norm=0.0821, lr=9.4716e-04
2026-09-06 18:21:58,182 - Step 1690: ce=3.9286, phys=-0.0478, causal=0.0000, time=-0.0958, norm=0.0612, lr=9.4682e-04
2026-09-06 18:23:34,154 - Step 1700: ce=3.4920, phys=-0.0367, causal=0.0000, time=-0.0735, norm=0.0683, lr=9.4649e-04
2026-09-06 18:25:09,978 - Step 1710: ce=3.3744, phys=-0.0392, causal=0.0014, time=-0.0813, norm=0.0678, lr=9.4615e-04
2026-09-06 18:26:43,041 - Step 1720: ce=3.4774, phys=-0.0111, causal=0.0297, time=-0.0819, norm=0.0791, lr=9.4582e-04
2026-09-06 18:28:17,438 - Step 1730: ce=3.5150, phys=-0.0326, causal=0.0000, time=-0.0654, norm=0.0690, lr=9.4548e-04
2026-09-06 18:29:52,312 - Step 1740: ce=3.4895, phys=-0.0361, causal=0.0020, time=-0.0765, norm=0.0685, lr=9.4515e-04
2026-09-06 18:31:28,277 - Step 1750: ce=3.6186, phys=-0.0417, causal=0.0000, time=-0.0837, norm=0.0834, lr=9.4482e-04
2026-09-06 18:33:00,637 - Step 1760: ce=3.4984, phys=-0.0359, causal=0.0000, time=-0.0718, norm=0.0673, lr=9.4448e-04
2026-09-06 18:34:32,547 - Step 1770: ce=3.3625, phys=-0.0328, causal=0.0000, time=-0.0656, norm=0.0640, lr=9.4415e-04
2026-09-06 18:36:04,165 - Step 1780: ce=3.5059, phys=-0.0313, causal=0.0052, time=-0.0732, norm=0.0694, lr=9.4381e-04
2026-09-06 18:37:34,299 - Step 1790: ce=3.4211, phys=-0.0521, causal=0.0000, time=-0.1045, norm=0.1042, lr=9.4348e-04
2026-09-06 18:39:02,756 - Step 1800: ce=3.4726, phys=-0.0417, causal=0.0000, time=-0.0837, norm=0.0834, lr=9.4314e-04
2026-09-06 18:40:33,215 - Step 1810: ce=3.4708, phys=-0.0302, causal=0.0067, time=-0.0740, norm=0.0637, lr=9.4281e-04
2026-09-06 18:42:04,468 - Step 1820: ce=3.5485, phys=-0.0294, causal=0.0104, time=-0.0797, norm=0.0859, lr=9.4247e-04
2026-09-06 18:43:36,572 - Step 1830: ce=3.4852, phys=-0.0377, causal=0.0000, time=-0.0756, norm=0.0742, lr=9.4214e-04
2026-09-06 18:45:14,579 - Step 1840: ce=3.2968, phys=-0.0320, causal=0.0074, time=-0.0790, norm=0.0683, lr=9.4181e-04
2026-09-06 18:46:53,775 - Step 1850: ce=3.5849, phys=-0.0375, causal=0.0048, time=-0.0848, norm=0.0799, lr=9.4147e-04
2026-09-06 18:48:31,660 - Step 1860: ce=3.5611, phys=-0.0268, causal=0.0000, time=-0.0537, norm=0.0539, lr=9.4114e-04
2026-09-06 18:50:16,373 - Step 1870: ce=3.4009, phys=-0.0456, causal=0.0009, time=-0.0931, norm=0.0913, lr=9.4080e-04
2026-09-06 18:51:58,674 - Step 1880: ce=3.4570, phys=-0.0417, causal=0.0000, time=-0.0837, norm=0.0834, lr=9.4047e-04
2026-09-06 18:53:38,649 - Step 1890: ce=3.3992, phys=-0.0374, causal=0.0032, time=-0.0813, norm=0.0703, lr=9.4013e-04
2026-09-06 18:55:19,330 - Step 1900: ce=3.5327, phys=-0.0348, causal=0.0000, time=-0.0698, norm=0.0618, lr=9.3980e-04
2026-09-06 18:56:59,859 - Step 1910: ce=3.7749, phys=-0.0431, causal=0.0000, time=-0.0863, norm=0.0678, lr=9.3946e-04
2026-09-06 18:58:43,391 - Step 1920: ce=3.4985, phys=-0.0355, causal=0.0111, time=-0.0935, norm=0.0820, lr=9.3913e-04
2026-09-06 19:00:23,919 - Step 1930: ce=3.4539, phys=-0.0024, causal=0.0416, time=-0.0882, norm=0.0899, lr=9.3880e-04
2026-09-06 19:02:06,220 - Step 1940: ce=3.4587, phys=-0.0357, causal=0.0000, time=-0.0716, norm=0.0672, lr=9.3846e-04
2026-09-06 19:03:48,494 - Step 1950: ce=3.4259, phys=-0.0413, causal=0.0000, time=-0.0828, norm=0.0782, lr=9.3813e-04
2026-09-06 19:05:36,353 - Step 1960: ce=3.7357, phys=-0.0319, causal=0.0037, time=-0.0713, norm=0.0542, lr=9.3779e-04
2026-09-06 19:07:23,852 - Step 1970: ce=3.4451, phys=-0.0475, causal=0.0000, time=-0.0951, norm=0.0871, lr=9.3746e-04
2026-09-06 19:09:09,695 - Step 1980: ce=3.5497, phys=-0.0392, causal=0.0021, time=-0.0828, norm=0.0791, lr=9.3712e-04
2026-09-06 19:10:57,084 - Step 1990: ce=3.5034, phys=-0.0351, causal=0.0070, time=-0.0842, norm=0.0751, lr=9.3679e-04
2026-09-06 19:12:41,675 - Step 2000: ce=3.7017, phys=-0.0377, causal=0.0000, time=-0.0756, norm=0.0742, lr=9.3645e-04
2026-09-06 19:14:23,650 - Step 2010: ce=3.5199, phys=-0.0347, causal=0.0000, time=-0.0696, norm=0.0661, lr=9.3612e-04
2026-09-06 19:16:09,175 - Step 2020: ce=3.4003, phys=-0.0009, causal=0.0474, time=-0.0967, norm=0.0876, lr=9.3579e-04
2026-09-06 19:17:52,954 - Step 2030: ce=3.6204, phys=-0.0381, causal=0.0008, time=-0.0780, norm=0.0784, lr=9.3545e-04
2026-09-06 19:19:33,720 - Step 2040: ce=4.1685, phys=-0.0386, causal=0.0008, time=-0.0790, norm=0.0720, lr=9.3512e-04
2026-09-06 19:21:13,332 - Step 2050: ce=3.9375, phys=-0.0386, causal=0.0000, time=-0.0773, norm=0.0704, lr=9.3478e-04
2026-09-06 19:22:54,391 - Step 2060: ce=3.4808, phys=-0.0417, causal=0.0000, time=-0.0837, norm=0.0834, lr=9.3445e-04
2026-09-06 19:24:34,291 - Step 2070: ce=3.6637, phys=-0.0435, causal=0.0000, time=-0.0872, norm=0.0663, lr=9.3411e-04
2026-09-06 19:26:17,000 - Step 2080: ce=3.4628, phys=-0.0404, causal=0.0008, time=-0.0825, norm=0.0770, lr=9.3378e-04
2026-09-06 19:27:57,120 - Step 2090: ce=3.4337, phys=-0.0377, causal=0.0000, time=-0.0756, norm=0.0742, lr=9.3344e-04
2026-09-06 19:29:41,981 - Step 2100: ce=3.5370, phys=-0.0296, causal=0.0000, time=-0.0592, norm=0.0557, lr=9.3311e-04
2026-09-06 19:31:24,524 - Step 2110: ce=3.6444, phys=-0.0303, causal=0.0004, time=-0.0614, norm=0.0555, lr=9.3278e-04
2026-09-06 19:33:02,925 - Step 2120: ce=3.5763, phys=-0.0324, causal=0.0000, time=-0.0649, norm=0.0641, lr=9.3244e-04
2026-09-06 19:34:40,854 - Step 2130: ce=3.8583, phys=-0.0417, causal=0.0000, time=-0.0837, norm=0.0834, lr=9.3211e-04
2026-09-06 19:36:22,962 - Step 2140: ce=3.5207, phys=-0.0365, causal=0.0000, time=-0.0732, norm=0.0730, lr=9.3177e-04
2026-09-06 19:38:02,033 - Step 2150: ce=3.4473, phys=-0.0418, causal=0.0000, time=-0.0838, norm=0.0788, lr=9.3144e-04
2026-09-06 19:39:42,336 - Step 2160: ce=3.6282, phys=-0.0287, causal=0.0037, time=-0.0649, norm=0.0598, lr=9.3110e-04
2026-09-06 19:41:21,327 - Step 2170: ce=3.4861, phys=-0.0378, causal=0.0052, time=-0.0860, norm=0.0691, lr=9.3077e-04
2026-09-06 19:43:02,757 - Step 2180: ce=3.5263, phys=-0.0222, causal=0.0107, time=-0.0659, norm=0.0807, lr=9.3043e-04
2026-09-06 19:44:46,540 - Step 2190: ce=3.5603, phys=-0.0297, causal=0.0006, time=-0.0607, norm=0.0578, lr=9.3010e-04
2026-09-06 19:46:29,352 - Step 2200: ce=3.4216, phys=-0.0272, causal=0.0131, time=-0.0807, norm=0.0689, lr=9.2977e-04
2026-09-06 19:48:10,929 - Step 2210: ce=3.6137, phys=-0.0330, causal=0.0006, time=-0.0673, norm=0.0644, lr=9.2943e-04
2026-09-06 19:49:52,663 - Step 2220: ce=3.4821, phys=-0.0325, causal=0.0108, time=-0.0868, norm=0.0829, lr=9.2910e-04
2026-09-06 19:51:35,665 - Step 2230: ce=3.5584, phys=-0.0363, causal=0.0082, time=-0.0892, norm=0.0911, lr=9.2876e-04
2026-09-06 19:53:24,831 - Step 2240: ce=3.6164, phys=-0.0306, causal=0.0068, time=-0.0749, norm=0.0635, lr=9.2843e-04
2026-09-06 19:55:09,906 - Step 2250: ce=3.7268, phys=-0.0440, causal=0.0058, time=-0.0997, norm=0.0799, lr=9.2809e-04
2026-09-06 19:56:50,459 - Step 2260: ce=3.6061, phys=-0.0297, causal=0.0107, time=-0.0809, norm=0.0763, lr=9.2776e-04
2026-09-06 19:58:35,108 - Step 2270: ce=4.1635, phys=-0.0338, causal=0.0000, time=-0.0677, norm=0.0664, lr=9.2742e-04
2026-09-06 20:00:17,612 - Step 2280: ce=3.6232, phys=-0.0404, causal=0.0024, time=-0.0859, norm=0.0788, lr=9.2709e-04
2026-09-06 20:01:58,300 - Step 2290: ce=3.5288, phys=-0.0105, causal=0.0328, time=-0.0866, norm=0.0921, lr=9.2676e-04
2026-09-06 20:03:44,715 - Step 2300: ce=3.5363, phys=-0.0343, causal=0.0091, time=-0.0870, norm=0.0806, lr=9.2642e-04
2026-09-06 20:05:27,635 - Step 2310: ce=3.4047, phys=-0.0417, causal=0.0000, time=-0.0837, norm=0.0834, lr=9.2609e-04
2026-09-06 20:07:14,447 - Step 2320: ce=3.6120, phys=0.0265, causal=0.0657, time=-0.0788, norm=0.0971, lr=9.2575e-04
2026-09-06 20:08:56,185 - Step 2330: ce=3.2913, phys=-0.0367, causal=0.0000, time=-0.0736, norm=0.0684, lr=9.2542e-04
2026-09-06 20:10:42,309 - Step 2340: ce=3.8121, phys=-0.0365, causal=0.0000, time=-0.0732, norm=0.0730, lr=9.2508e-04
2026-09-06 20:12:29,625 - Step 2350: ce=3.5631, phys=-0.0417, causal=0.0000, time=-0.0837, norm=0.0834, lr=9.2475e-04
2026-09-06 20:14:17,320 - Step 2360: ce=3.4888, phys=-0.0417, causal=0.0000, time=-0.0837, norm=0.0834, lr=9.2441e-04
2026-09-06 20:16:08,400 - Step 2370: ce=3.4556, phys=-0.0299, causal=0.0149, time=-0.0898, norm=0.0766, lr=9.2408e-04
2026-09-06 20:17:57,190 - Step 2380: ce=3.5582, phys=-0.0376, causal=0.0000, time=-0.0754, norm=0.0741, lr=9.2375e-04
2026-09-06 20:19:49,027 - Step 2390: ce=3.4948, phys=-0.0340, causal=0.0000, time=-0.0681, norm=0.0654, lr=9.2341e-04
2026-09-06 20:21:40,606 - Step 2400: ce=3.5933, phys=-0.0291, causal=0.0070, time=-0.0724, norm=0.0738, lr=9.2308e-04
2026-09-06 20:23:31,342 - Step 2410: ce=4.3996, phys=-0.0365, causal=0.0000, time=-0.0732, norm=0.0730, lr=9.2274e-04
2026-09-06 20:25:21,551 - Step 2420: ce=3.6603, phys=-0.0392, causal=0.0000, time=-0.0785, norm=0.0714, lr=9.2241e-04
2026-09-06 20:27:08,713 - Step 2430: ce=3.9343, phys=-0.0341, causal=0.0018, time=-0.0719, norm=0.0672, lr=9.2207e-04
2026-09-06 20:28:54,987 - Step 2440: ce=3.5209, phys=-0.0291, causal=0.0090, time=-0.0763, norm=0.0704, lr=9.2174e-04
2026-09-06 20:30:41,571 - Step 2450: ce=3.4540, phys=-0.0372, causal=0.0013, time=-0.0771, norm=0.0680, lr=9.2140e-04
2026-09-06 20:32:31,679 - Step 2460: ce=3.5516, phys=-0.0065, causal=0.0365, time=-0.0863, norm=0.0836, lr=9.2107e-04
2026-09-06 20:34:23,771 - Step 2470: ce=3.6801, phys=-0.0309, causal=0.0000, time=-0.0619, norm=0.0571, lr=9.2074e-04
2026-09-06 20:36:14,787 - Step 2480: ce=3.7008, phys=-0.0352, causal=0.0000, time=-0.0705, norm=0.0620, lr=9.2040e-04
2026-09-06 20:38:04,627 - Step 2490: ce=3.5341, phys=-0.0219, causal=0.0066, time=-0.0572, norm=0.0445, lr=9.2007e-04
2026-09-06 20:39:52,832 - Step 2500: ce=3.7708, phys=-0.0339, causal=0.0000, time=-0.0680, norm=0.0652, lr=9.1973e-04
2026-09-06 20:41:39,967 - Step 2510: ce=3.7493, phys=-0.0365, causal=0.0000, time=-0.0732, norm=0.0730, lr=9.1940e-04
2026-09-06 20:43:27,379 - Step 2520: ce=3.6485, phys=-0.0406, causal=0.0000, time=-0.0814, norm=0.0774, lr=9.1906e-04
2026-09-06 20:45:21,993 - Step 2530: ce=3.6299, phys=-0.0340, causal=0.0000, time=-0.0682, norm=0.0654, lr=9.1873e-04
2026-09-06 20:47:18,377 - Step 2540: ce=3.6037, phys=-0.0304, causal=0.0091, time=-0.0791, norm=0.0693, lr=9.1839e-04
2026-09-06 20:49:09,222 - Step 2550: ce=3.5760, phys=-0.0219, causal=0.0149, time=-0.0737, norm=0.0701, lr=9.1806e-04
2026-09-06 20:51:06,424 - Step 2560: ce=3.6664, phys=-0.0193, causal=0.0072, time=-0.0531, norm=0.0435, lr=9.1773e-04
2026-09-06 20:53:01,544 - Step 2570: ce=3.9181, phys=-0.0339, causal=0.0048, time=-0.0776, norm=0.0780, lr=9.1739e-04
2026-09-06 20:54:51,954 - Step 2580: ce=3.6423, phys=-0.0280, causal=0.0163, time=-0.0888, norm=0.0885, lr=9.1706e-04
2026-09-06 20:56:41,650 - Step 2590: ce=3.8073, phys=-0.0348, causal=0.0057, time=-0.0813, norm=0.0787, lr=9.1672e-04
2026-09-06 20:58:31,955 - Step 2600: ce=3.7209, phys=-0.0243, causal=0.0149, time=-0.0786, norm=0.0779, lr=9.1639e-04
2026-09-06 21:00:28,204 - Step 2610: ce=3.4368, phys=-0.0389, causal=0.0000, time=-0.0779, norm=0.0754, lr=9.1605e-04
2026-09-06 21:02:21,013 - Step 2620: ce=3.5709, phys=-0.0379, causal=0.0006, time=-0.0772, norm=0.0754, lr=9.1572e-04
2026-09-06 21:04:18,441 - Step 2630: ce=3.5383, phys=-0.0313, causal=0.0000, time=-0.0627, norm=0.0626, lr=9.1538e-04
2026-09-06 21:06:16,322 - Step 2640: ce=3.5206, phys=-0.0278, causal=0.0000, time=-0.0556, norm=0.0489, lr=9.1505e-04
2026-09-06 21:08:11,029 - Step 2650: ce=3.4688, phys=-0.0287, causal=0.0095, time=-0.0767, norm=0.0878, lr=9.1472e-04
2026-09-06 21:10:07,770 - Step 2660: ce=3.4859, phys=-0.0384, causal=0.0008, time=-0.0786, norm=0.0759, lr=9.1438e-04
2026-09-06 21:12:06,799 - Step 2670: ce=3.6291, phys=-0.0366, causal=0.0000, time=-0.0734, norm=0.0734, lr=9.1405e-04
2026-09-06 21:14:02,592 - Step 2680: ce=3.6305, phys=-0.0365, causal=0.0000, time=-0.0732, norm=0.0842, lr=9.1371e-04
2026-09-06 21:15:56,105 - Step 2690: ce=3.6672, phys=-0.0332, causal=0.0072, time=-0.0809, norm=0.0831, lr=9.1338e-04
2026-09-06 21:17:48,756 - Step 2700: ce=3.6727, phys=-0.0409, causal=0.0055, time=-0.0929, norm=0.0632, lr=9.1304e-04
2026-09-06 21:19:43,414 - Step 2710: ce=3.4635, phys=-0.0365, causal=0.0000, time=-0.0732, norm=0.0730, lr=9.1271e-04
2026-09-06 21:21:42,312 - Step 2720: ce=3.5447, phys=-0.0290, causal=0.0000, time=-0.0582, norm=0.0569, lr=9.1237e-04
2026-09-06 21:23:39,727 - Step 2730: ce=3.7376, phys=-0.0285, causal=0.0005, time=-0.0581, norm=0.0699, lr=9.1204e-04
2026-09-06 21:25:33,954 - Step 2740: ce=3.6144, phys=-0.0455, causal=0.0028, time=-0.0968, norm=0.0808, lr=9.1171e-04
2026-09-06 21:27:25,470 - Step 2750: ce=3.6583, phys=-0.0365, causal=0.0000, time=-0.0732, norm=0.0808, lr=9.1137e-04
2026-09-06 21:29:18,266 - Step 2760: ce=3.6636, phys=-0.0411, causal=0.0000, time=-0.0823, norm=0.0686, lr=9.1104e-04
2026-09-06 21:31:12,860 - Step 2770: ce=3.8074, phys=-0.0496, causal=0.0055, time=-0.1105, norm=0.1163, lr=9.1070e-04
2026-09-06 21:33:12,747 - Step 2780: ce=3.5748, phys=-0.0384, causal=0.0000, time=-0.0770, norm=0.0749, lr=9.1037e-04
2026-09-06 21:35:11,260 - Step 2790: ce=3.6541, phys=-0.0361, causal=0.0000, time=-0.0724, norm=0.0676, lr=9.1003e-04
2026-09-06 21:37:09,048 - Step 2800: ce=3.5967, phys=-0.0190, causal=0.0241, time=-0.0865, norm=0.0830, lr=9.0970e-04
2026-09-06 21:39:09,050 - Step 2810: ce=3.6766, phys=-0.0359, causal=0.0048, time=-0.0815, norm=0.0762, lr=9.0936e-04
2026-09-06 21:41:10,159 - Step 2820: ce=3.6336, phys=-0.0296, causal=0.0031, time=-0.0656, norm=0.0612, lr=9.0903e-04
2026-09-06 21:43:13,291 - Step 2830: ce=3.9648, phys=-0.0269, causal=0.0016, time=-0.0573, norm=0.0448, lr=9.0870e-04
2026-09-06 21:45:14,977 - Step 2840: ce=3.9691, phys=-0.0384, causal=0.0015, time=-0.0800, norm=0.0777, lr=9.0836e-04
2026-09-06 21:47:17,984 - Step 2850: ce=3.6779, phys=-0.0238, causal=0.0155, time=-0.0787, norm=0.0731, lr=9.0803e-04
2026-09-06 21:49:24,816 - Step 2860: ce=3.7070, phys=-0.0230, causal=0.0000, time=-0.0461, norm=0.0439, lr=9.0769e-04
2026-09-06 21:51:26,730 - Step 2870: ce=3.6697, phys=-0.0330, causal=0.0024, time=-0.0711, norm=0.0620, lr=9.0736e-04
2026-09-06 21:53:22,584 - Step 2880: ce=3.8316, phys=-0.0332, causal=0.0014, time=-0.0692, norm=0.0660, lr=9.0702e-04
2026-09-06 21:55:26,673 - Step 2890: ce=3.8902, phys=0.0233, causal=0.0596, time=-0.0727, norm=0.0735, lr=9.0669e-04
2026-09-06 21:57:27,565 - Step 2900: ce=3.5265, phys=0.0024, causal=0.0387, time=-0.0728, norm=0.0927, lr=9.0635e-04
2026-09-06 21:59:28,599 - Step 2910: ce=3.6555, phys=-0.0293, causal=0.0104, time=-0.0795, norm=0.0731, lr=9.0602e-04
2026-09-06 22:01:26,767 - Step 2920: ce=3.5166, phys=-0.0388, causal=0.0000, time=-0.0777, norm=0.0753, lr=9.0569e-04
2026-09-06 22:03:24,539 - Step 2930: ce=3.9897, phys=-0.0218, causal=0.0214, time=-0.0866, norm=0.0743, lr=9.0535e-04
2026-09-06 22:05:17,676 - Step 2940: ce=3.7379, phys=-0.0327, causal=0.0000, time=-0.0656, norm=0.0779, lr=9.0502e-04
2026-09-06 22:07:19,657 - Step 2950: ce=3.6261, phys=-0.0370, causal=0.0000, time=-0.0741, norm=0.0792, lr=9.0468e-04
2026-09-06 22:09:17,658 - Step 2960: ce=3.7163, phys=-0.0359, causal=0.0045, time=-0.0809, norm=0.0734, lr=9.0435e-04
2026-09-06 22:11:25,420 - Step 2970: ce=3.6316, phys=-0.0379, causal=0.0000, time=-0.0759, norm=0.0700, lr=9.0401e-04
2026-09-06 22:13:31,972 - Step 2980: ce=3.7935, phys=-0.0340, causal=0.0065, time=-0.0811, norm=0.0708, lr=9.0368e-04
2026-09-06 22:15:45,914 - Step 2990: ce=3.6485, phys=-0.0385, causal=0.0000, time=-0.0772, norm=0.0751, lr=9.0334e-04
2026-09-06 22:17:53,763 - Step 3000: ce=3.7820, phys=-0.0258, causal=0.0017, time=-0.0552, norm=0.0491, lr=9.0301e-04
2026-09-06 22:19:53,092 - Step 3010: ce=3.6515, phys=-0.0403, causal=0.0000, time=-0.0807, norm=0.0770, lr=9.0268e-04
2026-09-06 22:22:05,698 - Step 3020: ce=3.7838, phys=-0.0341, causal=0.0054, time=-0.0792, norm=0.0711, lr=9.0234e-04
2026-09-06 22:24:09,565 - Step 3030: ce=3.9577, phys=-0.0338, causal=0.0000, time=-0.0677, norm=0.0651, lr=9.0201e-04
2026-09-06 22:26:28,196 - Step 3040: ce=3.7610, phys=-0.0229, causal=0.0000, time=-0.0458, norm=0.0498, lr=9.0167e-04
2026-09-06 22:28:41,203 - Step 3050: ce=3.9041, phys=-0.0341, causal=0.0000, time=-0.0683, norm=0.0784, lr=9.0134e-04
2026-09-06 22:30:51,351 - Step 3060: ce=3.7710, phys=-0.0406, causal=0.0016, time=-0.0845, norm=0.0959, lr=9.0100e-04
2026-09-06 22:32:57,302 - Step 3070: ce=3.6889, phys=-0.0417, causal=0.0000, time=-0.0837, norm=0.0834, lr=9.0067e-04
2026-09-06 22:35:04,668 - Step 3080: ce=3.8727, phys=-0.0261, causal=0.0083, time=-0.0689, norm=0.0649, lr=9.0033e-04
2026-09-06 22:37:16,901 - Step 3090: ce=4.0528, phys=-0.0336, causal=0.0000, time=-0.0674, norm=0.0963, lr=9.0000e-04
2026-09-06 22:39:24,305 - Step 3100: ce=3.8990, phys=-0.0373, causal=0.0000, time=-0.0746, norm=0.0737, lr=8.9967e-04
2026-09-06 22:41:24,312 - Step 3110: ce=3.8202, phys=-0.0417, causal=0.0000, time=-0.0837, norm=0.0834, lr=8.9933e-04
2026-09-06 22:43:33,288 - Step 3120: ce=3.8366, phys=-0.0306, causal=0.0023, time=-0.0659, norm=0.0722, lr=8.9900e-04
2026-09-06 22:45:44,375 - Step 3130: ce=3.9044, phys=-0.0402, causal=0.0058, time=-0.0921, norm=0.0853, lr=8.9866e-04
2026-09-06 22:47:50,358 - Step 3140: ce=4.1184, phys=-0.0373, causal=0.0007, time=-0.0761, norm=0.0685, lr=8.9833e-04
2026-09-06 22:49:57,444 - Step 3150: ce=3.8327, phys=-0.0368, causal=0.0000, time=-0.0738, norm=0.0687, lr=8.9799e-04
2026-09-06 22:52:01,190 - Step 3160: ce=3.7440, phys=-0.0394, causal=0.0012, time=-0.0815, norm=0.0769, lr=8.9766e-04
2026-09-06 22:54:12,824 - Step 3170: ce=3.6295, phys=-0.0417, causal=0.0000, time=-0.0837, norm=0.0834, lr=8.9732e-04
2026-09-06 22:56:23,231 - Step 3180: ce=3.7526, phys=-0.0417, causal=0.0000, time=-0.0837, norm=0.0834, lr=8.9699e-04
2026-09-06 22:58:33,619 - Step 3190: ce=4.1991, phys=-0.0278, causal=0.0000, time=-0.0557, norm=0.0539, lr=8.9666e-04
2026-09-06 23:00:38,686 - Step 3200: ce=3.8928, phys=-0.0313, causal=0.0000, time=-0.0627, norm=0.0801, lr=8.9632e-04
2026-09-06 23:02:42,911 - Step 3210: ce=3.8985, phys=-0.0377, causal=0.0000, time=-0.0756, norm=0.0694, lr=8.9599e-04
2026-09-06 23:04:53,155 - Step 3220: ce=4.4657, phys=-0.0502, causal=0.0000, time=-0.1007, norm=0.0940, lr=8.9565e-04
2026-09-06 23:07:04,430 - Step 3230: ce=3.8068, phys=-0.0399, causal=0.0026, time=-0.0851, norm=0.0795, lr=8.9532e-04
2026-09-06 23:09:14,347 - Step 3240: ce=3.7351, phys=-0.0365, causal=0.0000, time=-0.0732, norm=0.0730, lr=8.9498e-04
2026-09-06 23:11:20,931 - Step 3250: ce=4.0405, phys=-0.0347, causal=0.0000, time=-0.0696, norm=0.0661, lr=8.9465e-04
2026-09-06 23:13:28,908 - Step 3260: ce=3.9081, phys=-0.0362, causal=0.0034, time=-0.0794, norm=0.0794, lr=8.9431e-04
2026-09-06 23:15:38,957 - Step 3270: ce=3.8128, phys=-0.0426, causal=0.0052, time=-0.0958, norm=0.0827, lr=8.9398e-04
2026-09-06 23:17:55,784 - Step 3280: ce=3.9973, phys=-0.0361, causal=0.0030, time=-0.0784, norm=0.0670, lr=8.9365e-04
2026-09-06 23:20:05,535 - Step 3290: ce=3.8001, phys=-0.0450, causal=0.0007, time=-0.0914, norm=0.0783, lr=8.9331e-04
2026-09-06 23:22:15,594 - Step 3300: ce=3.7949, phys=-0.0365, causal=0.0000, time=-0.0732, norm=0.0817, lr=8.9298e-04
2026-09-06 23:24:25,987 - Step 3310: ce=4.4057, phys=-0.0234, causal=0.0123, time=-0.0714, norm=0.0727, lr=8.9264e-04
2026-09-06 23:26:43,630 - Step 3320: ce=3.9509, phys=-0.0154, causal=0.0160, time=-0.0631, norm=0.0568, lr=8.9231e-04
2026-09-06 23:28:53,683 - Step 3330: ce=3.9570, phys=-0.0365, causal=0.0000, time=-0.0732, norm=0.0808, lr=8.9197e-04
2026-09-06 23:31:01,316 - Step 3340: ce=4.0118, phys=-0.0382, causal=0.0012, time=-0.0789, norm=0.0767, lr=8.9164e-04
2026-09-06 23:33:22,165 - Step 3350: ce=3.9439, phys=-0.0218, causal=0.0071, time=-0.0580, norm=0.0570, lr=8.9130e-04
2026-09-06 23:35:40,027 - Step 3360: ce=3.9144, phys=-0.0239, causal=0.0227, time=-0.0934, norm=0.0829, lr=8.9097e-04
2026-09-06 23:37:58,552 - Step 3370: ce=4.1096, phys=-0.0481, causal=0.0038, time=-0.1040, norm=0.0896, lr=8.9064e-04
2026-09-06 23:40:17,575 - Step 3380: ce=3.8560, phys=-0.0349, causal=0.0053, time=-0.0805, norm=0.0756, lr=8.9030e-04
2026-09-06 23:42:36,450 - Step 3390: ce=3.9322, phys=-0.0412, causal=0.0030, time=-0.0885, norm=0.1054, lr=8.8997e-04
2026-09-06 23:44:57,218 - Step 3400: ce=3.8241, phys=-0.0237, causal=0.0093, time=-0.0663, norm=0.0792, lr=8.8963e-04
2026-09-06 23:47:12,843 - Step 3410: ce=4.1865, phys=-0.0380, causal=0.0000, time=-0.0761, norm=0.0745, lr=8.8930e-04
2026-09-06 23:49:33,504 - Step 3420: ce=3.9428, phys=-0.0417, causal=0.0000, time=-0.0837, norm=0.0834, lr=8.8896e-04
2026-09-06 23:51:47,785 - Step 3430: ce=3.7856, phys=-0.0365, causal=0.0000, time=-0.0732, norm=0.0730, lr=8.8863e-04
2026-09-06 23:54:05,167 - Step 3440: ce=3.7853, phys=-0.0482, causal=0.0008, time=-0.0982, norm=0.0982, lr=8.8829e-04
2026-09-06 23:56:20,223 - Step 3450: ce=4.0182, phys=-0.0340, causal=0.0039, time=-0.0758, norm=0.0691, lr=8.8796e-04
2026-09-06 23:58:30,348 - Step 3460: ce=4.0388, phys=-0.0234, causal=0.0060, time=-0.0588, norm=0.0841, lr=8.8763e-04
2026-09-07 00:00:47,050 - Step 3470: ce=4.1447, phys=-0.0245, causal=0.0000, time=-0.0491, norm=0.0471, lr=8.8729e-04
2026-09-07 00:03:04,204 - Step 3480: ce=4.1110, phys=-0.0197, causal=0.0175, time=-0.0746, norm=0.0698, lr=8.8696e-04
2026-09-07 00:05:27,177 - Step 3490: ce=4.1271, phys=-0.0277, causal=0.0002, time=-0.0560, norm=0.0683, lr=8.8662e-04
2026-09-07 00:07:47,098 - Step 3500: ce=4.1568, phys=-0.0316, causal=0.0145, time=-0.0924, norm=0.0787, lr=8.8629e-04
2026-09-07 00:10:02,942 - Step 3510: ce=4.1843, phys=-0.0382, causal=0.0000, time=-0.0766, norm=0.0977, lr=8.8595e-04
2026-09-07 00:12:22,924 - Step 3520: ce=4.2120, phys=-0.0395, causal=0.0009, time=-0.0809, norm=0.0763, lr=8.8562e-04
2026-09-07 00:14:44,701 - Step 3530: ce=4.2348, phys=-0.0049, causal=0.0329, time=-0.0758, norm=0.0830, lr=8.8528e-04
2026-09-07 00:17:00,286 - Step 3540: ce=4.0901, phys=-0.0028, causal=0.0339, time=-0.0737, norm=0.0774, lr=8.8495e-04
2026-09-07 00:19:21,225 - Step 3550: ce=4.1117, phys=-0.0465, causal=0.0000, time=-0.0931, norm=0.0740, lr=8.8462e-04
2026-09-07 00:21:47,252 - Step 3560: ce=4.1271, phys=-0.0417, causal=0.0000, time=-0.0837, norm=0.0834, lr=8.8428e-04
2026-09-07 00:24:08,335 - Step 3570: ce=4.1123, phys=-0.0376, causal=0.0026, time=-0.0806, norm=0.0702, lr=8.8395e-04
2026-09-07 00:26:36,295 - Step 3580: ce=4.0588, phys=-0.0348, causal=0.0008, time=-0.0714, norm=0.0665, lr=8.8361e-04
2026-09-07 00:29:03,087 - Step 3590: ce=4.0495, phys=-0.0329, causal=0.0000, time=-0.0658, norm=0.0641, lr=8.8328e-04
2026-09-07 00:31:26,528 - Step 3600: ce=4.1094, phys=-0.0353, causal=0.0000, time=-0.0707, norm=0.0829, lr=8.8294e-04
2026-09-07 00:33:56,957 - Step 3610: ce=4.0415, phys=-0.0367, causal=0.0000, time=-0.0736, norm=0.0905, lr=8.8261e-04
2026-09-07 00:36:22,962 - Step 3620: ce=4.0837, phys=-0.0158, causal=0.0278, time=-0.0873, norm=0.0825, lr=8.8227e-04
2026-09-07 00:38:54,545 - Step 3630: ce=4.3004, phys=0.0085, causal=0.0364, time=-0.0560, norm=0.0604, lr=8.8194e-04
2026-09-07 00:41:16,961 - Step 3640: ce=4.1348, phys=-0.0317, causal=0.0049, time=-0.0732, norm=0.0699, lr=8.8161e-04
2026-09-07 00:43:49,771 - Step 3650: ce=4.1955, phys=-0.0202, causal=0.0077, time=-0.0560, norm=0.0515, lr=8.8127e-04
2026-09-07 00:46:24,137 - Step 3660: ce=4.2481, phys=-0.0417, causal=0.0000, time=-0.0837, norm=0.0834, lr=8.8094e-04
2026-09-07 00:48:52,590 - Step 3670: ce=4.3183, phys=-0.0374, causal=0.0003, time=-0.0755, norm=0.0748, lr=8.8060e-04
2026-09-07 00:51:17,390 - Step 3680: ce=4.3939, phys=-0.0475, causal=0.0016, time=-0.0983, norm=0.0882, lr=8.8027e-04
2026-09-07 00:53:54,264 - Step 3690: ce=4.3975, phys=-0.0408, causal=0.0011, time=-0.0841, norm=0.0798, lr=8.7993e-04
2026-09-07 00:56:38,199 - Step 3700: ce=4.3560, phys=-0.0392, causal=0.0008, time=-0.0800, norm=0.0681, lr=8.7960e-04
2026-09-07 00:59:15,058 - Step 3710: ce=4.4858, phys=-0.0417, causal=0.0000, time=-0.0837, norm=0.0834, lr=8.7926e-04
2026-09-07 01:01:47,947 - Step 3720: ce=4.4097, phys=-0.0237, causal=0.0123, time=-0.0721, norm=0.0664, lr=8.7893e-04
2026-09-07 01:04:24,899 - Step 3730: ce=4.3159, phys=-0.0402, causal=0.0030, time=-0.0865, norm=0.0789, lr=8.7860e-04
2026-09-07 01:07:08,613 - Step 3740: ce=5.1547, phys=-0.0378, causal=0.0048, time=-0.0854, norm=0.0800, lr=8.7826e-04
2026-09-07 01:09:44,581 - Step 3750: ce=4.4353, phys=-0.0365, causal=0.0000, time=-0.0732, norm=0.0730, lr=8.7793e-04
2026-09-07 01:12:30,753 - Step 3760: ce=4.5772, phys=-0.0326, causal=0.0000, time=-0.0654, norm=0.0815, lr=8.7759e-04
2026-09-07 01:15:17,402 - Step 3770: ce=4.7147, phys=-0.0425, causal=0.0000, time=-0.0852, norm=0.0764, lr=8.7726e-04
2026-09-07 01:17:57,587 - Step 3780: ce=4.5240, phys=-0.0388, causal=0.0000, time=-0.0777, norm=0.0753, lr=8.7692e-04
2026-09-07 01:20:43,126 - Step 3790: ce=4.6438, phys=-0.0302, causal=0.0119, time=-0.0843, norm=0.0785, lr=8.7659e-04
2026-09-07 01:23:20,154 - Step 3800: ce=4.7342, phys=-0.0486, causal=0.0000, time=-0.0974, norm=0.0884, lr=8.7625e-04
2026-09-07 01:25:47,583 - Step 3810: ce=4.5143, phys=-0.0048, causal=0.0262, time=-0.0621, norm=0.0903, lr=8.7592e-04
2026-09-07 01:28:23,565 - Step 3820: ce=4.6886, phys=-0.0365, causal=0.0000, time=-0.0732, norm=0.0730, lr=8.7559e-04
2026-09-07 01:31:00,365 - Step 3830: ce=4.6464, phys=-0.0381, causal=0.0037, time=-0.0837, norm=0.0777, lr=8.7525e-04
2026-09-07 01:33:48,290 - Step 3840: ce=4.5790, phys=-0.0349, causal=0.0007, time=-0.0714, norm=0.0784, lr=8.7492e-04
2026-09-07 01:36:25,139 - Step 3850: ce=4.6981, phys=-0.0417, causal=0.0000, time=-0.0837, norm=0.0834, lr=8.7458e-04
2026-09-07 01:39:11,075 - Step 3860: ce=4.7658, phys=-0.0365, causal=0.0000, time=-0.0732, norm=0.0765, lr=8.7425e-04
2026-09-07 01:41:54,173 - Step 3870: ce=4.6943, phys=-0.0417, causal=0.0000, time=-0.0837, norm=0.0834, lr=8.7391e-04
2026-09-07 01:44:40,259 - Step 3880: ce=4.6028, phys=-0.0389, causal=0.0000, time=-0.0779, norm=0.0754, lr=8.7358e-04
2026-09-07 01:47:30,839 - Step 3890: ce=4.7022, phys=-0.0332, causal=0.0023, time=-0.0710, norm=0.0683, lr=8.7324e-04
2026-09-07 01:50:27,340 - Step 3900: ce=4.5929, phys=-0.0262, causal=0.0081, time=-0.0687, norm=0.0657, lr=8.7291e-04
2026-09-07 01:53:21,634 - Step 3910: ce=4.7216, phys=-0.0306, causal=0.0016, time=-0.0646, norm=0.0588, lr=8.7258e-04
2026-09-07 01:56:00,205 - Step 3920: ce=4.6849, phys=-0.0377, causal=0.0000, time=-0.0756, norm=0.0742, lr=8.7224e-04
2026-09-07 01:58:46,106 - Step 3930: ce=4.7883, phys=-0.0369, causal=0.0053, time=-0.0845, norm=0.0993, lr=8.7191e-04
2026-09-07 02:01:42,481 - Step 3940: ce=4.7512, phys=-0.0417, causal=0.0000, time=-0.0837, norm=0.0834, lr=8.7157e-04
2026-09-07 02:04:35,638 - Step 3950: ce=5.2908, phys=-0.0310, causal=0.0024, time=-0.0669, norm=0.0659, lr=8.7124e-04
2026-09-07 02:07:15,542 - Step 3960: ce=4.8204, phys=-0.0417, causal=0.0000, time=-0.0837, norm=0.0834, lr=8.7090e-04
2026-09-07 02:09:59,410 - Step 3970: ce=4.7117, phys=-0.0270, causal=0.0087, time=-0.0714, norm=0.0651, lr=8.7057e-04
2026-09-07 02:12:44,447 - Step 3980: ce=4.8404, phys=-0.0417, causal=0.0000, time=-0.0837, norm=0.0834, lr=8.7023e-04
2026-09-07 02:15:25,870 - Step 3990: ce=4.8356, phys=-0.0285, causal=0.0195, time=-0.0962, norm=0.0935, lr=8.6990e-04
2026-09-07 02:18:19,301 - Step 4000: ce=4.7262, phys=-0.0356, causal=0.0070, time=-0.0854, norm=0.0834, lr=8.6957e-04
2026-09-07 02:21:06,725 - Step 4010: ce=4.7561, phys=-0.0341, causal=0.0000, time=-0.0683, norm=0.0655, lr=8.6923e-04
2026-09-07 02:23:52,064 - Step 4020: ce=4.7523, phys=-0.0373, causal=0.0000, time=-0.0746, norm=0.0737, lr=8.6890e-04
2026-09-07 02:26:39,198 - Step 4030: ce=4.8429, phys=-0.0325, causal=0.0000, time=-0.0651, norm=0.0638, lr=8.6856e-04
2026-09-07 02:29:29,925 - Step 4040: ce=4.5885, phys=-0.0035, causal=0.0340, time=-0.0751, norm=0.0707, lr=8.6823e-04
2026-09-07 02:32:15,955 - Step 4050: ce=4.6891, phys=-0.0357, causal=0.0000, time=-0.0715, norm=0.0672, lr=8.6789e-04
2026-09-07 02:35:02,724 - Step 4060: ce=4.6575, phys=-0.0298, causal=0.0113, time=-0.0822, norm=0.0826, lr=8.6756e-04
2026-09-07 02:37:40,322 - Step 4070: ce=4.7466, phys=-0.0228, causal=0.0011, time=-0.0480, norm=0.0597, lr=8.6722e-04
2026-09-07 02:40:27,817 - Step 4080: ce=4.6523, phys=-0.0005, causal=0.0364, time=-0.0741, norm=0.0785, lr=8.6689e-04
2026-09-07 02:43:10,578 - Step 4090: ce=4.7286, phys=-0.0373, causal=0.0036, time=-0.0819, norm=0.0775, lr=8.6656e-04
2026-09-07 02:45:59,402 - Step 4100: ce=5.1768, phys=-0.0274, causal=0.0007, time=-0.0563, norm=0.0542, lr=8.6622e-04
2026-09-07 02:48:44,553 - Step 4110: ce=4.7583, phys=-0.0417, causal=0.0000, time=-0.0837, norm=0.0834, lr=8.6589e-04
2026-09-07 02:51:37,982 - Step 4120: ce=4.8367, phys=-0.0228, causal=0.0068, time=-0.0593, norm=0.0707, lr=8.6555e-04
2026-09-07 02:54:22,909 - Step 4130: ce=4.7159, phys=-0.0361, causal=0.0000, time=-0.0724, norm=0.0676, lr=8.6522e-04
2026-09-07 02:57:11,995 - Step 4140: ce=4.6954, phys=-0.0295, causal=0.0088, time=-0.0768, norm=0.0847, lr=8.6488e-04
2026-09-07 03:00:07,379 - Step 4150: ce=4.7123, phys=-0.0349, causal=0.0029, time=-0.0759, norm=0.0691, lr=8.6455e-04
2026-09-07 03:03:00,141 - Step 4160: ce=4.9011, phys=-0.0417, causal=0.0000, time=-0.0837, norm=0.0834, lr=8.6421e-04
2026-09-07 03:05:43,640 - Step 4170: ce=4.7005, phys=-0.0319, causal=0.0000, time=-0.0640, norm=0.0632, lr=8.6388e-04
2026-09-07 03:08:29,945 - Step 4180: ce=4.6069, phys=-0.0221, causal=0.0179, time=-0.0802, norm=0.0804, lr=8.6355e-04
2026-09-07 03:11:23,923 - Step 4190: ce=4.7046, phys=-0.0328, causal=0.0000, time=-0.0658, norm=0.0780, lr=8.6321e-04
2026-09-07 03:14:09,299 - Step 4200: ce=4.6272, phys=-0.0412, causal=0.0000, time=-0.0826, norm=0.0781, lr=8.6288e-04
2026-09-07 03:17:11,194 - Step 4210: ce=4.6897, phys=-0.0354, causal=0.0006, time=-0.0720, norm=0.0611, lr=8.6254e-04
2026-09-07 03:20:00,730 - Step 4220: ce=4.5686, phys=0.0079, causal=0.0367, time=-0.0576, norm=0.0625, lr=8.6221e-04
2026-09-07 03:22:53,589 - Step 4230: ce=4.6815, phys=-0.0373, causal=0.0000, time=-0.0746, norm=0.0737, lr=8.6187e-04
2026-09-07 03:25:42,984 - Step 4240: ce=4.7173, phys=-0.0417, causal=0.0000, time=-0.0837, norm=0.0834, lr=8.6154e-04
2026-09-07 03:28:32,091 - Step 4250: ce=4.7643, phys=-0.0070, causal=0.0173, time=-0.0488, norm=0.0816, lr=8.6120e-04
2026-09-07 03:31:32,667 - Step 4260: ce=4.7056, phys=-0.0355, causal=0.0003, time=-0.0717, norm=0.0676, lr=8.6087e-04
2026-09-07 03:34:19,291 - Step 4270: ce=4.6942, phys=-0.0487, causal=0.0023, time=-0.1020, norm=0.0831, lr=8.6054e-04
2026-09-07 03:37:05,839 - Step 4280: ce=4.5862, phys=0.0300, causal=0.0681, time=-0.0764, norm=0.0882, lr=8.6020e-04
2026-09-07 03:39:49,909 - Step 4290: ce=4.7680, phys=-0.0375, causal=0.0003, time=-0.0757, norm=0.0746, lr=8.5987e-04
2026-09-07 03:42:42,808 - Step 4300: ce=4.7869, phys=-0.0310, causal=0.0000, time=-0.0622, norm=0.0679, lr=8.5953e-04
2026-09-07 03:45:45,589 - Step 4310: ce=4.6870, phys=-0.0314, causal=0.0020, time=-0.0670, norm=0.0860, lr=8.5920e-04
2026-09-07 03:48:34,984 - Step 4320: ce=4.7460, phys=-0.0184, causal=0.0262, time=-0.0894, norm=0.0834, lr=8.5886e-04
2026-09-07 03:51:21,523 - Step 4330: ce=4.7511, phys=-0.0287, causal=0.0000, time=-0.0576, norm=0.0507, lr=8.5853e-04
2026-09-07 03:54:14,003 - Step 4340: ce=4.6827, phys=-0.0417, causal=0.0000, time=-0.0837, norm=0.0834, lr=8.5819e-04
2026-09-07 03:57:03,882 - Step 4350: ce=4.7262, phys=-0.0350, causal=0.0049, time=-0.0799, norm=0.0741, lr=8.5786e-04
2026-09-07 03:59:54,178 - Step 4360: ce=4.9212, phys=-0.0345, causal=0.0059, time=-0.0811, norm=0.0692, lr=8.5753e-04
2026-09-07 04:02:44,467 - Step 4370: ce=4.7460, phys=-0.0318, causal=0.0012, time=-0.0662, norm=0.0606, lr=8.5719e-04
2026-09-07 04:05:31,439 - Step 4380: ce=4.6141, phys=-0.0223, causal=0.0156, time=-0.0758, norm=0.0701, lr=8.5686e-04
2026-09-07 04:08:19,819 - Step 4390: ce=4.7133, phys=-0.0468, causal=0.0000, time=-0.0939, norm=0.0860, lr=8.5652e-04
2026-09-07 04:11:02,959 - Step 4400: ce=4.7550, phys=-0.0417, causal=0.0000, time=-0.0837, norm=0.0834, lr=8.5619e-04
2026-09-07 04:13:51,700 - Step 4410: ce=4.6913, phys=-0.0356, causal=0.0014, time=-0.0740, norm=0.0664, lr=8.5585e-04
2026-09-07 04:16:41,282 - Step 4420: ce=4.6536, phys=-0.0342, causal=0.0000, time=-0.0685, norm=0.0655, lr=8.5552e-04
2026-09-07 04:19:37,588 - Step 4430: ce=4.7232, phys=-0.0370, causal=0.0000, time=-0.0742, norm=0.0735, lr=8.5518e-04
2026-09-07 04:22:32,464 - Step 4440: ce=4.7143, phys=-0.0372, causal=0.0040, time=-0.0826, norm=0.0831, lr=8.5485e-04
2026-09-07 04:25:28,130 - Step 4450: ce=4.7444, phys=-0.0348, causal=0.0019, time=-0.0735, norm=0.0690, lr=8.5452e-04
2026-09-07 04:28:25,857 - Step 4460: ce=4.7585, phys=-0.0341, causal=0.0000, time=-0.0683, norm=0.0757, lr=8.5418e-04
2026-09-07 04:31:17,928 - Step 4470: ce=4.7217, phys=-0.0239, causal=0.0133, time=-0.0745, norm=0.0672, lr=8.5385e-04
2026-09-07 04:34:16,435 - Step 4480: ce=4.6402, phys=-0.0129, causal=0.0190, time=-0.0638, norm=0.0577, lr=8.5351e-04
2026-09-07 04:37:07,931 - Step 4490: ce=4.7781, phys=-0.0415, causal=0.0000, time=-0.0832, norm=0.0785, lr=8.5318e-04
2026-09-07 04:40:07,880 - Step 4500: ce=4.7378, phys=-0.0391, causal=0.0000, time=-0.0783, norm=0.0757, lr=8.5284e-04
2026-09-07 04:42:58,391 - Step 4510: ce=4.6637, phys=0.0123, causal=0.0510, time=-0.0775, norm=0.0877, lr=8.5251e-04
2026-09-07 04:45:45,489 - Step 4520: ce=4.7718, phys=-0.0417, causal=0.0000, time=-0.0837, norm=0.0834, lr=8.5217e-04
2026-09-07 04:48:26,916 - Step 4530: ce=4.6898, phys=-0.0417, causal=0.0000, time=-0.0837, norm=0.0834, lr=8.5184e-04
2026-09-07 04:51:14,964 - Step 4540: ce=4.9140, phys=-0.0256, causal=0.0112, time=-0.0737, norm=0.0635, lr=8.5151e-04
2026-09-07 04:54:10,769 - Step 4550: ce=4.6610, phys=-0.0383, causal=0.0055, time=-0.0879, norm=0.0753, lr=8.5117e-04
2026-09-07 04:56:57,311 - Step 4560: ce=4.5631, phys=-0.0113, causal=0.0362, time=-0.0952, norm=0.1007, lr=8.5084e-04
2026-09-07 04:59:49,782 - Step 4570: ce=4.8336, phys=-0.0373, causal=0.0000, time=-0.0746, norm=0.0737, lr=8.5050e-04
2026-09-07 05:02:39,312 - Step 4580: ce=4.7349, phys=-0.0417, causal=0.0000, time=-0.0837, norm=0.0834, lr=8.5017e-04
2026-09-07 05:05:29,894 - Step 4590: ce=4.9026, phys=-0.0417, causal=0.0000, time=-0.0837, norm=0.0834, lr=8.4983e-04
2026-09-07 05:08:24,021 - Step 4600: ce=4.7083, phys=-0.0320, causal=0.0014, time=-0.0671, norm=0.0967, lr=8.4950e-04
2026-09-07 05:11:17,891 - Step 4610: ce=4.7344, phys=-0.0341, causal=0.0042, time=-0.0768, norm=0.0652, lr=8.4916e-04
2026-09-07 05:14:07,804 - Step 4620: ce=4.6541, phys=-0.0380, causal=0.0057, time=-0.0876, norm=0.0824, lr=8.4883e-04
2026-09-07 05:16:52,099 - Step 4630: ce=4.7208, phys=-0.0466, causal=0.0000, time=-0.0934, norm=0.0761, lr=8.4849e-04
2026-09-07 05:19:30,469 - Step 4640: ce=4.6259, phys=0.0080, causal=0.0497, time=-0.0835, norm=0.0992, lr=8.4816e-04
2026-09-07 05:22:11,658 - Step 4650: ce=4.7509, phys=-0.0248, causal=0.0000, time=-0.0498, norm=0.0462, lr=8.4783e-04
2026-09-07 05:24:54,563 - Step 4660: ce=4.6807, phys=-0.0419, causal=0.0017, time=-0.0872, norm=0.0788, lr=8.4749e-04
2026-09-07 05:27:36,828 - Step 4670: ce=4.8572, phys=-0.0380, causal=0.0009, time=-0.0779, norm=0.0768, lr=8.4716e-04
2026-09-07 05:30:23,232 - Step 4680: ce=4.6599, phys=-0.0151, causal=0.0107, time=-0.0517, norm=0.0447, lr=8.4682e-04
2026-09-07 05:33:08,234 - Step 4690: ce=4.7667, phys=-0.0418, causal=0.0000, time=-0.0838, norm=0.0788, lr=8.4649e-04
2026-09-07 05:35:57,153 - Step 4700: ce=4.5211, phys=-0.0277, causal=0.0112, time=-0.0780, norm=0.0557, lr=8.4615e-04
2026-09-07 05:38:45,311 - Step 4710: ce=4.6975, phys=-0.0417, causal=0.0000, time=-0.0837, norm=0.0834, lr=8.4582e-04
2026-09-07 05:41:28,422 - Step 4720: ce=4.8368, phys=-0.0322, causal=0.0021, time=-0.0688, norm=0.0719, lr=8.4548e-04
2026-09-07 05:44:07,912 - Step 4730: ce=4.7086, phys=-0.0417, causal=0.0000, time=-0.0837, norm=0.0834, lr=8.4515e-04
2026-09-07 05:46:53,205 - Step 4740: ce=4.6384, phys=-0.0367, causal=0.0000, time=-0.0735, norm=0.0593, lr=8.4482e-04
2026-09-07 05:49:34,344 - Step 4750: ce=5.1112, phys=-0.0383, causal=0.0000, time=-0.0768, norm=0.0818, lr=8.4448e-04
2026-09-07 05:52:32,305 - Step 4760: ce=4.7138, phys=-0.0322, causal=0.0024, time=-0.0692, norm=0.0665, lr=8.4415e-04
2026-09-07 05:55:23,255 - Step 4770: ce=4.7098, phys=-0.0401, causal=0.0034, time=-0.0873, norm=0.0831, lr=8.4381e-04
2026-09-07 05:58:13,698 - Step 4780: ce=4.8356, phys=-0.0314, causal=0.0000, time=-0.0630, norm=0.0635, lr=8.4348e-04
2026-09-07 06:01:08,796 - Step 4790: ce=4.7117, phys=-0.0245, causal=0.0022, time=-0.0535, norm=0.0473, lr=8.4314e-04
2026-09-07 06:03:47,820 - Step 4800: ce=4.7240, phys=0.0019, causal=0.0461, time=-0.0887, norm=0.0941, lr=8.4281e-04
2026-09-07 06:06:37,028 - Step 4810: ce=4.7113, phys=-0.0317, causal=0.0056, time=-0.0748, norm=0.0707, lr=8.4247e-04
2026-09-07 06:09:18,475 - Step 4820: ce=4.7281, phys=-0.0159, causal=0.0216, time=-0.0750, norm=0.0778, lr=8.4214e-04
2026-09-07 06:12:00,229 - Step 4830: ce=4.7634, phys=-0.0417, causal=0.0000, time=-0.0837, norm=0.0834, lr=8.4181e-04
2026-09-07 06:14:45,149 - Step 4840: ce=4.9081, phys=-0.0417, causal=0.0000, time=-0.0837, norm=0.0834, lr=8.4147e-04
2026-09-07 06:17:24,381 - Step 4850: ce=4.8950, phys=-0.0268, causal=0.0000, time=-0.0537, norm=0.0793, lr=8.4114e-04
2026-09-07 06:20:08,541 - Step 4860: ce=4.6375, phys=-0.0210, causal=0.0072, time=-0.0564, norm=0.0499, lr=8.4080e-04
2026-09-07 06:22:50,461 - Step 4870: ce=4.6601, phys=-0.0417, causal=0.0000, time=-0.0837, norm=0.0834, lr=8.4047e-04
2026-09-07 06:25:34,792 - Step 4880: ce=4.7491, phys=-0.0369, causal=0.0047, time=-0.0835, norm=0.0831, lr=8.4013e-04
2026-09-07 06:28:22,004 - Step 4890: ce=4.7433, phys=-0.0358, causal=0.0000, time=-0.0717, norm=0.0672, lr=8.3980e-04
2026-09-07 06:31:01,509 - Step 4900: ce=4.6897, phys=-0.0364, causal=0.0043, time=-0.0817, norm=0.0784, lr=8.3946e-04
2026-09-07 06:33:43,673 - Step 4910: ce=4.6844, phys=-0.0076, causal=0.0333, time=-0.0820, norm=0.0822, lr=8.3913e-04
2026-09-07 06:36:23,607 - Step 4920: ce=4.7373, phys=-0.0417, causal=0.0000, time=-0.0837, norm=0.0834, lr=8.3880e-04
2026-09-07 06:39:05,209 - Step 4930: ce=4.7066, phys=-0.0431, causal=0.0006, time=-0.0875, norm=0.0736, lr=8.3846e-04
2026-09-07 06:41:48,713 - Step 4940: ce=4.6867, phys=-0.0362, causal=0.0007, time=-0.0740, norm=0.0631, lr=8.3813e-04
2026-09-07 06:44:28,480 - Step 4950: ce=5.3379, phys=-0.0313, causal=0.0000, time=-0.0627, norm=0.0626, lr=8.3779e-04
2026-09-07 06:47:07,470 - Step 4960: ce=4.8435, phys=-0.0365, causal=0.0000, time=-0.0732, norm=0.0829, lr=8.3746e-04
2026-09-07 06:49:41,734 - Step 4970: ce=4.6966, phys=-0.0417, causal=0.0000, time=-0.0837, norm=0.0834, lr=8.3712e-04
2026-09-07 06:52:07,869 - Step 4980: ce=5.1441, phys=-0.0386, causal=0.0000, time=-0.0774, norm=0.0752, lr=8.3679e-04
2026-09-07 06:54:43,018 - Step 4990: ce=4.7459, phys=-0.0373, causal=0.0000, time=-0.0748, norm=0.0689, lr=8.3645e-04
2026-09-07 06:57:17,074 - Step 5000: ce=4.5356, phys=-0.0156, causal=0.0204, time=-0.0721, norm=0.0636, lr=8.3612e-04
2026-09-07 10:21:37,035 - Best model saved at step 5000 with val loss 3.7231
2026-09-07 10:24:15,009 - Step 5010: ce=4.7448, phys=-0.0298, causal=0.0074, time=-0.0746, norm=0.0709, lr=8.3579e-04
2026-09-07 10:26:52,608 - Step 5020: ce=4.6974, phys=-0.0304, causal=0.0006, time=-0.0620, norm=0.0573, lr=8.3545e-04
2026-09-07 10:29:36,592 - Step 5030: ce=4.6834, phys=-0.0318, causal=0.0066, time=-0.0770, norm=0.0940, lr=8.3512e-04
2026-09-07 10:32:18,011 - Step 5040: ce=4.6712, phys=-0.0423, causal=0.0000, time=-0.0848, norm=0.0757, lr=8.3478e-04
2026-09-07 10:34:59,781 - Step 5050: ce=4.5278, phys=-0.0018, causal=0.0412, time=-0.0860, norm=0.0767, lr=8.3445e-04
2026-09-07 10:37:40,592 - Step 5060: ce=4.5917, phys=-0.0166, causal=0.0165, time=-0.0665, norm=0.0692, lr=8.3411e-04
2026-09-07 10:40:19,897 - Step 5070: ce=4.6875, phys=-0.0282, causal=0.0000, time=-0.0564, norm=0.0611, lr=8.3378e-04
2026-09-07 10:42:57,461 - Step 5080: ce=4.7180, phys=-0.0227, causal=0.0096, time=-0.0647, norm=0.0547, lr=8.3344e-04
2026-09-07 10:45:39,220 - Step 5090: ce=4.5073, phys=0.0065, causal=0.0534, time=-0.0939, norm=0.0912, lr=8.3311e-04
2026-09-07 10:48:15,007 - Step 5100: ce=4.7244, phys=-0.0144, causal=0.0177, time=-0.0643, norm=0.0607, lr=8.3278e-04
2026-09-07 10:50:48,835 - Step 5110: ce=4.6536, phys=-0.0417, causal=0.0000, time=-0.0837, norm=0.0834, lr=8.3244e-04
2026-09-07 10:53:26,174 - Step 5120: ce=4.7981, phys=-0.0377, causal=0.0000, time=-0.0756, norm=0.0742, lr=8.3211e-04
2026-09-07 10:56:18,513 - Step 5130: ce=4.8441, phys=-0.0347, causal=0.0091, time=-0.0877, norm=0.0847, lr=8.3177e-04
2026-09-07 10:59:14,078 - Step 5140: ce=4.6884, phys=-0.0289, causal=0.0139, time=-0.0857, norm=0.0799, lr=8.3144e-04
2026-09-07 11:02:23,470 - Step 5150: ce=4.6645, phys=-0.0287, causal=0.0090, time=-0.0756, norm=0.0719, lr=8.3110e-04
2026-09-07 11:05:34,234 - Step 5160: ce=4.7596, phys=-0.0311, causal=0.0010, time=-0.0644, norm=0.0648, lr=8.3077e-04
2026-09-07 11:08:45,623 - Step 5170: ce=4.7485, phys=-0.0269, causal=0.0080, time=-0.0700, norm=0.0939, lr=8.3043e-04
2026-09-07 11:11:58,564 - Step 5180: ce=4.6236, phys=-0.0276, causal=0.0195, time=-0.0944, norm=0.0843, lr=8.3010e-04
2026-09-07 11:15:12,452 - Step 5190: ce=4.5803, phys=-0.0207, causal=0.0124, time=-0.0664, norm=0.0557, lr=8.2977e-04
2026-09-07 11:18:28,222 - Step 5200: ce=5.1168, phys=-0.0259, causal=0.0129, time=-0.0778, norm=0.0745, lr=8.2943e-04
2026-09-07 11:21:49,788 - Step 5210: ce=4.4870, phys=-0.0129, causal=0.0330, time=-0.0920, norm=0.0733, lr=8.2910e-04
2026-09-07 11:24:56,214 - Step 5220: ce=4.6606, phys=-0.0379, causal=0.0000, time=-0.0760, norm=0.0696, lr=8.2876e-04
2026-09-07 11:28:07,699 - Step 5230: ce=4.6957, phys=-0.0310, causal=0.0042, time=-0.0705, norm=0.0636, lr=8.2843e-04
2026-09-07 11:31:15,576 - Step 5240: ce=4.6323, phys=0.0265, causal=0.0577, time=-0.0626, norm=0.0748, lr=8.2809e-04
2026-09-07 11:34:08,368 - Step 5250: ce=4.7048, phys=-0.0398, causal=0.0009, time=-0.0817, norm=0.0791, lr=8.2776e-04
2026-09-07 11:36:54,183 - Step 5260: ce=4.7434, phys=-0.0317, causal=0.0000, time=-0.0636, norm=0.0581, lr=8.2742e-04
2026-09-07 11:39:31,740 - Step 5270: ce=4.7753, phys=-0.0330, causal=0.0000, time=-0.0661, norm=0.0693, lr=8.2709e-04
2026-09-07 11:42:11,377 - Step 5280: ce=4.6004, phys=0.0345, causal=0.0741, time=-0.0793, norm=0.0896, lr=8.2676e-04
2026-09-07 11:45:10,915 - Step 5290: ce=4.6622, phys=-0.0352, causal=0.0068, time=-0.0842, norm=0.0820, lr=8.2642e-04
2026-09-07 11:48:04,477 - Step 5300: ce=4.6984, phys=-0.0360, causal=0.0000, time=-0.0722, norm=0.0677, lr=8.2609e-04
2026-09-07 11:50:57,114 - Step 5310: ce=4.5599, phys=0.0043, causal=0.0274, time=-0.0463, norm=0.0587, lr=8.2575e-04
2026-09-07 11:53:52,390 - Step 5320: ce=4.8422, phys=-0.0443, causal=0.0000, time=-0.0888, norm=0.0821, lr=8.2542e-04
2026-09-07 11:56:33,894 - Step 5330: ce=4.8344, phys=-0.0375, causal=0.0004, time=-0.0759, norm=0.0743, lr=8.2508e-04
2026-09-07 11:59:05,029 - Step 5340: ce=4.6175, phys=-0.0417, causal=0.0000, time=-0.0837, norm=0.0834, lr=8.2475e-04
2026-09-07 12:01:56,767 - Step 5350: ce=4.6466, phys=-0.0417, causal=0.0000, time=-0.0837, norm=0.0834, lr=8.2441e-04
2026-09-07 12:04:45,997 - Step 5360: ce=4.9590, phys=-0.0371, causal=0.0000, time=-0.0744, norm=0.0736, lr=8.2408e-04
2026-09-07 12:07:38,152 - Step 5370: ce=4.6924, phys=-0.0279, causal=0.0000, time=-0.0559, norm=0.0556, lr=8.2375e-04
2026-09-07 12:10:27,015 - Step 5380: ce=4.6611, phys=-0.0295, causal=0.0034, time=-0.0658, norm=0.0613, lr=8.2341e-04
2026-09-07 12:13:07,715 - Step 5390: ce=4.7739, phys=-0.0330, causal=0.0063, time=-0.0787, norm=0.0716, lr=8.2308e-04
2026-09-07 12:15:47,441 - Step 5400: ce=4.6394, phys=-0.0282, causal=0.0053, time=-0.0672, norm=0.0616, lr=8.2274e-04
2026-09-07 12:18:34,311 - Step 5410: ce=4.7043, phys=-0.0230, causal=0.0149, time=-0.0759, norm=0.0767, lr=8.2241e-04
2026-09-07 12:21:28,063 - Step 5420: ce=4.7020, phys=-0.0452, causal=0.0000, time=-0.0905, norm=0.0756, lr=8.2207e-04
2026-09-07 12:24:13,475 - Step 5430: ce=4.6140, phys=-0.0334, causal=0.0007, time=-0.0684, norm=0.0660, lr=8.2174e-04
